feature_0,feature_1,feature_2,feature_3,feature_4,feature_5,feature_6,feature_7,feature_8,feature_9,feature_10,feature_11,label,split
2.6286673093483537,-5.107842539548939,-4.375935745652229,-1.1151398848495548,3.739803317380149,2.0834992262248018,0.9376309094663754,2.884544264801008,-2.944454262733297,0.2589919431440667,-1.6204073314715277,-0.3780434559110908,0,train
-0.7141453413360486,2.743933042508442,2.868298376760711,0.5909447451262333,-1.0345795693913447,0.6344863907373797,-0.14037496262143037,-0.4779328212474898,-4.340882086919006,0.04223729865031178,-2.0595376374823653,-0.6437505187865822,1,train
1.9326979246012606,-1.132338579545706,3.83200502880226,0.6675184076753455,3.3845917544359656,-2.0870962627484566,-0.5706014141814414,-0.9274653485833999,-1.7660048218263555,0.4647568113673391,3.1090698376395682,1.7754239491985506,0,train
-0.6187617199307422,3.216117299352887,5.822336572978157,3.549714241593475,-5.211183499119418,-3.5657635863461907,-0.18573471442863254,-3.2147903674847402,-5.208647097388234,0.21497532985996717,0.8936938188254859,-1.980234142886475,1,train
1.0685530334536986,-0.2762805461405997,2.28461711792982,-1.4363619354543595,1.7417025196648455,-4.2986648108096475,-0.6577624009924992,-3.1383648239347726,-0.15722539959678006,1.2298764106632887,1.3250449333774037,5.072215967439222,0,train
-0.7467562539257329,-3.63466179919729,-5.351258288323025,-0.581848839211939,-0.22532204375979958,0.5801977663998208,0.09757144303782221,-1.2228664248784638,-4.627168659313951,-0.61987620619283,-2.7389468572080666,-1.7879014589695634,0,train
0.2538788902797644,0.40233749214110937,0.171520889586672,-3.3470631691537913,2.1287753613180387,2.332189438873516,0.28240568705943814,3.463102329015821,-0.9532932625366053,-1.0777555843345998,-2.3022796327885264,-2.2430605371895704,0,train
2.116651985107632,-1.5182982907656266,2.8776121211890904,2.172826611019272,3.5379563224587933,-3.4359673983355057,0.5397548310484331,2.0619698458512907,-3.4965048217372647,0.42415359780235673,1.117141190894409,5.1951449836867525,0,train
2.7431201590224923,-2.3297249860247256,-0.4512756788588721,2.0052637879041724,-0.03867103420267304,-1.192671638627462,-0.49860828932097584,-4.426624282287144,1.2869828468348872,-1.0059660230984064,1.0370005575197876,2.3962916711116793,0,train
0.19984477956567037,1.8180625385844131,1.521004745361113,2.0284895424440283,-1.935907751576047,-4.335308664811816,-0.3247956757502373,-0.16916225803525942,-3.576705311325174,-1.3419725277364365,-1.6960260807660141,-0.8008292832391195,1,train
-1.2385111150820354,4.265663693312973,1.3643662659944498,4.009822002404907,-1.7566396066491017,-4.937690475051317,1.2830338272950061,-3.113670900876716,-1.1670665073078927,1.5700458170009415,-1.8662069549271998,-0.38334683978809836,1,train
2.7545067560744236,2.078319889140192,3.2550918483214617,-0.4175146355402308,1.600318283392638,-3.5984689372052143,-1.4195544135552243,-4.280914642258761,-0.19082095363506868,0.23017503004571266,2.1139820969869016,2.1783899880260216,0,train
-3.2224875872774046,3.4136256524932453,3.7174841372859655,3.502834774952869,-4.059892427897421,-3.750079597946306,0.324484571733239,2.051092784400335,1.2816989394815843,0.3291162397242003,1.9395811288082265,2.2616203888641433,1,train
-3.7530357716739164,0.10810345122244902,3.292994118035179,4.667308947123674,-2.605781436738659,-2.7606922748359906,-0.37769551306681554,-3.7449986123149337,-0.4822847082471091,0.67211181194097,-1.6845785424555766,-2.730229741276066,1,train
-0.16816731812937302,2.442601171889103,2.4910797301367,1.559719889726357,-3.252120064144778,-2.4519255536110767,0.2699510972543477,-0.1018763437479775,-4.811107065007041,-0.22217238271831885,-2.634789091400835,-1.1814274387955856,1,train
1.3260828495645094,-1.4851786524717436,1.6424063102787994,1.9127898026910022,2.1524964015438606,-2.646009341564267,0.846258982242155,0.4276460743718671,-2.296063679951826,-0.4620968771250715,2.5749233226858803,0.8364830750201306,0,train
1.7324779330777798,-1.6921475334590497,-2.0066537127840363,-4.978781172720865,2.067838005040201,1.5257684490179437,-0.7359782088552502,4.642810597578515,0.11016971821195787,-0.0540005222784682,-3.870178444379196,-2.4291626695388375,0,train
-3.194016871369504,3.94119714532487,3.36815355098561,3.2177387198442204,-1.399331029608363,-4.134819139727839,0.828946641501762,3.0443369324903577,1.5082853603264368,-0.9383828587098538,1.8994748124114564,1.5328175397697092,1,train
1.9930304718573737,-2.9098637685406974,-3.5785564677828923,-1.4149448906901627,4.1689504944813685,3.593653032608818,-0.6286903019977361,2.7043866438952247,-4.231762325942097,0.8346477292363359,-2.109416133313111,-0.6430907002002879,0,train
-2.5221761460152443,2.2760259240834175,2.149251648633989,0.8843259878387164,-2.3391476350453244,-2.6528688196158416,-0.3039141477626568,2.54875945502867,0.4271997922741473,0.03830910260205521,3.7105864966172897,0.027338732903894325,1,train
-2.500844281654092,1.1113521972671618,0.7088782211706501,-3.8161847449715074,1.2645725951154438,-4.051550390843794,0.4799862712951426,2.748946661085904,5.33402604381328,1.6076015251910507,1.2770018897315571,3.80000931194631,1,train
1.8116789871030599,-2.679833062461791,4.19931538991346,2.9205020086235076,3.3149448174543394,-3.8844724538563353,1.3433397806534724,1.4744774030416878,-5.31684338335146,-1.3288160637980746,2.4339426996489646,5.230567836226919,0,train
0.9121889380165773,0.6189795742649484,2.931191741719787,-0.15265809979012923,4.193584195011294,-0.6060509652998576,0.2855483755359924,-2.338384842556142,1.7585773005439367,-0.5082701786867984,4.664765811301699,2.750052418011507,0,train
-4.713392259875307,-1.4652947186535772,-1.9061379382137131,-0.8349554804014971,0.6274537167860776,1.3949435614635228,0.011141232000205972,0.1982855278176694,-1.3385143546938318,0.639035143005453,-3.2425617215563136,-3.0292423162183413,1,train
-0.9381007745781549,-0.49405501410255104,-1.626377700741061,-3.6238117316600844,2.2131997455892036,1.1259673482420474,0.9154198774641463,3.7098441627745005,-1.7620463470436576,0.4326662443258316,-1.4763149871212011,-2.3543211310497534,0,train
-0.10682465435215693,2.58703533680632,-0.12708408029437646,3.344952626518647,-0.4464459008901773,0.8500594976783962,-0.31664871538009104,-0.6299897877884983,-2.245910642349577,-0.016365541736253503,-3.645026968785312,1.2957097941521964,1,train
-2.125322085916839,1.422527529964615,3.024735885245731,3.6472851886065407,-3.316836249610959,-0.9662590962182984,0.839894223717326,-2.219486181810657,-2.287542510434846,-0.17352782130569372,-2.682402336649785,-1.5664383432690407,1,train
-0.5973046916447591,-1.3796550023972123,-3.243551318533041,-1.876619607015611,3.3099060868971675,2.722443129116903,-0.48730810231451216,2.603024562928243,-5.861879837202688,0.2804754373211961,-3.7501549667775977,-1.0430371374865668,0,train
4.213558133516605,-2.6861562006919173,1.409274668151392,4.20344364845075,1.3668946795682255,0.037609129012919684,1.4773864411923705,-0.8407535401444073,-2.356113603224043,0.28238211449075273,1.569129096544803,1.3554303864850967,0,train
-4.116977765713392,4.6562317880232955,4.575250123682331,4.451879599732266,-4.040297578372176,-2.9313498877885245,0.1402066483304052,0.4199743295860905,0.52494535497808,0.5958097059899435,1.736754238378687,-0.1107762209985057,1,train
-1.7773284543746661,4.782672744197759,2.745695245207752,2.596558565823229,-4.486561611221978,-3.1043672840089833,-0.8941127150753692,1.0438225540497812,1.5943107229526,-1.5216355501939596,2.9462194952609764,0.0035059134583845797,1,train
4.331125069761074,-4.0254671832959374,-3.528200910880085,-0.28302301373045835,2.018498539165795,3.7646296701311486,0.5463903535473914,1.4018984944602448,-2.4219468799768284,-0.723065191766825,-1.6630984200083208,-1.6120319023316678,0,train
0.47274519501937595,-3.975905799156208,0.09750171777108996,0.5527951943670526,0.8257577834215883,-4.849196200579889,0.1452410455926597,-2.731546719064241,-1.3395034783168736,-0.48177852956164596,-0.40559692937794223,4.104190280456029,0,train
4.034363178766812,-2.255647427697089,1.8787686708712585,2.343027531912436,-0.42592002019485875,-2.73142846127545,-0.2761272122317116,-2.502374097117634,-1.8005609844121901,-0.06954932265945345,0.8738575460068394,0.6726609117393434,0,train
-5.480485725271191,1.302609543783803,3.0319195578984157,0.693199591633131,2.8824504338924797,-3.8988299333362946,0.7704536174300461,3.9896369741249877,2.314540883883059,-1.17172029839364,1.104757325659185,1.66967320973486,1,train
-1.0052469588489485,-0.6380425533603682,2.7922380172953085,6.0476994098987955,-0.2948086324800918,1.287328271638653,-0.3231116200453229,3.014281912372697,0.5722176624730406,-0.05916757954648989,2.784712133091851,0.7998154325780544,1,train
-4.6125047202557665,-0.922367751524169,-0.2723214509636951,-0.23058852933228113,-2.2312829059969834,1.143923260430506,0.6695238891718097,0.37066940493017464,-5.056236734634773,0.7043359632762008,-1.8550804510054233,-2.8403638395491217,1,train
-0.19339690590299474,-3.8898007634991014,1.072867731808733,3.865278707627896,2.1012359840179204,-3.8955443747285727,-1.2961134745110205,-1.75247821686851,-3.1766834500267818,0.024919131975323743,2.349336236774233,5.593778406595417,0,train
2.668238424416569,3.0517023457693813,-0.9661929732539272,8.557269415471186,-5.106716062564117,2.2259623573517615,1.8640007358968642,-0.7297213100310587,1.5932783668646926,1.223573874787201,3.4103034418625575,1.8665025408849016,1,train
5.490110985061682,-4.220140432761166,1.4917091946521217,4.293956837723105,1.0273354563375612,-0.7310610391033847,-1.5262462980976352,-4.021873872675294,-5.188549397048191,0.521760492271146,0.4178721145224682,-3.0261611969620823,0,train
-0.6258632036752945,-0.621397386613967,-1.0403891270318337,3.2958975058026967,-1.5036432671441546,2.8385513851447177,-0.9141404054278917,4.197152775936771,2.75365234126338,-2.857392378193946,3.114569784056542,1.8623016845502198,1,train
-4.824731658794506,3.1859097393841758,-1.6309536094767414,3.4357759438878626,-0.2779237528728111,0.99088516652583,0.17794250964373395,-3.503003014092055,0.5000108031143693,0.1464360625484908,-5.296489826089586,-1.4878759388835427,1,train
-2.5663504092911618,-1.740015677947783,1.5362744274041662,5.246088356289388,-2.8483732227380365,4.405638710991778,0.19760195561378077,-0.6032950663553462,3.2425355032981056,0.3780097937953559,0.2403973109620101,1.3311390820130626,1,train
2.385379268917111,-5.562228890354976,-6.584612814181722,-0.23949699856262674,2.1648686487099273,0.8959925736578793,0.15338825458318114,3.0539455206239676,-2.0803699364832857,0.1430923594370288,-3.24966114851878,1.0295759417100272,0,train
0.015840617215531427,-0.4862482299650801,0.13643283138187723,-1.8920692991916814,3.36784191883075,-1.1859625874730853,0.09542925709457759,-2.2962483625162733,0.010044640901865964,1.3754789328938695,1.2861213127174673,2.638248194365766,0,train
0.9820239746800463,-2.31320286215377,-2.3296505879042497,-0.3484367511774391,-0.38039152878672855,0.430206740953891,-0.7094971176566996,-1.4169298030465547,-2.6729336212102375,0.2810572754665785,-0.049021543888239094,-2.8732938710779856,0,train
-0.4896976668844393,0.30910911905197147,-0.42721741800760027,0.47724860232847743,0.8009160686520698,-3.350098285575181,-0.5607353668151918,-0.6738952660711135,2.7191391471174473,0.42974861607275566,3.269040751824062,2.2165797091930304,1,train
-3.766263777594946,2.542800836600115,2.522309031117432,3.598845433384093,-0.6883912858870946,-2.511940045092252,0.5770104641499356,5.906088586104937,-0.08221861437287714,0.040725637678708855,1.7706820992519252,2.7784391763281637,1,train
0.5112058023238308,4.6768217482570815,2.5673112974362615,4.37273002572921,-4.093614355653043,-3.11355033039165,-1.0734274696670096,0.8330070160465941,1.4933511865122782,1.506137923682805,3.8958913219481417,1.2182938163834982,1,train
0.3870523803548618,-1.8755187682451517,-1.478984568193772,-3.2443868395073436,3.9882577593277544,2.2442513936404422,-0.9803079260182811,4.054631378315234,-3.994969409677039,1.3721344387853671,-0.38069358120673447,-2.5562421891165767,0,train
-0.9478022437221887,2.9755850844086638,2.24190451137772,2.0410064968982837,-1.7516776946685269,-2.979113648474187,-0.9574196757221873,-2.9366190450432814,-0.6405587587153703,0.44211410326964024,-1.9006622811658187,-2.643416333439589,1,train
3.0074421265032836,-1.66978201938658,3.421122661668817,5.09188582743952,2.006352063459345,-1.7241436709982711,-0.8938478993966839,-0.9123245928488455,-4.33064313204169,0.0755889306080372,3.8322678135912076,0.24451478729594212,0,train
2.341296808183012,-0.30120663283538307,2.4291239151597512,2.4164742397222216,4.089532311108225,0.018633842615257912,0.5793543120426774,-1.4146105775439235,-1.3254613725390563,1.1067943777725877,3.2971586068121628,4.10399578378171,0,train
-1.2447255666246289,2.513092650470875,1.7890482845969862,1.448585887745003,-3.0328386314704456,-3.664993231737294,0.29533578792448195,-1.8224038826482092,-2.5318278697892436,-1.324143908631021,-2.1530907575911162,-3.057466980294671,1,train
-0.5415323508603036,1.6050318812093312,2.350277492022474,1.448741176466222,-3.3566815885696406,-2.4838329439215463,-1.06014841140602,1.2418227860091215,3.567133271313858,0.34775361352043754,2.625329943931785,3.2559836230945405,1,train
-5.088913554578122,1.0288322973850539,5.264272466620866,0.8920186827393939,-0.8405404707294128,-2.1106808231584737,0.6908426126029205,3.7733836876728666,1.8290412654868273,-2.04536352977362,0.6189696791729977,2.0328366293343425,1,train
-3.6019767856681706,0.4758279057770354,1.7421914351809205,2.7427398103467024,-1.2821873313698064,-1.5745301753559806,0.33691865434972174,-2.325034878055459,0.22253285155054403,-0.16453493818812673,-4.598248549891716,-3.129774897404348,1,train
2.4784527120257964,-0.4264697083099269,2.71708829178509,0.11798265576311362,0.6542242210703402,-4.662062161034001,-0.0743950271029017,-3.814167635262458,-0.49377352641483063,-0.023564306789988564,1.9815274202157462,3.633390102665664,0,train
-1.603401964578957,3.064111587310844,3.1699032907591302,4.622614216840981,-6.133790776236486,0.5405759695324055,0.9004755756928262,1.5520283252565936,1.4710360902808248,1.25640517863838,2.0823811806536576,1.5113526797215497,1,train
1.8390023034994996,-1.8518258595431747,4.368771003407836,1.8513230985792455,2.10744127736773,-2.933249019445564,0.5297353082944081,-3.5356471428820297,-2.241338112678989,-0.47866614531626067,3.624494606755846,3.6312044866460105,0,train
-4.206489360094157,1.2827408053345621,3.388002126350611,3.485083663865555,-2.3133685437436244,0.667508492469882,0.4385967220671092,4.455857100746545,0.7730950374109016,0.5147889723188779,1.3418142832124436,1.4639160346929954,1,train
-1.7955011040068793,5.633894668230834,2.8794712984451,0.13058571220156212,-3.80010477506206,-4.454308470633446,-0.6750191347182221,-3.8810364451765045,-3.4029000210702267,0.43798983028303695,-0.19672692139179837,-4.468230149238131,1,train
-3.6720639241540516,3.708926955133492,1.8111738665441148,-1.0495308828301928,-1.8438730804478665,-3.8324838812386197,1.680675999158379,1.1168379243342066,4.936956135553487,1.4061994300328216,0.9116261400174546,2.2297136205395884,1,train
4.045599776690283,0.09406014110159466,2.7041685349223012,0.23723444902241564,1.0032782809987957,-5.530868944636161,-0.03675313646282322,-0.28315181918718646,-1.8721493120421508,0.10285083783553184,-0.3511636903569073,3.188078523527593,0,train
0.7458582418711535,-1.9249217633624165,5.64916109388197,4.927388262131778,5.851592037780051,-1.018306776848002,-1.2379163531524147,2.070087683823931,-5.477549695361965,-0.6552891388340487,6.1117992088368185,4.57713572140514,0,train
0.5336674197025582,1.8717391743927916,2.5236326033420697,-0.4518581921520548,1.0723606215601773,-3.1522711150435287,-0.4032059668454123,1.5402758507865286,0.8190354070202885,1.027356481732807,3.0348191777944473,3.8582870405298593,0,train
1.7724239754191957,-1.8125564434123231,1.4278907639343448,2.5777806246887955,3.8878974805283786,-1.309551746248398,0.4530899886823449,-1.7505223192589972,-1.3924450703264348,0.06978570958025569,2.208740637503648,2.823733354326353,0,train
-2.0883087266277447,0.04918266884629885,2.8948808763054523,4.846690725405628,-1.2765257891660955,-1.1094273445742044,0.04474850995895529,3.4691875894315443,1.9969019431423414,-1.4719028888100067,0.8152073928201695,3.597397385141041,1,train
-1.9156008391165043,1.147437857630987,0.6185618026059485,3.2956684733426185,-0.09859587892843891,-2.385021629784081,0.33409708324194565,-0.7605758591619445,-3.0616857422955412,0.21626200823998412,-1.6195282461964806,0.6434316783063263,1,train
1.1106213028945517,-1.685790283454989,-1.1007601822673827,2.744372112136734,2.7826195455267944,1.6934712252181279,0.3555798984214223,-3.4335177053745594,0.5899270984888649,-0.8784579176703154,2.823789781448953,1.0313863453675072,0,train
-2.477478219957854,3.1577910951975268,2.1135197636121292,0.23607486153525747,-2.081473134171404,-4.633940636350194,0.8555785270991859,0.44856354887745153,3.268294947960121,1.0691702272709944,1.9902093274570511,1.621792453177063,1,train
-2.6908279226797425,0.2845144483473321,-0.062444991319642984,-0.605984597484138,-0.8667396041321089,0.7905309489834584,0.023755778786504814,4.596714190025719,5.549084053444652,-1.0064133292329644,0.4440703395255412,5.7252157564810915,1,train
-2.14760054937692,1.526544280940405,0.47392291135422626,4.295668014203054,-2.858624489741847,-0.7634336802024095,-0.818344066540278,0.8692149384564924,2.4153054643436,0.6175580176515251,1.8792770207712188,1.8260999676895682,1,train
-2.9977098718825435,2.814817035253912,3.525401317321789,3.8265860529013196,-0.7059585515639908,-3.1882255230013476,1.6681298374030988,-4.399921518613375,0.16411774295198,-1.449226811612383,-1.0243020116053847,-1.6315521996993083,1,train
-2.181361150062172,3.3261666519381703,5.220532865699418,3.160985164861382,-5.504587501123636,-2.600632127200052,-1.0360378960397967,-5.170913967533091,-2.114491577314862,0.6694267011598068,0.9720309205778621,-3.85107189541608,1,train
1.7029829916934525,-2.633420271766057,-2.4520928337759953,-1.5253418417740487,4.79082119045355,1.7461209499512709,0.20648249675981986,5.000729401774976,-1.0229823147594146,-1.4589785284258532,1.8599285504153737,-1.5098195940555856,0,train
2.5536157138174027,-3.6584819094365497,-1.4307356479230267,2.987083683217789,2.1804616716743017,-1.0605171777436233,-0.8182484019069063,-2.160878750658792,-0.7779927752022313,-1.0140517112270426,0.7120491795181647,0.3147548928786559,0,train
0.07406055927783672,-0.30474383069973676,-1.9675774580614356,0.3936999913429826,1.797219380746289,2.9462282100207937,-1.3671846500482057,2.209910627896973,-4.017751643473437,1.3144891516136348,-0.9960331481518572,-2.57691193918745,0,train
-0.8373960339331503,5.061220366104896,0.19965755369500693,2.7042974835211946,-1.332723950676593,-3.951298491987177,2.3331908056614594,-2.3963894818206746,-3.0033257856358975,0.5375090426525705,-1.6074441616994637,-0.3036884533621256,1,train
-3.5554183423966417,3.5473546777474327,-0.4148038581529603,-0.22047200688131685,1.332529047192902,2.0405201305769642,-0.709647825196333,-0.9171511539790642,-1.9231996907017572,0.31262176499947625,-5.24331846248317,-1.3391553388730078,1,train
-2.7229390814249737,2.279485055914167,1.2557288291141253,-0.5103268337065638,-1.8351559789747238,-1.0136742654240745,-0.8424243576693912,-1.5712962801235948,-2.9516699438770337,-1.2102481671627285,-0.9690479601469866,-3.1890314018629664,1,train
2.9504019128071346,-2.4975995793935315,-2.9434471876767456,-2.2130333311698727,1.7857112521886447,1.3902858653300862,-0.08562827882964356,2.4006351437743647,-1.5105606226011672,0.15150444385332287,-2.1857130731774346,-2.514864979590312,0,train
2.579801558823497,-5.168369310414338,1.056636793251369,5.546077483077804,1.485461370206199,-1.2125446567651723,0.650437989633554,1.6595121076124206,-5.131024223864638,1.2423414755512807,1.7752803544596603,0.3977877695769816,0,train
-2.081143944930197,0.86741654275809,-1.0731125814950084,-0.4335092458796377,2.6840811646120555,0.08193314547637742,-0.8053479257962491,3.9616775371774873,-0.04259266593301181,-0.7323127925745903,-1.032361875988524,-0.36313311233925116,0,train
-0.46690110184699307,-0.13745956436189477,-0.9648583313034802,-0.09225860295071042,0.9477453366512314,1.7364790760404705,-0.35385950600722205,0.674862753321249,-0.9411066963471495,-1.5295465356322604,0.028262654309481938,-1.9449564726274666,0,train
-0.9436686283599176,0.1874699235055255,-0.5571895669696216,-3.109700187670301,1.6075758079021645,2.2333326886313074,1.832711776833522,3.0677786197233794,-5.794614421241979,0.1292534459636919,-2.0586200171755267,-5.168346090572399,0,train
-4.048630135947908,2.1516588054351287,6.381859765063593,2.82535584775733,-0.7917372530058393,-4.663532544869231,1.2412973457911454,4.062172999005551,0.010107293841654208,0.5631260906114853,2.3672395541916638,1.1924466406029839,1,train
2.4411550217046174,-2.54942925233007,1.9555267133493717,2.85846207124556,1.2431832574582586,-0.402775975210385,0.12775423539831393,-1.5041000494226242,-1.6946514693050738,1.0107784322400482,2.604294923127616,-0.007611383598429722,0,train
1.9784217653871978,-3.8884167449673557,0.2185790896541866,1.0120403197250138,0.9158838874299611,-0.8451314449559402,-0.41403670858743763,-3.1685920433252353,-0.3012434667620756,-1.089511723245864,0.23253322557591583,2.488509251934173,0,train
-0.3823672639960374,-3.4803883860997624,2.5068589829683194,2.1105913138760317,2.9856612042025894,-2.816900073121949,0.2088481131765191,-1.209176659471785,-2.7524860721020907,-0.20361109746512246,3.559371572424917,2.2987264572857806,0,train
2.113513919969898,-2.0660786323946065,-2.7893094075551965,-3.5701354211789242,1.9112483569591845,0.123840112197529,1.5441498737772974,5.413035503675964,-0.08005666229357056,-1.1226375119374172,-0.949389606310306,-2.804689582316703,0,train
-3.220881403096107,0.5296935455789515,1.9654209312625222,2.7642527775459502,-3.8505417345746493,-3.517219081708519,1.1098964085910143,-3.037496671575721,0.1491903635998466,-2.019699093436583,-3.5184407882655044,-4.668636530245656,1,train
-3.7710902655684095,3.7482327175196395,3.279377257770251,4.509288710774525,-3.774595557132913,0.2852262748186698,-0.44676859717404266,-6.042282361303819,0.7943378991608747,-0.3789154753419704,-2.240253135880956,-3.1535159637430006,1,train
-4.863465132128462,0.7638992853496986,1.1508164842514352,2.1025505254670005,-0.4348378500629073,-0.166143443102039,0.06204763274011139,-1.3815685052849451,-2.6753367847884215,-0.7269848337454035,-3.3401629228360576,-1.5995649511178427,1,train
-2.7471330530135134,3.7159438957257187,2.723769885552624,2.454139898278308,-1.8152671925001218,-3.757502808986703,-1.9703658416823968,-3.5520153141524418,-0.7984885233254191,-0.3309183819430635,-3.4531067926798897,-3.0381026445629526,1,train
1.039423442182642,-1.142601409681213,-0.9013952598777717,-3.573854587137112,3.2211637575163046,1.7289253887311011,-0.18759648885838182,3.1300803308749807,-0.7227835614935056,0.02138941216202214,0.8927564163556787,-3.3179538379769324,0,train
3.1490731262745206,-0.5092910546963398,1.3468161958874925,4.049070051539096,2.089781543924563,-0.38866264120223004,1.6717208804184203,-3.7420785479360266,-0.431159319039939,-0.1934918012791627,2.963173637668513,2.614318580500468,0,train
-1.6164233004979651,3.482449615677165,1.7566844340727341,1.1807589418789433,-2.91986584247086,-0.2337248052741927,1.3790987552991303,-1.8219193141013457,-2.231333234848824,0.5531452464707741,-3.9210066720972474,-2.3795042934041217,1,train
-0.495730154433206,6.548736714241224,3.753929597058738,-0.7513662003760673,-4.669559009654662,-1.5629283006053751,-1.558073327900127,-5.076146574737491,-0.8477287754672789,-1.2846444952309102,-0.7484407025423001,-5.731574444281804,1,train
0.8734473810773984,-0.4622146591114651,-2.1734832456533595,-1.4753050180152685,0.37495521716430247,-1.352608885106192,-0.5091091066053852,3.763688491268382,2.3793654132923905,-1.5298232011369317,-1.5615395152440927,-1.403174405778738,0,train
-3.117667968679384,1.6652322400487287,1.4810433270621925,3.472853137058765,-2.7060966270874345,-4.132156239020494,-0.5925194805472551,-2.5795407490828195,-1.6933392245614984,0.20564199151836265,-2.3459062363186884,-2.2370662042609633,1,train
-3.1290330340629193,0.33282741790423453,0.9777524966933893,0.4910635432063186,-1.0587155310510132,-1.2137547567754465,0.7859595006402506,-0.8805506620581289,-2.0979570293306087,-0.7916479309725278,-2.6032964853028244,-3.0111670596176543,1,train
-1.778216107279106,3.1203554037914394,4.69122453020203,3.9692729012679786,-1.4415617226327524,-3.9855384391992965,-0.6559640570132191,-3.290762700634847,-1.7393947087493578,0.8577913807969759,-1.9723692651925682,-1.023610802734339,1,train
6.4143443146826025,-1.7200094619857076,3.630095874658757,6.682128692168274,1.0189322528004972,0.5175301108714727,-0.7400009948350769,-1.1655470578839922,-5.898452857950924,-1.258842703972752,2.109633201075189,0.17103892835648749,0,train
0.6959208685156466,0.22417972847338064,0.21540456569656108,-1.2352003358705979,-0.41664433514385824,-2.769222620544977,1.4342230051115514,2.428351370980479,3.520765236698776,-1.372470183655201,3.788208243630147,4.093062399032628,1,train
-0.7151441887850638,5.18228824552498,-0.45827788183756857,2.5358782532947286,-3.481781606353697,-6.233341905316278,-1.4265987403563327,2.425812939759903,-0.27840944094049025,-1.114565989797978,5.2807017475950495,2.0218628276834276,1,train
-0.028823335440522957,2.781897730992451,4.5236833057900965,3.6542149166502647,-6.646204375403629,-4.161110042340945,0.08651149149249525,-2.7979956245479976,-4.446232901123,-0.07808817533281068,-0.10209211079272063,-2.5273625151473804,1,train
-0.7143219505139373,-3.2037963937576857,0.7494842883719255,1.7728301585246888,3.050101867926512,-2.2589791424765138,-0.03542814886522114,-3.057920815447501,-0.7843576862231689,-0.1555584339568878,2.9462160807915665,4.099642644648259,0,train
1.0149649181748808,2.119848463438611,2.905131835443281,-0.9769498666607914,4.128368018050182,-1.6928975370359787,-1.5248195347326803,-1.7042111225864112,2.129401469279112,-0.9056509568096691,3.668259735664308,4.112250023268786,0,train
4.186778136629227,-0.2245838137551428,1.3434342172217164,0.22785990992244143,1.9832444857693519,-2.3565432777980315,0.2674895191732913,-5.4758833609091795,1.214290708304207,-0.4348991972767245,1.1991041850399742,1.8318782611522293,0,train
-1.1709046509666128,4.949452623540495,0.06150981757638796,0.885538728493874,-4.087793744505499,-3.055557527731316,-0.15025985649447507,-2.665790247486395,-2.459608851789576,0.5661859305134589,-2.2513665143120116,-3.355388406501472,1,train
2.1944906429086855,-0.02449037871164661,2.6244614718554895,-0.436863808125485,1.630084887061205,-3.093338712125618,-0.4091151264511383,-1.0182857215419023,-0.41383263090791544,-0.9786745442882686,1.6800124557751261,3.0559329694382207,0,train
2.1943868006167273,-0.7564842173328932,0.15212390059350378,-3.973631048519475,3.9718074031734725,3.8807400090522615,0.3663885233434162,2.1264704892866457,-2.4921436809121578,-0.7313164388949684,-2.463982691376083,-2.7550755639112072,0,train
-3.312332568146511,2.0992912356414317,-0.027506583796307993,5.193494631735632,-3.3571881526878027,-5.3207577648583815,1.419035104339856,-3.515520791845974,-1.3910513355056104,-0.32195943758513235,-2.2134805433405207,-1.984340436108447,1,train
5.191203931361903,-6.354763994259093,-5.703317691571573,-0.5549177147301749,1.3546847290269097,4.562118023000184,0.10378851320594462,-0.904375935226025,-5.2058771014663305,0.293868071013489,-4.801027513124371,-1.2854456801839271,0,train
-1.606692294215228,2.0217346765957473,1.0820638549347186,2.4575934532628567,-1.0184152545477014,-2.7249828139173555,1.3710591742058824,2.6959399876140067,1.781163828567917,0.583396127228342,3.2371952527620156,2.1262241441002,1,train
0.6804400519225287,-3.194870472414355,-2.164437590676564,-3.2238755631931504,1.7223493108218273,1.2064739685310788,-0.2578206514558969,2.4014710454948487,-0.7709710145532749,-1.8228240209027262,-0.9082915254985662,-1.6480600133672372,0,train
4.356024839851506,-4.2942258841233585,-3.05783522560554,-1.080486449569044,0.9305498303245026,2.837188241794404,-0.7050543517605568,0.27249935827781213,-3.8835542910172207,0.4368582557327913,-1.9866555469755744,-3.7709319718183236,0,train
3.9738649695332615,-1.473810826374693,1.5328584123808646,3.0018069354104844,3.0304449434769594,0.8805610866441498,-0.6684125070788535,-2.350780481290146,-2.089914633536308,0.1805124733829638,2.8669840583720343,-2.7770392539676916,0,train
-1.2851120510218017,0.5616827333249976,0.9925450645810865,4.1436153125009065,-1.7918678911116115,-1.4352860524764999,1.5086405206594182,-0.6711873291050545,2.5854210629473267,-1.1660391238575012,2.1457447007280037,1.8508094702179494,1,train
-0.5637960721214679,-1.2291474005870078,-1.9757471097252253,-1.5798900788884271,-1.1362306870211945,1.3665968093849625,-0.5548053537637174,-0.029850579584010717,-4.062622177327334,-2.0500299138011586,-1.787340790911108,-5.00910281017511,0,train
-2.366683362495833,2.0220434700511936,-0.6302459423497835,-0.9254610617138654,0.03961953367745341,-3.4483588896306383,0.3381607926941582,2.8840994658418984,5.345469824511518,-0.6676848370145733,0.3871011774155484,5.343624322754083,1,train
3.826267036927066,-5.474962441058292,-5.289155520052864,-1.1647832323192704,0.5598572803564166,3.5942212074014677,-1.2719825402197877,-2.3376090954877533,-6.0592219552637125,1.395734334028156,-2.3598649945786043,-3.6841675903572106,0,train
0.4952177953822474,-0.5460124927140242,-1.6340608489830737,-2.244579671210684,2.2467680672694836,2.781266999966909,-0.9401466809913296,2.625058792807155,-3.620006001395917,2.005280469979082,-3.4111796720746588,-1.7257727097242552,0,train
4.609702572861548,-5.573254526779664,-4.853662322434566,-2.6343086621305987,1.0218201679059071,1.2118086484974804,-0.40706775194967765,1.9193466018641088,-0.30702141694260643,-0.5098596742072397,-2.605087821212607,-2.6443394868428864,0,train
-3.381114339960007,2.307378612510455,1.8329991106868515,2.148568568920517,-1.1176846195461827,-2.032188545973205,-0.6542004731400575,-2.9767817801055,0.28255307301154264,0.7941120145892433,-5.278112758424537,-3.3892308416723607,1,train
0.8780715937577037,-3.3784394559593887,-5.874920615440425,-2.0280627411730583,1.0768650252708345,-0.7500330994174234,-0.3899343351885758,3.670423918952877,-0.7580325739539486,-0.8515004752671498,-2.112332363838992,-1.1385517280389892,0,train
6.55429976602261,-4.3482389832948485,-0.9634826558610188,-2.5919870693482245,1.3570256408068477,3.83611881998744,1.5256912201092803,-1.3629188917558008,-2.993907832110242,0.6148832257770397,-1.7433889786931076,-4.148655505093217,0,train
3.921662038865575,-3.845392800421305,4.86884326468223,2.515910235766329,-1.4205267151984864,-5.972519030785902,-0.16775930444244355,-2.8381702355882754,-4.81503482013801,-0.06932833260474829,1.500161050803984,0.1252556347322682,0,train
-0.6446362357251696,2.1876226158391026,-0.3890433793920871,0.8263847309514674,-1.6279074775818165,-2.267042780553131,-1.1188121113341043,3.176582434633743,3.9258313004630834,1.5230920421057539,1.6354032373506453,4.994633865640143,1,train
2.302069141419014,-0.19096953678138195,2.1095741704027113,1.0290191653046,4.419671038151827,-0.0005947844012719194,-0.9716594025310837,-4.075778302702418,0.0902663704768778,-0.38294748498307296,3.1185395310248736,1.5397342696326288,0,train
4.488731453034566,-5.466851477722251,-5.618510565755628,-1.5331186421629064,1.2732685618318518,0.9886585789324331,-0.4031207919345545,1.3228658074302377,-2.0977439019702677,-1.4427410656355861,-2.460159284557505,-2.627121751151906,0,train
2.876830410397396,0.30726801165624407,1.519201027065265,0.033414415406813,-0.23374130670508864,-1.712015936837515,-2.2306039572338974,-5.434880439223397,0.734018980188178,0.27747587425268366,1.8638846637230122,1.5105304362446592,0,train
-2.9189335611389122,2.345541026637942,5.327688432077396,1.6300776357251308,-0.9742436999160278,-1.1511618591538413,-1.4069862784406435,-3.0057781258453127,-1.5177380615076284,-0.32037093321387305,-3.0401987596488835,-3.072958409077159,1,train
5.173374167180126,-2.4725961754052146,1.501737764144798,4.395202427439138,-0.19575941498888705,0.03774085729774157,0.9327751439524065,-0.02061762743521367,-1.0265241240035967,2.8243903933266292,1.6145189970344633,-0.44437395242131084,0,train
0.9090198844330715,-3.0816797961098423,-3.4943820775581456,-3.616419526883841,-0.5095365173205102,-0.7287209440270748,0.03500785417701779,1.6086113681044787,-2.013806464044668,0.9688239865885604,-2.779434833162283,-3.4848327425648575,0,train
0.6766502546665485,-2.7912423708203327,0.36034652887901175,2.30400146303303,2.0213894385762163,-1.2416109152656678,0.9502812910549768,-1.5974156578449952,-0.8946058023645371,-1.5252691171819477,1.725132808422512,5.219663853870834,0,train
-0.8180880119221632,-3.1673432377125286,1.4496556066870872,0.7502311788768239,4.378913352587275,-0.9405874704246537,0.0403578280831094,-4.1295872373581135,-0.7755355170018019,-0.4582920940744357,2.7680849974269455,5.985918175269244,0,train
-2.340689493978517,3.8784568563783948,4.331924570073239,1.4322432025809073,-4.115937764821185,-6.219605875735954,-0.007674072823537458,0.5378780468819224,3.919093869473125,-0.33496423656347074,1.5193252588626196,2.0594292362620683,1,train
-4.439454630509311,6.028285551290036,1.8059111211252397,-2.0784361606202735,-0.3324986893834039,-5.592753912735448,-0.8864203624142794,3.905561054617218,5.09083620207954,0.49893094087969786,0.1911577252609482,2.570634944825593,1,train
-0.7680139608725096,3.523487622625672,2.529974555127837,0.9221976949324975,-1.24165038833848,-2.28348934696659,-1.2128684528748312,-1.1187553883450227,-3.3592261257798772,-0.459681813487694,-1.743507796161496,-0.9440228039965355,1,train
1.209308041915199,-2.547724452950181,-4.2785523477861975,-1.0785400878523341,0.11795146082881658,3.3127129390586347,0.012887233452606105,1.216819393953001,-2.7518182146300774,1.2571528794515519,-5.5929527683041265,-1.304860472806876,0,train
0.6764975537310596,-5.534913978041237,-0.013013516784369461,2.306438508791732,-0.469934216886184,-3.376448523567599,-0.1833845152057552,-6.294429408863806,0.332734136648591,1.2730900409886785,1.4503629590770477,4.720654354017785,0,train
-3.18804336614689,4.2633736394080355,2.438440193197008,1.3371415193044014,-3.4343296196905313,-3.6057651301737037,0.5711357419795554,-5.009845231967406,-0.5917370492207801,0.2932658594441751,-0.47443175718872244,-4.7519858232050165,1,train
-1.6771909548812838,5.308003326483381,6.849108585013454,3.358795623259489,-4.286580591040758,-3.019411433488282,-0.2137195573899262,0.5583613882802001,0.6847196305537875,-0.651832171795191,2.9095371481627508,0.776065595798918,1,train
-2.992571707391809,4.15834611960227,2.176024792352749,1.9460482675817363,-2.548059858070132,-0.5859409582384774,1.5249052287197924,-3.1942959355287406,-3.5373469683218435,0.025161568734452095,-0.6601815992445759,-1.7161910447601147,1,train
2.976508671799677,1.2026616690232066,2.188053320508944,1.4604001878994284,6.192405061397153,1.1052613147078745,-1.0870521891774814,2.3684873569069333,-1.8037272181259572,1.6449115565385308,2.713402975133916,-0.226800703453633,0,train
-3.110333341865633,2.5076884409156897,1.7019623335170353,3.190158782327265,-1.1534083168317635,-0.987109847261215,-0.4198486990595009,2.3407948153804257,1.7594829215749677,-0.3727709344109869,2.208535599519766,0.943377353422558,1,train
-3.4228563601693525,3.5091111891815365,-0.11912781039164733,4.6372693101822,-0.9933942895095325,-3.1586874833957235,-0.4351623618702816,-3.0632701077588917,-2.6132807792161232,-0.15825721005509644,-0.23189555072994317,0.8973015337981338,1,train
-1.3742611226357986,3.5910002092695823,-1.4156104663244937,-0.4316805302751705,0.23627178396802817,-4.593937113367311,-0.5130642492000962,2.9737196995654367,2.7323160156972253,0.00284268633157323,2.6279562116351984,2.5257335826078187,1,train
-2.896006491282271,4.891252519779961,3.8813433594495192,1.4144279272680929,-1.877381890962387,-0.6197673500473586,0.6740893136967626,-3.7400355573163115,-2.795945586526819,-1.5139051656500389,-1.4204537065453082,-2.354207000365779,1,train
-5.922486397875296,3.7081805072720715,4.614410916012883,2.4456439511877957,-0.31028441324171574,-2.577188491549217,-0.6503007715412807,3.49150765866235,4.002591658413227,-0.22662216218897557,-0.8846553250537239,2.4155664188861667,1,train
2.4164144060718042,-4.9788636322924,-5.607117244102806,0.3607509848681625,-0.8357686836838742,1.776376941065969,-0.9671143553851813,0.48615486366608396,-2.301992365989795,-1.5168180668764648,-3.850556862967063,-2.3229097931670237,0,train
-2.1287923379875844,4.710504426452765,1.3309185113905182,3.7432246513731937,-5.595548622566756,-1.1485209020420448,-1.0833583618829565,0.16697021034158643,2.8412414466526625,-1.666123591217417,2.161563881995786,2.508562718144234,1,train
-2.383041316750531,2.0723217635862943,4.048853677764748,3.989195539218133,-1.5124680506968669,-4.942786665894134,-1.012507309074728,-4.462441012240468,0.7848864819970198,0.2172962667455776,-2.2764128306625455,-3.1401744657526613,1,train
2.1096542377224923,-1.6592678934328036,0.27489178629068456,0.5348435181653486,2.938437142551337,-2.006140340366068,0.4197944579596357,-3.9646719243628983,0.37304138449325297,-1.5349991212841556,0.49325458824516577,4.207914825034139,0,train
-2.571688085205172,2.9637258072026267,1.2135087725070357,4.186733691305799,-0.7995909930746496,-4.201036693735559,0.4833349387779674,-2.5285655734387262,-1.7371020384527465,2.315145161426885,-2.802221635411246,-0.4429799693823562,1,train
-0.9754671947670663,3.043345588902212,2.7007738463358018,2.044067524244787,-2.0638328478999948,0.4000757262357135,0.8395671618575972,-2.9878916287513486,-1.0484589739115808,0.17705972640856857,-1.7824950199811402,-2.1017103384291995,1,train
0.8468870063677707,-1.1211830465477233,-1.2822578711894692,-2.6112311091311247,1.8836018050852064,2.6129348881390886,0.06490067082686034,0.4076504453700869,-1.7774850265527515,-0.5710767998614295,-2.8271601498606307,-1.3311665897385583,0,train
4.080415732075554,-5.419978559037374,-7.573276768631614,1.5795269742928357,2.0071695928822115,1.291314111965682,2.5663887507223904,2.9083868971498776,-3.0799726717735227,-1.4783045635851584,-3.514728245041545,-0.44836557034100055,0,train
-3.4529555803982506,2.2734523423311765,2.0056230463202067,1.5065230039942712,-1.017184893111351,-0.05010077261552093,-1.2991939186543535,2.423600663451422,3.0546212360446323,1.3394917957405135,1.0326843005172615,1.8404754988960546,1,train
-3.2277203575980282,-0.10220434115557353,6.531299741738639,2.103496155088134,-2.9717251303002286,-1.89560648960484,1.701295956896552,1.1357764460894275,2.172661907780862,1.131496978431002,1.2673719943101969,1.2947873198678779,1,train
3.656473854249905,-4.995939488742082,1.7825024119992994,1.8788637241920325,-0.749837965657421,-3.092304786862531,0.9312600217594433,-5.53601594039872,-2.2559769788361628,-0.38047343582080645,-0.7337028317225451,4.12022171824382,0,train
2.84381428665628,-1.945323281467626,1.047528085725204,-2.7798810650477384,2.303258318237513,-4.111982087449242,-0.5183059374792187,-7.0612514550609795,0.1973624081130958,-0.4231502336457258,-0.47661953507501176,0.6088878986919095,0,train
3.176867041726812,-4.030973277426149,-4.392581261166152,-1.5010564738997818,4.707687834486311,3.030370966425363,1.3930827086924826,4.533182795665222,-4.03735890937932,1.0143088563447034,-2.374596200364029,-0.8090591711258608,0,train
1.11799322083196,1.9325166025769942,1.2096400778148102,-2.4819708867855645,5.1895313249914325,1.0541198035401163,-1.6052572094155562,-1.7410598381947453,2.199135236912687,1.70467523986918,2.4657350894408485,2.004247009858982,0,train
-1.162878562497879,-2.395070239152075,0.5811710120050577,0.5899426659331586,1.191931312176925,-0.5165592219833004,0.5074281410128859,-1.812997013919192,1.7148617573656195,1.0331215364737891,3.7136502620536036,1.5204511313531914,0,train
2.377136699775554,-0.7292783022068969,-0.4093257908436234,-1.1165282566432986,2.9521970140064804,3.4653806229597754,0.1258332873906622,0.7401490936279636,-2.8732255250419643,0.9439752948100346,-0.3622479291306493,-2.43301680934489,0,train
0.30389102140803725,-0.12444617626425414,1.4367512452440825,-0.717573582868686,6.493655232618753,0.7490677130039147,0.47651266350086885,-4.072267314821393,1.511637276566737,-0.5508332596568025,3.891139917602801,4.559260765746973,0,train
-0.8166327736997401,1.5995171708458875,1.4877786900851717,0.84798136394697,-4.153581578897282,-0.9159837382744185,1.5287901172766076,-0.9327892520671186,-2.9517219299212547,-2.709558394353192,-2.9937496735937676,-3.331568286509982,1,train
-0.8326842862998325,-0.39277950576793597,0.5599378313114327,0.7740877767175542,1.1844203882125632,-0.2948108471891635,-1.0362139347612689,1.4792328084623807,-2.3490484614985423,1.2252524502457685,-5.166753756877613,-0.7148153110135658,1,train
6.635401246627676,-7.4807319490819335,-7.105554462326359,0.27828091730581184,2.086921566798966,0.8749882531936184,-0.7892962679228586,1.4358729683221894,-2.50417532007645,-0.06361170507645879,-3.555880576953218,-0.7463018151260383,0,train
2.009373596082077,-4.548158652120746,1.1559142884177698,0.999775814296114,1.0600102845749522,-4.029263288067504,-1.251317160139258,-4.066138009879654,-2.0988311644175415,-0.5593982885757939,0.14628032494682985,4.9596780676931775,0,train
0.3603595744694359,3.3371618485410006,3.6119582716626084,0.61528684520835,0.20756123889458244,-2.9622500691505955,-0.9066679476847607,-1.475523906544581,-2.663016478869806,0.2600957011463023,-0.9057031443193515,-1.0756824133237417,1,train
-1.1710223202115821,2.8063646105396023,3.4403049224452857,1.593049751390953,-1.909789421429374,-3.1667545458371515,-0.6642591741313022,-2.795120762672985,-0.9697639815411105,-0.34853315020257286,-2.1466578482269316,-3.047277177599434,1,train
-2.3154988628225013,0.04307451219813618,0.6923047289859778,0.6229594969362764,-1.8168599098926823,-1.6805865932091832,-0.5133546105198351,-1.2394428702668465,-1.4224278361087026,-1.2100727950734484,-1.8035019366139626,-3.5606290261405853,1,train
0.11699120249391948,-1.0740414893167227,2.8306598051399368,1.43507099077398,4.861379171235223,-2.274183229248506,1.9570254688703537,0.2996834721914605,-2.2300256478279943,0.6628226880015614,3.8101816475204227,4.331924047060848,0,train
1.8063319774044264,-4.1003676136678475,3.303745530707289,5.513379345678532,2.2327952491998984,-1.3077861643410402,2.2810076145213034,-1.24841815081126,-5.322226318624347,-1.521441857763283,3.9970857500865113,2.1529690427651413,0,train
1.0125847274717048,-2.6760356764740765,2.5351685019977523,0.8798502752920847,2.6100600715317808,-4.382514292382522,-1.076201624322097,-3.0628308812365295,-1.907334407790811,1.0521008112304053,2.3252486838978035,4.963216283144689,0,train
1.5148576489307835,-6.590986967932882,0.9204158270654075,2.3399555021989698,-0.892450763417922,-4.707329108195049,0.8260049894625002,-3.47530697403552,-2.1926792630005076,0.2512040630845421,-0.21786152104632972,2.4149487437531088,0,train
1.4704187947659877,-2.0453080931372427,1.651480093841203,-2.1231105582126304,6.76654959941966,-3.217518689328981,-0.628550170296838,-2.2537110471772124,-2.5203184707424855,-0.3364613894273454,0.2707704863260183,2.0864261872789838,0,train
3.231209742709141,-3.145112691212853,0.8946836264116977,3.433041143177718,4.012223347467408,-0.6975635758934131,-0.6983202730520661,-1.2987818279415393,-3.0623950270234026,-0.0262741675212873,1.551056622104868,0.7760145497272057,0,train
3.029532883243226,-0.32863282028396035,2.605468810714256,-3.6890034325087084,3.8884568653796947,4.936889616175609,0.0757757916071085,1.1918211710825188,-2.9070134672393833,1.9852667847250351,-0.4166911456501212,-3.632694897466296,0,train
-2.5500076125987285,3.562131727451052,-1.097787522080384,1.3809237599028235,-5.268025491175817,-2.7085106872786535,0.0040338166273482965,2.584303602858376,2.495979002276206,-0.007670496674793048,3.098517590775446,2.4568189356730903,1,train
-0.5023071963798569,4.35776469125862,3.7453916085278154,-1.977574939852496,-3.8557138688315282,-9.154278504957627,-0.30912632480831215,1.713329101927258,1.5938848471693914,-0.4914238418674163,4.940099096611096,3.0925288804304674,1,train
-3.249927847120736,-1.5820066135127941,0.7169607188295322,0.9518986569581813,-5.998311524404032,0.49002465345046264,-0.5401595457445058,-0.0496655116948288,-4.128239811932552,0.5331747274691692,-4.189306897115944,-5.009588064743336,1,train
4.86394126756406,-3.820075106676023,-0.7972463691422429,-5.0425594316962155,1.369451894153848,3.8379504221270997,-0.47029738858147285,1.1075996085915243,-0.6773773568174557,1.6244706164300526,-2.7042100110595726,-4.087479778061967,0,train
-1.28339579205019,2.694554975966859,4.1572916847286265,4.386617544305238,-3.909469682038002,-3.7952093933183724,-1.2247622045929039,3.0431527488624495,0.8919490889833905,0.6352020067449311,2.8709068842189582,3.3724556778607258,1,train
-0.03217517551261784,4.27828558874176,3.0566714938509287,6.794090079028951,-3.4158229027424674,-2.2180833133998297,-1.9778800021226899,3.8934210680260293,-0.05530001973400722,-1.204822280553723,4.292075364890258,1.644367636326634,1,train
-2.4593233115384443,4.684722696890049,-0.149917929137366,0.6286876425842134,-1.5571296165565731,-4.478619567317573,0.17298316874496233,4.119985536192073,2.9224037153209417,0.24445977837412666,2.5378491923543023,1.5924536346437579,1,train
-5.845765239067939,-0.5159792796922318,0.4496798180134547,0.521139643725401,-3.69052505940995,1.666328286041899,0.6553311334681868,4.766973490764223,3.066145496370436,-0.11621103184588921,0.31426446337558733,2.993556887685121,1,train
1.9059367147794526,-2.2420736471230662,1.1580337835266832,-0.3378368320545113,2.507623092154056,-2.872421710277832,1.2658641937614747,-1.4775919679975398,-0.6480424367588269,1.895963295461261,0.6329372331299525,3.038824984597454,0,train
-4.331243479248935,5.1829013584036865,2.127147061260032,5.8851310777008,-2.5610155112278514,0.9145056708106996,0.7131670440717344,7.15392244150916,1.6511401582050613,0.5443102264447989,1.0722425351000011,2.3924858168496423,1,train
2.242675704085757,-0.2692823012959511,3.006565859377089,0.9388466803026478,1.3972488288923843,-1.440545862584611,1.118043318291688,-2.652889099662808,0.7070836924226613,-0.8277396565981492,3.404794995804627,2.358142459751596,0,train
1.720827980061918,-2.2418662458298177,-4.3470201773005535,-0.8270305404256282,4.184763158085214,1.4577460979411316,0.5334355406138761,5.116959552609666,-1.9643129068297132,-1.5541584324651725,-2.9657776715521855,0.6289256004003749,0,train
-2.9842311663881365,1.1453764293062916,0.06903766922649535,-4.2600201867103396,-0.4086028261163359,2.6519133188317623,-0.4985087022126598,1.0246218441388029,-5.37657443747176,-0.5784790344331403,-2.9199665357789386,-6.057617237991172,0,train
1.7654311214763876,-1.3289609885412887,2.3956955761575944,0.9377910504780465,4.463581274043393,-1.2450180649244573,-0.6789906515225858,2.885233305021109,-4.436409709902655,-0.26883362521583803,1.328600857219116,2.5484811281662254,0,train
0.16886401780810045,1.2529124961803837,5.067177542620309,1.4388481682876846,-4.387493258227484,-5.445832682126818,-0.05991827128664112,0.08363677389581525,1.0951313646595577,-1.1708689573922662,4.1443759699590785,1.7561972031396742,1,train
2.4900948930744375,-1.9373569876228478,-0.2291250256002324,-1.236730335777214,1.4493940335443098,4.377698659821903,0.18214726058842537,-0.7635826775326322,-4.677404680012679,-1.6146670585518763,-2.5026501068125246,-3.302035381040728,0,train
4.0760317357964055,-5.558693941100016,-3.5151979404492835,-3.1425457398350645,1.8117899162846083,3.0453866061794743,0.8429411339728057,-0.25178358794487776,-3.3275137323757056,-0.010498894335722032,-1.4585307583547285,-2.8681949515458136,0,train
-3.882488990603651,1.15734526207691,9.667467483714251,2.8118754489837503,-2.757599408581173,-3.236007889789074,0.4326709440407303,2.920735276512174,1.0384996029366713,-1.3866490361275214,1.0120535832498507,1.7868503616080549,1,train
-3.2496837217783447,0.9921688833836682,-1.4582678017873842,0.9651955345688223,-3.5994695126369844,-0.8929881797027066,-1.4210619486217912,-1.039519414422404,-1.8555830102801376,1.1702320871468226,-3.772234741455245,-3.6398379489928008,1,train
1.2962171303167247,-1.5226261536010899,-1.4905017604343085,-1.161306538329196,1.8144719953964727,2.0807497486241857,1.0433739301404035,1.3309246274805107,-2.022444946468003,-0.2256911153767995,-1.7342355458287038,-1.5659251895488673,0,train
-0.7621140007849365,3.980121770095287,2.5303582158064417,5.32297567475557,-4.709898801265458,-3.361540859817895,-0.8172954688632389,-1.0572399802311883,0.500741704964796,1.4336696410697227,3.229720201266786,0.8141559336555733,1,train
-2.2724455610791443,2.159278534428902,0.95997693196003,2.0340405599750087,-3.0957425432604913,-5.595986616982518,0.4786705063361558,-2.3604915854543647,-3.8133258863253285,-0.5335044805554852,0.4597539142287457,-2.9144080276685234,1,train
-1.7910570558360013,1.8450500983483198,2.620546049710241,2.3046025419241856,-3.985944678691064,-1.583815702446024,0.8206998817834957,0.8855215135091383,1.4336730920271297,-0.07578301621444042,2.847474158225906,2.538615921512066,1,train
1.5400398409253773,-3.9584404191348943,-0.1421378679437022,2.0523580855878327,1.4344191835743634,-4.702332945063356,-1.2325625458863705,-7.239916262903692,-1.9766950483258312,0.06185897952646018,0.49188228544857315,3.4401512882740413,0,train
-2.967332358766934,1.7294831518424703,2.6855436423192147,-0.30077523652514904,-1.0858497065780537,-3.7790673735125253,-0.559849042880918,0.1286126546300994,3.3334449613686385,0.7847184035151024,1.14667729663464,2.0382251953675907,1,train
-2.996667739358674,5.642930707729321,3.5368992700510917,0.5570076618340458,-4.0073264622051035,-4.639059294226205,0.36893977810061657,0.7660153796929952,1.7326581121504459,1.088434625020181,2.529242376757937,0.32242429255428373,1,train
-1.4499586482703866,2.169713891808958,1.7656693007891586,2.2076329448849177,-0.7817763070618995,-4.227643920210156,0.9340978490481018,-1.1147207214066746,-2.601600841843197,1.34236800141451,-2.1381651695467965,-0.85727657477832,1,train
1.9867539855702767,-2.4502884263415616,1.8690186685583519,1.5408984712470817,3.9305021581061252,-0.94186909951785,2.272752904710927,-3.301640768658652,-1.990314554267359,-0.5408313889214275,2.7469241990598388,0.7794495544543316,0,train
-1.5668293351973388,2.3679615270237404,2.715847996295451,1.2640135337582763,0.17406695088148938,-4.352340990460672,-0.10279620920931093,3.1112852932498267,0.36642835101332283,0.14010851183475145,3.5041162841958426,1.6312889480528072,1,train
3.1470338703020175,-0.633626109185061,-0.9356367982944112,0.5309979502616056,2.063356490068877,3.0639114269566363,0.12423448077678662,1.3914088601294334,-3.1022475687098887,-1.041225350190522,-0.5281958228836743,-1.9108073267683587,0,train
1.7256582791720794,-2.554703014423462,-1.755955432680864,-1.1469343221299162,1.4007901747162168,1.8394221506902708,0.23382073655971813,2.3378662932015692,-0.18019972216932922,0.5190356838376418,-2.2053791572969264,-1.4364251792798868,0,train
-3.0289273929051648,0.08325722317537165,2.2108480704342637,3.092292522635327,-3.087954491005771,-2.064447777105105,-0.3182243848077391,-2.026109228781077,-2.072382679248165,-1.0679892025384488,-1.7288378908173847,-2.4622430524473184,1,train
-0.40137504902666565,-0.5659940244021788,-3.688045932058803,-1.4591813053313467,2.6684106865398327,0.5531452392183913,0.7767181656649329,5.727822560846823,-0.7511060857062526,0.44722847748007033,-3.828363597909683,-0.4328479702367285,0,train
-1.0402361540340144,-0.34494427473952616,0.07884411770437039,-0.3742097883078608,-0.7336507376978467,-2.908273628128534,-0.7998417995532512,-1.1126536136162901,4.686683939832573,-2.4304890221541764,2.0870549203945576,2.7034789176308394,1,train
2.9244986811633455,-2.436606544324868,-0.7548204303949078,-4.175991943697117,2.6872521408199366,3.86307407289757,0.28652704725487765,3.654742879531072,-1.5631399965372186,-0.3194666898194399,-1.3886338657482589,-3.48661964159827,0,train
2.359418289366744,-1.7980981001579925,1.0658609503068186,1.4368223399954274,1.3683917966595684,0.20149856142137423,1.2890261434719616,-2.8248510701039047,-0.1891700228853268,-0.7377147734144994,1.5128433365421188,1.4419849227590653,0,train
1.9323927305104343,-1.62949359262839,2.283193128341302,0.05844389907338243,3.17113406249043,-3.0178013389042393,-0.3260160707409146,-0.6323551049298319,-1.8148425383393803,1.9235508631581428,1.1195966933103114,1.6335614220288739,0,train
0.4748554571033461,-3.614694635200372,2.346802627901078,3.7916324740772387,3.668906497077333,-3.6756577361045553,-1.541536676082062,1.2656933423330887,-5.5498113720524,0.05472869538699564,2.1918753555850468,4.294191052355275,0,train
-2.5118386881652843,1.1976794053726285,2.6189223169796865,1.524424805055931,0.3362139781912048,-3.122703880439427,0.26734653411180787,1.6931059141590028,3.3733860528559907,0.8418087713026717,1.0060690375067227,2.218919135840481,1,train
3.480966716930273,-0.733250370811783,2.517690501082451,2.1149248140728467,3.233061611477587,-0.08934922922603317,-0.6458033083706162,-0.15201953412040714,-2.4286621817483396,0.42453273045569007,2.0508543622438475,2.3989147762770493,0,train
-2.2338092654420145,2.699462523655191,2.5384902584312328,2.0297224906080835,-2.3595902971965343,-2.9512360135511106,1.442461954363713,-2.9090269106830204,-1.9402168848034589,0.626592262034093,-1.6500438091259455,-3.0282119357308996,1,train
2.309293662777436,-3.3672874026897923,-2.753048229367851,-4.028270573841088,2.526228292871383,1.0072789669679245,-0.8759088721474879,2.111366375941851,-0.5533462963896829,0.5916393022605295,-2.1123798729154433,-1.4516435453794234,0,train
0.7619543692173028,2.0287055430785927,2.6485452033337746,0.9619436858416763,-3.9879222407741626,-1.0914047493234689,0.5085369508297023,-0.4401101450927669,-5.635745547643774,-0.3203470638387828,-0.5089558500653273,-1.7867549305673145,1,train
2.7113344109398265,-3.8911132292829924,0.3258432165031193,3.6286764469832677,0.8085140625190388,-3.015329167774376,-0.04809456982779634,-0.6971050402872141,-3.5131290766262655,0.3829327549836197,-0.4890424589230782,3.4136233121751056,0,train
0.0922734055866985,3.9029960069681104,4.49362581465542,5.18954700476916,-4.303579012671701,-5.9911861753755735,1.8752659069668602,-2.6480436948334205,-5.418511803746249,-1.1671140258763038,0.9373436212472237,0.5435446693729946,1,train
-1.2922837757059178,1.591783662452563,4.469771334418249,2.883847541957758,-4.4468245223919975,-0.19375248619434338,-0.4578451900457112,3.97790850912481,2.6437647369868658,-0.4488270315856895,1.3112720689277517,4.215500536993234,1,train
-3.283765625459932,-2.333630440771614,2.091817908132632,3.9613756006141334,-2.4754077114210893,-1.6739123643796652,0.2454775005575998,-1.1923309338218455,-1.418553163514584,0.3007528500222108,-2.713920800958061,-2.225083029241773,1,train
-4.046796838799045,3.8063247430874076,1.284179164413834,2.748657773287978,-0.9531770703475579,-0.36823930994503673,-2.2688239459419273,-3.8455750152774058,-0.8700884901509685,0.3737705680422269,-2.2421642381416342,-1.550055227905942,1,train
-2.225747478574239,1.4315161474863016,2.9289051596081443,0.5426484009848394,-2.244845997538399,-2.197552910106994,0.03690096081029134,-2.0235084943356045,-2.2804975445388855,-0.38013591428295235,-0.9849266853438816,-3.617089154948527,0,train
-1.650723458082377,1.8387480214867356,0.31750882996213603,4.517487602573517,-0.6165164760130264,-0.13896695026642858,0.7707688304161038,3.8772969031181965,4.050866629602126,1.83911789635039,0.32199306186561993,3.8279887779482147,1,train
1.4256368449895636,-0.6292742913632738,0.8216695820867106,2.475046611557507,0.7905564225937183,-0.9430327471006872,1.9177496152163722,-3.2669179704038975,0.6972532571981893,-0.40739628681781626,3.4855447009444447,1.9596906303966515,0,train
0.6337368981280245,-7.103713213124466,-0.0831305447360875,3.9725880383520176,1.7066855971257824,-0.667657640321434,1.0359091306290733,-4.56302943521477,-2.9209054650710256,-0.9403245875414266,2.0377856785813298,1.7973886171184679,0,train
0.9113643791114001,-6.075195909092617,1.4807133275223796,0.8031450808978431,1.2481445392285182,-4.002412742646749,-1.3988945568517137,-4.313751830234889,-1.9922281349449518,0.2057299278892008,1.0550464498406786,1.9700993172189682,0,train
2.5838224576673143,-2.290028043078991,2.7694657287292777,1.980109651183903,2.1796642872441665,-0.45309702961538,0.04193507782712602,-0.8339338815992343,-2.8007916293036446,-1.7353993363653262,2.2407288615987984,0.12981231326918774,0,train
-0.2824637408662045,1.1519327636544654,1.3624248204149523,0.0861578609372704,-1.0314571465009101,-1.1251134061052557,0.6776599430286863,0.9034628355739573,3.48608430111797,-1.0891674933538955,2.3142344501815506,3.071673525383173,1,train
3.2775402046314532,1.0444132871978438,2.9978586128123603,-0.6100671452894089,3.1169109992947326,-3.2485297224457477,-0.47838582087668324,-0.7954619616761889,-1.4208731969785402,0.3526611272991425,1.330507241343192,2.0388729150478575,0,train
-5.283927003374737,3.3143568301431587,2.5118245074937757,0.6379067068311703,-1.945452440601242,-3.4084244268507815,0.372219455416705,6.365585063990748,-0.617746979101276,0.2689391216412736,3.443951683806202,-0.46765446122172216,1,train
5.11396288909002,-2.7807817469468934,2.1769290107175667,2.465160518564734,-0.060083781620822396,-3.3958296454433543,-0.5677276257935238,-3.5423952095157487,-2.5604608187028077,0.25131816512419164,-0.42312182089458483,2.215606890030899,0,train
-1.9665598668311488,2.569787520639087,2.2727344038528496,2.9383940015776506,-4.336247043881839,-1.8963025582463655,0.6806244118424751,-3.0951372637585908,-1.6932934959024166,0.07658104556989384,-2.9364360455813063,-3.395386253839307,1,train
-4.411350069904756,2.987692529029011,1.9541137307119247,0.9887996748940373,-3.0242873599119293,-0.7054016161131262,2.5617787755335573,2.685812441193616,1.9493437712035722,-1.0704468839046857,1.4996497405423943,1.9307269463258296,1,train
-3.30744864816399,4.552719059738934,2.797883976961084,3.23807359617566,-3.758016115196754,-2.4757487967250857,0.9486264598386392,-4.931857128784056,-1.2374981405351826,-0.1614421717250202,-1.0523324610462563,-2.811857943722606,1,train
1.739827911115808,-1.7604205449741346,3.2166954173308713,5.185135246870958,1.3563978146445979,-4.305896836641762,-0.9032687091804597,0.22180017295561516,-2.7167642961106444,0.8291317156188686,3.6118792919705003,6.033917880667536,0,train
4.493935848842496,-4.221306360816323,-3.8144644548298237,-2.24379466595821,3.762633163792707,2.119851007290847,0.5665656199474427,4.405712381790456,0.2281418735870946,-0.2913951056465513,-0.3485715933417719,0.01124270089338486,0,train
4.8497644380113485,-5.302362279307247,-4.51008996245227,-1.8949232998171373,0.26016269350898735,0.7703469614603766,0.6286285144622228,1.1342018440595345,0.017114762276111417,1.2900158775943602,0.2397141867989956,-4.273786384686028,1,train
0.17951057741227805,3.776103830411188,7.835239649187398,5.39068219679402,-4.957308303265981,-5.713928689579266,0.3226975386105993,-4.88160166843846,-1.5823915064708807,0.8686278254692573,-0.4475649498086045,-2.201663339724186,1,train
1.3406162108592588,-3.964556207816658,4.576882303395376,3.0637943337630427,3.053012206049826,-5.866915604521282,1.1257630906538767,-4.271757226405464,-4.457460228956315,1.4563872643533087,3.630711794812351,4.380996386363991,0,train
0.6008285637431774,2.484508043700881,4.320898992584503,1.4000282614758999,-3.500866178342464,-5.881313891109201,-0.5669108090574285,-0.7350018219505483,-6.104333986645857,-1.7529929054322106,1.6945131754390874,-1.2289163941954255,1,train
-1.2804554379132327,0.35466331596137657,3.5270139336068915,3.903194887805544,-2.489462580386697,-0.8401490185151606,-0.5926186451424653,4.075073185744156,0.8615765398023323,-0.8335787121272024,2.625346046765385,3.8183918035477733,1,train
3.727514755754783,-1.2982763105722654,3.59462788805544,1.6259131146319918,2.814475053607006,-1.7033520704438485,0.6549172699750889,-5.415816306395325,-0.9030236803199831,0.3876810894160127,3.074990971542814,2.014488283241257,0,train
3.769337556205435,-2.607870796368738,-2.821570065738378,0.12663051025438454,3.8224632904056683,2.8044057768272888,0.4453360522036588,3.4399117560236636,-1.7397205601615156,-0.651464950656731,-0.8613586104772344,-0.5998409066167134,0,train
2.4287331898514597,-0.8701310574468455,-1.5081854327146083,-2.326247260270788,2.5729864683149093,-0.8245276976376816,1.725888249615847,3.22888893695539,2.47516365017463,0.5383102361680248,-0.1658517527833525,0.2213119201767979,0,train
7.577053492577963,-2.66741343920248,0.3276180785800187,-5.052433806126318,4.624049267983235,3.1794000590046525,1.6149056482831212,3.124642923958315,1.7753848588887804,0.17945801833503183,-2.068607240673069,-0.9308660403682003,0,train
-1.9006060553723803,1.8553675373310754,-0.20199012947646455,3.2005658227640543,-0.7718144703968977,-2.8522138639946935,0.6403844349725304,-0.8950065451248261,-3.8774823941279424,-1.1426250140760628,-0.687757418359187,0.6891065142298323,1,train
2.895693317209468,-5.083018630736413,0.8988015939381437,3.7733672528773976,2.462597864054047,-1.387486261761369,0.2819483273439184,-6.417876572506051,-2.543807352714502,-1.4225544940552683,1.7715968650862135,1.4966087749064299,0,train
-2.6518677188220754,0.34799338173173244,2.2096305688494593,3.7260033290007826,-2.4003397469761363,-2.1052850311022384,0.5338815479915777,3.8059380635637154,2.4065777382865976,0.19465701508004876,1.3027885774418744,3.6934034237077906,1,train
0.04297216024775263,1.2800875887923144,-0.18509426450943067,-3.7760292992592586,5.613593612162846,1.9487143071271595,-0.12721089460135698,5.684562036633086,-1.5209228794226182,0.6455669282594818,-1.3079607861361042,-0.35230641081440006,0,train
1.384989014599832,0.30343336415405764,-0.4624503585245774,-4.082765052727576,1.7733528761684656,2.6960323439956446,-0.4803374066961084,3.0038374698722596,-1.0127470311564362,1.1647669648350683,-1.1281318544476586,-4.061808254092989,0,train
-1.1250574051298174,6.6195661097033085,3.3604374870931752,4.313277699079356,-7.531544685573256,-3.363526721457652,0.6575372625754398,-1.5656638327457326,0.3006544191345961,0.01294450330154012,3.838662232315087,0.19583200538525425,1,train
4.925327756722211,-1.2224880729231153,3.475319219849668,1.107751078112077,2.3533581261449923,-3.751385012762756,-0.6326077538822914,-4.104419225219183,-3.8429842579292393,-0.3075410710036618,1.1693768297935105,1.638286777676993,0,train
1.2558987489835411,0.48186657623923246,4.134443924082503,6.382686615799006,-4.674853851829764,0.8624966366718985,0.3821368589920056,2.1977726313413344,-0.1368751588927002,1.317314608987592,3.9623563473005663,1.780937555190053,1,train
-0.24927385783794676,0.6485155008942836,4.012034716746623,2.040939983432727,-2.077468104874687,-3.017537130943184,-1.2730738194486344,-0.07929557612318039,-3.886678224424208,-0.005153934328177835,-2.4732246938777998,-1.454025258700253,1,train
-1.3868453729829087,3.266704716688686,2.557860965605962,1.8582340822519612,-1.2807652316986635,-1.520594668795209,-1.0103158898896136,-1.9983173602980078,-2.3828228850162603,-0.873220275373662,-2.023782930574299,-1.0744520182816344,1,train
-1.5941801632540962,2.0230126321491584,2.237646353666482,-0.768625847310703,-2.525573478688987,-1.8241119748844514,1.095178247944574,-0.42447113105823364,-5.142776879310983,1.0517712772580312,-0.5852021854525888,-2.720180304822729,1,train
0.7471625987678256,0.01950858203047101,1.3375318700990766,1.765945892620067,3.521468090490713,1.3335993278343268,-1.1500955021122123,-1.257072136967944,-0.17712275456823345,0.48448573626884617,3.9078984361234212,1.432515920382446,0,train
-3.316712682722895,0.41023694168007285,2.6156103484121616,-1.6838531093824236,-0.010297305519601174,-4.523442183050671,0.04891538287157213,0.41064954270647114,3.3327506103811433,0.1410312012704821,0.9975113484194769,3.1827850628715546,1,train
2.126079123693965,-3.348762958205028,3.2575125749435934,4.235913894206044,5.596293055770351,-1.239785286473543,-0.2223239201267361,-0.6840433496340201,-4.599180601443867,-0.8633152697132555,3.358569203032722,3.0682751600946,0,train
3.87294135283437,-3.2321518292719644,-2.024379622238355,-1.7866975464438741,2.6778200446877802,2.3328810306871706,0.34878806333270457,1.0055061653570436,-2.3539840755524937,0.07920156404875402,-1.0580872173441986,-1.893574674767241,0,train
2.7593264774478072,0.12304358970053952,2.373506287438222,-0.13095420516115963,0.039285690910312976,-3.070644733114708,-0.17914269402804228,-2.1147130817212525,-0.5792858899919895,-1.2161823809538248,0.8439171205168552,3.645633299613772,0,train
0.4702014319948271,-2.789728794347415,-3.1786025137129994,-3.8281082005112976,0.7088113648556396,3.1080581462446353,0.31274142587893056,-1.0569032273273056,-4.580914994098766,0.8391112596573205,-3.3207987363770055,-3.1791655752084003,0,train
-2.3653180495714463,5.6037153592598,4.626021076852747,4.9357107394290365,-1.796408975227464,-6.0840631631589925,-0.6200049005474441,-5.985181002576468,-0.5891778769639626,0.3841457345109465,-0.7494823838707074,-1.7504384448986468,1,train
5.193509287193093,-2.6615220009830023,0.264468400838193,3.2567666753831066,-1.1517939225672444,-2.431905425058962,-0.29681745543869364,-3.5944386237695,-2.332706353958446,1.2043571533911237,-1.14670129195191,-0.21902794011650695,0,train
-3.271830859186363,3.849147320450115,3.9436873828545824,2.116250025093575,-1.1781007125698175,-1.8154016797005932,0.0056525330516520806,-1.9947315624859914,-4.946916599198481,0.6719313152536165,-1.3104277168378866,-0.265504817867656,1,train
-2.639329573472214,2.9803546020621656,-0.11343572001226132,3.447978648305074,-4.8541976753116955,-0.07506132393327292,-0.054752564278834244,0.4251183183523237,1.3120947961732097,-0.360041194987454,2.6981839762533553,0.4714540773595344,1,train
0.854201355015686,-4.587573673690357,1.5772473154422986,0.9860605471697939,2.2877712082663684,-3.686711872382171,-1.2718008860225174,-1.5978617761156584,-3.3711104821867695,-0.35873457048973983,-0.0815648126367563,4.185181036635616,0,train
3.2076705890568613,-1.5368131334789608,3.6232929543962418,0.9082017931241142,1.3152319048321846,-5.30966012172698,-0.661801100913453,-3.0154141736859374,-1.8576659407885499,0.5450844949383539,0.5559482531337032,5.236812671785571,0,train
1.9117001343144508,-3.1798347092333974,4.432745164333199,2.2137091922548398,2.6150975460360657,-3.0560707923251624,0.6797821300628828,0.09911988674465144,-5.066197782755411,-1.1788071575713805,2.3920442313997903,1.817219310262687,0,train
3.697993396075895,-0.35343204831429786,4.784952954752296,2.399928257398544,2.052433840465793,-1.9113149660211715,1.0595453649871984,-0.711047499774446,-3.3754616400893322,-0.4501952214573341,2.672049740825692,2.159280232141774,0,train
-4.087378148238839,1.4982605496548707,0.3091402387896063,0.7315417257870835,0.8760479700537473,-3.0941639804195065,-0.47529383933361247,-2.107441576752809,0.7341226686942224,-0.7401383395639708,-4.067004321256124,-3.391279092748695,1,train
1.9517918457555155,-1.7212598255242384,0.4508867031778516,0.45600221243239725,0.5494451507334326,-0.12685388641038875,1.0626349546493363,-2.483955694212847,-0.7962983077211958,-1.0898321553936776,1.3700671108852842,0.15763837850718332,0,train
-2.0460578603570987,1.048116516123031,3.046491300125559,4.767218667125455,-2.7599440663071935,-5.295225999927238,-0.6420222271620634,-2.498894477043595,-1.2348331239600698,1.7428837459195523,-2.2447232050404047,-1.3787149903325382,1,train
1.3067585860611501,3.7661173714879603,2.958562061398422,2.6237324830890554,-7.63129978316306,-3.0764112470887484,-1.8500589037702984,1.0692595320250327,0.7651589571890691,0.28178048381137755,4.824082355792507,3.7519314289930614,1,train
2.1912693633022418,0.9555310349518655,1.0068547273495323,0.5668808503021021,2.466809326640259,-0.5998840789233577,0.4381346646203035,-0.2676454358078568,0.5928742814224375,1.5933658945501936,2.0469989580076535,1.8143132904032686,0,train
-2.6540572100228723,1.63796704641182,3.5701204335768457,4.185597597784629,-2.245764387387697,-5.024097990629354,1.2311588401393416,-4.2253018336741555,0.6999836270930815,-0.10692829013584293,-2.3918298269635474,-3.372718666873494,1,train
1.7989010249010566,5.348026836813859,1.774026930142587,4.788295876920387,-3.716093287149328,-3.007330384721714,1.6917812789049427,-1.7182309945687253,2.6514625421051154,-0.4597592878117586,3.574888575873495,0.9745506528481129,1,train
0.6350231986609676,0.9608254342176785,-0.45703550999292997,5.882405289928362,-2.414083034236199,0.034926400863999785,0.18987161355896323,-0.13551038576056706,2.150792183550331,1.4757884005541415,4.166200552927155,0.7613056622731738,1,train
-1.6137236968300694,2.098726730180855,3.110430591400461,1.0594487064513423,-2.9487971914656255,-0.29476718140935376,0.1911070678036277,3.9007996776173197,1.9483358945795142,0.8622803227234535,3.3772818512706477,0.9834473436620215,1,train
-0.7036994277724726,2.602362800648263,-0.3105763207591612,0.13775991057961212,-4.5185392628182095,-2.280203760620059,-0.6971796108467556,-0.7814637955151569,3.846060571273549,-0.9258196157838051,2.1185610350171893,4.141612793759107,1,train
-0.19787384128784602,-5.6149324527649345,0.9873998695843142,1.8991701905498992,-1.3509577508939756,-6.610994844108313,0.019978188857010627,-4.032383783694047,-2.8387861351014045,-0.01104700035054685,1.0257004058428398,3.65544618112131,0,train
-2.4438444106687083,2.6021022598227876,1.198233379699463,1.3812550211586938,-1.6859415447597064,-4.413434798231544,2.049280278301699,-1.8562621174982474,-2.405540131991227,1.0147162084785661,-1.8320249157105655,-2.4180641441513364,1,train
-1.2860354920574806,3.296917342804731,1.1699871807556301,3.2464433862499904,-3.7670075275757444,-4.398966267201033,-0.4693065332010767,-2.1438114541541102,-3.3535998262150155,-0.6349443036910933,-1.9194316156446152,-1.642080190610775,1,train
-1.3374920107224715,5.44328766354683,1.3557208565569714,4.659694026835764,-0.5448777831102183,-1.6227476087069195,1.1331554313739314,-3.7416890903548485,-0.6214659857415625,0.7386937012595242,-2.4494005908107934,1.152164422857806,1,train
1.8660771465458992,-1.151207048815937,-2.3839011612746064,-1.8954006586855205,3.741018291304313,0.9059751547209265,0.8080255202202267,3.4635707091396144,0.6690173805766131,-0.3289725495810192,-0.10759469571282088,0.2579156193942058,0,train
1.7524501427526664,-0.6713743426852392,1.5547579865538124,-0.5234384297181829,2.632902095425046,-1.8778362637123966,0.9014314440793779,1.4624736332121722,-1.3267844921260419,-1.1683822805189903,0.6248752885408462,3.1687560195981592,0,train
2.4660939345350155,-1.1336097476704883,-2.4438206625634833,-0.8055695470782407,2.3059820097150485,0.8580209527856841,0.28017832337801546,3.6407272083947917,0.2063027234472239,0.2748203330189098,-2.350764218747119,0.29074008471544,0,train
-0.6311620787406682,2.6987742114694484,2.3199743883057247,3.518510252261094,-1.819392753274191,-3.301645036634878,0.48984234494900175,-1.812974320000814,-2.298309505889811,-0.35579107606425037,-2.5554835187288067,-0.41422850791277366,1,train
-0.8783811073509245,4.689884339336053,1.4595130377561456,0.45577321451073405,-5.942646568970194,-4.532479305385477,-0.8931803881183922,-0.5126438121905355,2.8422880283589884,-1.5747416388783715,3.823190995128363,1.88483723228908,1,train
-1.8512174949299913,-0.08081999913202864,-0.09277687752990849,1.0430459433384631,-1.2793512242866312,1.8656137316676533,0.6786578860473022,1.5153539240991858,-5.207783472353989,0.1550314094896252,-3.6911816431500295,-0.16071279266974914,1,train
-1.0156868703074209,-0.40124559421541495,0.5839954043196516,5.910803950369989,-1.9277493568035473,1.3080900557445747,-0.4796513444544266,0.18405700668667402,1.4221672343018252,-0.7172434437610712,3.0599521068263096,0.43252002891530394,1,train
-0.4995477258054919,-2.5182564350483703,1.9985021709750197,0.12862963931365679,6.094262221895474,-0.9218948346425087,-0.5780908929058398,-3.4617360036868376,-0.37070304309389357,0.3920689079847591,3.427748232579977,5.543769789342134,0,train
-1.4794399516986276,4.126920032988877,2.9268440166265766,3.5219439985341388,-2.853221843305171,-5.512861154277301,0.42194112317654986,-3.6841246957259477,-1.1313787721209068,-1.0125799137883578,-2.5118133554855158,-2.4689877543979337,1,train
4.436957529054661,-4.192615318249091,1.5151457356798392,5.821865699731041,0.06999677011933825,-3.1957215920690563,1.0027269173369588,1.6455479939564976,-6.5088079721623116,0.5162788280693881,0.6152496665537031,-1.961068084337466,0,train
-2.6072040126096696,3.384319676363734,1.334733882974937,-2.235485176435219,-2.9758914864376873,-5.051983956214588,-0.6285698098109631,3.4936833865890726,4.210000254960315,-1.1934662490572536,2.110884213847219,3.8760150948851093,1,train
-0.42807216861241093,2.451253492222982,2.7188500115708027,-2.783955389207935,4.1054171198940725,3.692992774970145,0.5817801686109771,3.0621926213664024,-2.8506806275141034,0.9606297898816044,-0.7590088277588547,-2.164461611396483,0,train
-0.8977817666958372,-3.36047864616145,1.261112606061933,1.9509614521747594,6.963693350797893,-0.8268826111702818,-2.0603609838361696,-3.095040681094873,-0.6139549885093145,0.8706968352099226,3.7501071544598172,8.011886367986332,0,train
-3.4396084663790276,-0.9345725731895569,3.8277036035870213,3.988446012941843,-1.5013935105079796,1.4763443758774,0.7205439887501869,2.7973666480344517,2.467647091612569,-0.649370389326507,0.2125840979393978,2.4447166807334537,1,train
1.3574348703314307,-1.9363180253150873,-1.723474517279107,-1.7508331111245452,-1.7003995753164074,0.8808513332471195,-2.641282647497822,-1.157568898065672,-2.9018118415683,0.27973067601398377,-1.7794200071896031,-5.339178539649869,0,train
-2.8482578494327435,4.062098064708463,1.565347688801887,0.22812081030581322,-2.8130348868731456,-0.22881802475463564,0.04130211059266527,-2.497182146412178,-4.497373340662303,-0.8313061717936977,-0.11070515668643433,-2.5295195021888395,1,train
0.7717180587379913,-1.067788682096498,1.689048876738474,4.701648421642092,1.7062402827047918,-2.4340825304688773,0.2679927835596725,1.6660180658437351,-2.749881659162631,0.19576491646232014,3.1070956135341277,4.260250861706737,0,train
-5.734081753912545,2.0011889160176755,1.8843874187130027,2.005663749576813,0.16057538098346935,0.1067525020187503,-1.6971300615930807,5.544952895980025,3.9247172097628313,1.4968781931774788,-0.6772841321416534,3.12632950886581,1,train
-0.43931108556441045,2.795409498371681,-2.430517720166235,0.48996581297335107,-0.6824294810319433,-3.628339500942997,-0.7896264889657357,2.4415499138495305,4.489259535575558,0.6879372670238552,2.4725157147464807,4.552580166931888,1,train
-0.6259264168360663,1.8591386546243425,6.536310144777549,4.847945351901004,-3.297902637003641,-5.118708177677576,1.3473669704851547,-4.192589433633734,-0.32262052807427466,-0.3044622450483274,-0.9300047778711369,-2.399319548866029,1,train
-2.1781570005040534,1.587594459642163,3.2949966873398155,-0.2056293674491112,-3.2575363594805946,-2.2779051856410146,-0.24244769661944734,-1.687561675222419,-2.44252695073064,-0.2093863285874874,-2.761020863801271,-4.786782071588531,1,train
5.078307979027492,-4.3640406697149965,-3.2790846370117386,-1.7097556913585406,6.102946123807392,1.8995184504593297,-0.9767730868860791,5.842013455927802,0.48700405541281544,-2.7097826516305643,-1.8183444561880422,1.9296574081758653,0,train
-3.28175415697219,3.5178202506531226,4.421563463783871,0.2963840684805008,-2.2332293586785834,-3.517967938972829,2.3174809959625593,3.020057643559144,4.073389016760191,0.5039224868926595,0.3318225923582838,4.228790759384751,1,train
-1.6646292256343416,4.978039252446923,3.766984679799143,2.4435774157694268,-3.3636859770068908,-4.138809786082642,-0.3167392072473803,0.06181334405752725,2.805062284898754,0.8323149274660077,2.269989527109695,0.7723782217892088,1,train
2.041234900377862,-3.786191757738532,3.5499426314203184,2.4015427963803724,-0.25515098203882935,-4.056639587187434,-1.0536405995015408,-1.8507181514559563,-3.4327473034256286,0.2053120784766732,3.2547375567837475,-0.6322086290921503,0,train
-3.8958165957985704,1.264328206798277,1.5796272896447023,1.7296161917848147,1.0546149963681724,-3.5699356796699293,1.8104976055190534,-1.7767688810178899,-1.3312789874141162,0.1509490743297034,-2.8593660202872297,-1.9609066508835027,1,train
-0.2820647222768127,-4.194420917979123,0.7042615130281662,-2.833214225631214,1.852422897992658,-3.9223190701840607,0.6665621799441809,-6.697385312552339,1.4869204425066238,0.15189885296342143,0.7895697740945795,3.8820407256492935,0,train
2.264438051118871,-3.222327413235422,-4.7051264482629325,-0.7102674647281169,0.9136308675456744,0.3127712948799348,-0.652969014652108,1.790865086147234,-1.5116081650970905,1.3878691140537878,-0.8652209742210082,-2.685123281722467,0,train
0.936219172882945,-1.4811784288249275,2.8726788275261104,-0.16146658450918583,2.9062780098015866,-1.7880105824027275,-1.5388131888823,-4.674275845084903,-0.40260414820507484,-0.3892570069929755,3.058265182798973,4.145738979410893,0,train
0.8516846211638816,-1.1337749209868146,-1.5650260063272188,-0.5661946172568959,-0.5772095584819463,0.8744076865316939,-1.222105492112046,-0.1504053381976833,-3.96372696338781,1.3557628122367984,-1.8363706255249581,-3.188619659926047,0,train
-0.8074310619350513,1.4423817220986088,2.6421699289549565,2.7661415364419,-4.104995969457964,-2.2323032077307228,1.026930601682927,2.5312476654072116,0.32314773960908694,0.03117691750323014,4.21194089075617,1.8570916574319671,1,train
-4.318563508831497,2.903985666571906,2.428597990426843,4.830236458251285,-2.6114121630115923,-0.22395919816784104,-0.993477577298433,5.4794125187866864,0.9598934167428339,-0.6406605666284215,1.1894189782017528,2.390198042892161,1,train
2.554389674970725,-1.5286517323695175,2.5770975550316164,2.032533146451494,2.3916798550190883,-2.892362583305628,-0.9131401983948196,0.11428491249685235,-2.938558841907378,0.36972988370189797,1.3754587429839291,2.5239463403908653,0,train
2.7470304723118195,-0.7463618892451507,-0.07460767315017858,-4.14675839740101,4.032059479899917,2.6252880818064988,1.2484735413053833,4.98503925815532,-1.4657510442076105,-1.6218875411819706,-1.9067477084589088,-1.834140864655573,0,train
-5.631963580680475,1.754268223722748,1.2706543787109088,0.8355565604260562,-1.954054268229954,-1.3801408950628837,1.0841024185527959,2.6985706853367706,3.6836925700931293,0.3129837869333236,0.21217662457926156,2.5777853178051355,1,train
1.8013017951971848,-3.8096675576467387,-5.057950033473633,-2.033704616933266,2.3991318033920037,-0.07089587434148648,-1.3466909293425433,4.686781074491005,-0.20056179299050192,1.816724811829705,-2.503597038427187,0.14409170166575258,0,train
5.7951658905079055,-1.908648162667086,0.29293264259962726,-1.6929578485627998,1.5518620351804535,0.4901640262604403,-0.9759145310254659,2.2503766813427784,1.7143260977120778,0.4261727076233764,2.000704859950657,-4.095661684059259,0,train
-1.2053916124643478,1.3941614689553523,4.095164409557159,1.8619190955617702,-3.8645546144278904,-2.0345928825567086,0.5773814721413633,3.760594928620545,1.1914053264288935,-0.5918740596240156,2.8782366714003813,4.3991171159248434,1,train
1.77553720096253,-4.145047774476609,2.2525178130017545,2.3244747247712927,0.6024245732705109,-6.061705771207508,-0.26797904484964025,-3.2865689627037957,-3.544466226097856,-3.8480111366237453,1.2092057965895078,3.1408606825010796,0,train
-4.418908421508858,1.5248082778756507,3.547216184109101,3.592280376637791,-2.7253522007172455,-1.5912112573569495,-0.3938325486797931,-4.712767607247924,0.1595111658137891,0.8102333784339746,-1.826232411638343,-3.740332678542116,1,train
-0.3143770449734806,2.4841590925754975,3.474870567907253,4.823190104011255,-0.7378496761936599,-4.903987272886616,1.6735596841505043,-2.6888645162540397,-1.1586346844068203,-0.20954712489650032,-1.5145736373313627,0.17911594576295453,1,train
1.0039149454833227,-2.688010796697157,4.7229775842907795,3.2552333728892258,3.348731543164308,-3.3115638700791803,-0.6600781933915231,0.7178585639430746,-5.789774940077853,-0.1925113663131974,3.31493123821327,7.659735807947609,0,train
-3.3696798224466087,1.8922378876680013,5.654855459089585,-0.5218406444782686,-1.8873715685335493,-4.917287305510815,-0.26304130335450654,2.41508413451778,2.775841390823301,1.0219506887559613,2.9285707448494684,1.4164994377390618,1,train
-1.739775682889817,3.470167099851257,1.5641990317457095,4.6104497744251205,-2.4041765155057138,-6.157130603964987,0.6964289225179744,-3.813087595278966,-1.2646011736749032,1.89364357760991,-0.8547046659940412,-1.2727381310373949,1,train
0.7995622114599517,4.078496747201156,1.9110533670461098,7.966917582308209,-5.674695153005653,-2.4372431853230543,0.7395882194156052,0.14982857938656569,-1.203011661474799,-2.0149568233569344,4.573763782955097,1.2012672909730653,1,train
2.04448302364126,4.193172227290217,-1.3424714792181724,4.058806199698804,-3.771526749334087,-2.7827015629336964,1.1844887571538907,-0.9003861085672056,2.4952453351887494,0.707859494086391,3.9838460550031436,1.8269571678649448,1,train
2.917787500729475,-0.7621275798608655,2.6591690276935425,2.3684500858743016,1.5428718690708747,-1.7793374172891898,1.2674752421111677,2.7877972817150907,-3.001368745295033,0.4464095043972381,1.0094809565635117,1.9244295269514895,0,train
2.8429160100615016,-4.5647390350720904,2.8416320463056417,5.73652766882223,1.3931413763085316,-1.991088606274614,-0.6164905227457376,-2.253934308428969,-4.111788534213786,-2.9609174704416166,3.5829770589183596,0.23211688549112708,0,train
2.1240599509696048,0.21747197985506928,1.802640180129912,2.8368169780230876,3.2702253022360797,-0.7155386200940208,1.2431634162158594,-0.3074343272109956,-1.3174520534181378,-2.7572088674463293,3.4656617909958727,2.084669223523934,0,train
4.12631280362258,-1.4434491661742188,-1.7193309953351552,-1.5514167529011678,2.7918416763376337,3.467066280580564,0.01243361755333801,2.3890646628739978,-1.2835523625523222,-0.3322563461601045,-3.3100825098625775,-1.5932578006566747,0,train
-1.4352716653378716,5.2793052398651374,1.9313719710523785,1.3431651700240212,-4.3255567560590515,-4.067543616806171,0.8028115461124898,-1.5010795521489677,2.4449838839086704,1.0662460930532038,3.98037468499983,0.8594551841520812,1,train
0.8550986274016619,-1.6776507607409799,-4.429698531278067,0.23808561644984438,0.2611574724409713,1.068736349855074,0.8861221216386405,1.167392693478224,-3.873294313783381,-1.0016529604631472,-2.0168401904995306,-3.2184288428258476,0,train
-1.9679430193326823,1.604720263620206,0.35390364090224824,2.925083347844066,-1.7379925297913983,-2.8448613221466674,-1.5989170626978921,4.500389516831342,-0.11976849519217803,-0.9070169291990641,4.515075410657697,1.4362960074326827,1,train
0.019113101250420872,-0.1419072649058073,3.922395512519274,4.53635960820435,2.346847012292141,-2.4238935684574976,1.4402972916704322,1.0347001312707786,-1.9153851331807377,-0.9480642600181766,5.810286388956974,6.834876620474647,0,train
2.206836776723293,2.1586473061681857,-1.2945613600154369,3.0156958350293586,-0.36561038810132396,0.008957223103656542,-0.08171669551372006,-0.11634041589890876,1.8102005791317044,-1.892687044503657,4.310875036386815,-0.26130128725696666,1,train
0.20876727350006874,-1.3719437983603227,1.0623463850911221,0.4618712422879645,3.943669893260531,-1.007403021505453,0.6305924546151765,-3.1332637835840274,-0.34150462096797773,0.39665082958064213,2.6890837963634864,3.263257343918778,0,train
3.553640731643175,-3.7073656274582856,-3.5325697614726357,-0.43237955173872344,2.1293652224374324,2.8235985908388352,-0.4504057822812829,-0.5046493943216896,-2.473514189827917,-1.7065130659553782,-1.3310361309347805,-1.5288136343754246,0,train
-4.0779903637003425,3.670837492401072,6.359731585288891,3.4719599675439747,-1.6735820889424935,-1.0957438178257415,0.06372059569152093,3.322565846469656,1.5070997257807945,-0.22425969243317873,0.1320651476074346,1.368670682447357,1,train
3.5473180784911564,-3.3464411635569884,-2.350852523525458,-1.1211679728905886,-0.4334188838883186,1.7800432965511455,0.12802403748496513,-0.6521956670761955,-3.117082129341444,-1.497949727924212,-0.5151524480491554,-4.981826012911284,0,train
-5.775358424589845,-0.78136186527506,3.83406218829555,0.6013243811181257,-1.468444311846504,-0.8903099013869551,-1.3754313387891541,6.099773530865884,2.267439143899831,-0.04460732302412779,0.7122219942360748,4.1261098333790045,1,train
0.4289838306853999,-8.343508912068334,2.0033950675520953,3.710795907102632,0.8848111282433171,-4.009995952894138,-0.7755545470037154,-3.9694166330430933,-4.542817879813731,0.303313904723011,2.096588145641473,1.4777893846130428,0,train
1.4294740842485534,-3.7536083279348853,1.3830108682068625,2.070331785533159,2.8266514498073794,-3.50447128729016,2.180360776161489,-1.3074229835135704,-3.209670131657999,-0.5844106976979032,1.102358696849149,2.145663813562695,0,train
-3.965142252445694,-0.3964238139184433,2.0828307947278306,1.2034294659279299,-1.301251065077924,0.2934415335941889,1.3379785786511902,3.346503843828634,3.1381662354905178,1.2726097350291383,1.3768416674975303,2.882958495519848,1,train
-6.386782086667814,2.134435414220101,3.2083381307305268,1.717386760675766,-0.39872413460826883,-0.4987814482125603,0.3455798552234595,5.021954872546415,3.0675533410100706,0.37368134419995236,-0.004631484164903554,1.3414250580431517,1,train
1.257380627409745,-2.4697885966391127,0.3334055838825474,0.32802775992221456,0.17299017114494664,-0.74152080686211,-0.5011840676244013,2.2006428075234554,3.631401177157091,-0.9561193813114524,3.1367418002615706,4.076456917851923,1,train
-4.113777161895738,5.919439074416416,1.9134598055474998,0.9292483995733933,-1.4951011384048574,0.3125276808609758,-0.24447981157954463,-4.1383257014728345,-2.7406567749071113,-1.3959984921430533,-0.11317662235279258,-1.5539613268702268,1,train
-1.7523453355984533,6.4739120805825765,2.9802902395942485,3.6385123211379673,-1.8959146085133198,-4.687071632509794,-1.7701934461122126,-0.24725688165956194,0.9370814462076349,-0.09865222358236136,3.6978467170914646,-1.4876915648111755,1,train
-0.9207752517022085,0.6548825918603209,2.5784532727679226,1.5829367468388627,-1.7472308237130556,-3.0785630178382624,-1.682350358119167,-0.707738656546633,-4.109916301110073,0.6780455602566409,0.6387744580392036,-1.107776327225003,1,train
-0.7993310357137431,1.7601895187220062,1.351444084855844,-4.157563202288431,1.5383361800297424,1.9429127585579258,0.9455545072754306,1.8237786778957836,-2.7292943506919136,-0.3306633967816242,-3.3202262484417404,-2.9643904470266875,0,train
-2.1394893636402723,1.0537097432582339,-0.34123698165858807,4.518483522383582,-1.1899318371408705,0.7111393067373002,-0.8392385763870222,2.4374194481058895,3.271327576534734,-1.0302044822427026,1.4076998744483227,2.263690113594241,1,train
-3.567173886280635,1.5427728189146475,-1.7290123471759515,1.8460708038389462,-0.6289748860951958,-0.1565937782308202,0.03631391959090167,-1.1095323752666253,-3.1080768498872855,-0.09861060038840694,-1.6015579343087976,-0.6761472506439659,1,train
-1.2310076282444098,2.5570935898950222,5.076591355215097,5.755886502023468,-3.7721256719107297,0.9212517727932936,1.1406201910954896,4.436690007642982,1.1711063454981323,0.5859817696827159,2.251755717155181,1.3744220282734152,1,train
-2.408088157678219,4.036771131116699,4.228657352276468,2.552380026606325,-5.135961598340753,-3.0434405642863016,0.9307218022869019,-3.992428828214975,-2.8568030084225593,1.157843548565786,-1.576102649450076,-3.7419106588520945,1,train
-5.220415654412561,-0.47078481272613626,3.048353623549792,3.2435076027867398,-1.0548143282590554,-0.694417875981836,0.17757700705492013,5.49235516476274,2.915937276994923,-0.9971503476900861,-0.8131710747219674,5.858426114622487,1,train
-2.225353114770693,-0.05635227594411418,0.8645560618620005,1.210391402530211,-2.0302917625866614,-0.39825032316353903,-0.0726270535108749,0.18350256159542733,-3.8694157402851355,1.0765420097902336,-2.713565557959274,-1.79144980780846,1,train
2.1026384296440246,-2.46829700912205,-3.0307495938287894,-3.2343290303663452,5.591930037639569,1.4622568879783528,0.4036474298952234,6.583899187685954,-0.17512342049731267,0.033001037054255423,-1.6860837181877744,0.5384951860497376,0,train
2.9084045075013156,-1.2525389435651615,3.4230008998907744,1.2550120755245109,1.6388224937529636,-3.24938102434077,-0.050456005294460454,-2.9203217776562607,-2.602778881521698,-1.5795530107483362,1.867963503137901,1.7671592640100373,0,train
-2.601236018374496,3.6168809832943376,2.3526111477781333,1.0114851351286485,-2.7813170159672023,-1.1959393575549333,0.5049795490223314,-2.419482956245655,-3.405248610350207,-0.06976533630227956,-1.0647002728299926,-2.4208447960857207,1,train
1.653358234089742,-1.684317188074021,3.08727000302664,-0.7914001165540521,2.317824304817509,-3.163561922677806,1.3101330624288097,-5.125221924918158,-1.159402403168744,-1.0513417972522918,1.705847923047346,2.7680107300903503,0,train
-2.549490338252527,0.7268426501702783,1.8936779920357538,4.936260641875587,-3.032879040067166,1.966562398981904,0.8687709727786307,1.3223950367658386,1.1999888670535732,-0.505679808029916,2.317135345463367,0.24615044130129404,1,train
-6.137351366768918,2.203194268185713,1.3926903601130936,-0.09256334579468639,-1.6986059011340229,-3.7425375555429525,-1.9527433624826545,2.084803005510265,4.451491636900652,1.7667577485861337,-0.27015743739552,2.3963080265345744,1,train
-3.2729409546931274,0.9701969644245194,4.339614144513079,0.7953211580099919,-0.9995318498903034,-0.5913616649858253,-2.418601024431618,-1.122472949287876,-2.3954162666259333,0.4226207968536002,-4.465882390368494,-3.0197229876336804,1,train
-0.17674778391823542,2.499103331258329,4.41514700892453,4.643331382038958,-2.419346874619696,-3.3196260226961467,0.8244107358695374,-1.5903398972300846,-4.151255000540003,-0.01681800587466938,-0.753655747499409,1.0638600034951744,1,train
-2.0478337443774004,1.3944200213330564,2.2751095734787867,0.8808518976172524,-6.0816841586662935,-2.2177745271959206,-0.7515422740106213,-3.044080318293508,-0.9097495380408789,2.5874739595953002,-2.0209601958761665,-6.211688319449639,1,train
4.4550922630522996,-1.1112976481371823,1.6798011917730498,-0.44035838105682146,1.66700165101713,-2.9084850328929885,1.0587784414983736,-7.056011512885373,-0.4081937093827883,-1.7038080781067877,0.13440038331385473,-0.008889774211247481,0,train
-1.9512698541443072,4.7241270154511605,2.938385869947684,5.007693290489314,-4.458428154287401,-7.695749734772545,0.7930301964079237,-6.043894032187003,0.3049357600258431,1.5224579697310319,0.011046983160715396,-3.1120205487423824,1,train
0.9669714031347261,7.066957752488344,1.526365481903163,6.5298900322516245,-5.289852897487036,-2.5041237611579197,0.3180428247526597,2.4917620759584644,1.4876665979289445,0.3531448118650216,3.7611015081639216,1.204265826940245,1,train
-0.8414309541676288,-4.28072566444791,2.202805313786115,0.7113287342605605,4.210877527125267,-2.0714630749258767,-0.333737718752054,-4.470771728218361,-0.2754162218587197,-0.8569498546541664,4.104395508418711,2.393941459623775,0,train
-4.066342376133846,2.4242433946340873,2.787490529949456,3.1404544007016044,-2.805219198786327,-1.5238588040476353,0.697375009390423,0.5198036354856137,2.8464632841076822,0.26098370585668346,1.2200784506743427,0.3756799432091251,1,train
1.0913192512584946,-2.0261857344972265,-2.111361987585822,-4.105351397579443,3.355360856393781,3.6388084172733226,-0.7422203696265328,3.064254955996471,-4.3023661658936705,2.0009144584967276,-2.701286756284281,-2.8076427605677132,0,train
0.09898603110779725,1.4589586189361798,1.4352927291643194,6.1549731158759595,-2.092019918234871,-1.6199786825274953,-0.7188295275384049,1.8042712662706848,-0.06152389514163614,-0.49835647058902244,3.6141150170063105,2.6472015314519544,1,train
-2.2565620084960436,1.4224727128813361,2.9967365555025305,2.4008833917078993,-4.173317594938295,-3.717051340150764,-1.2133792927248248,-2.9132531215069726,-1.7359669658960313,0.4237253930745119,-2.346222569691524,-4.403301249703817,1,train
-0.6371009678894355,-0.9553148672908123,-2.094085057259404,-5.817884821433054,0.8105082216322275,0.945334282233226,0.3923426216291603,4.157495079400464,-0.19435976002234767,1.3590906728078407,-3.789864289237088,-4.0230040843679165,0,train
3.4449303377813427,-1.6977642571217482,-2.610800137564084,-0.28449574603563144,4.47687675265686,2.000102267861898,-0.5141745410255217,3.5593433035337747,-0.038325784851851896,-0.9073550032625373,-1.7617915031537856,1.99721244060345,0,train
-1.6318271209208866,1.2739934904789247,3.194308894841703,5.288258590265773,-1.7218272725185368,-1.879099746144798,1.1103366095172595,2.186776545520391,1.1645711381139863,0.542880061943411,2.6445146979896146,2.4229787981047215,1,train
5.37900715023331,-3.039985223640604,-1.4525416661130348,-6.445889934630328,2.336993657707332,0.2781267453124787,-1.4273196554661727,6.030298848296805,4.586564514684673,-0.20991724326680566,-1.9069461944605974,-1.6202312945948671,0,train
2.8354969505578382,-3.1544892813467866,-4.714189958685033,-0.616181555735164,1.1448265735870917,0.7006433335182825,1.4493993925482178,1.5757024310770356,-0.9866878410329036,0.45543096092613666,-4.30203148659743,-0.0341369680464525,0,train
-1.327387560109354,3.926189538997389,0.5580875051215368,2.4661818194886593,-2.8924095808087777,-4.627230368967332,1.3497541100081467,-0.18533858371419454,2.039160502386211,0.8384512366724414,4.532146973753656,-0.6856322282688141,1,train
-0.7033356273757261,-2.0076865620410596,1.113146333219717,-1.4809960928321213,6.619106651579144,1.4772682156856263,1.4553253626017333,-4.330147442887684,1.9840909548003536,0.31651086309449983,3.913820100705772,3.7942265844451373,0,train
-2.2057091863057576,3.6244801537542815,3.113912875984119,0.7514821016990334,-3.192457162755626,-1.6104455023786073,-0.6699786836536642,-3.072561619953878,-2.5648455277286315,-1.603524086323339,-0.9685991661558331,-3.5021734553108024,1,train
-1.6140898536515444,0.6486548792740163,2.641475949061009,2.2533312449707195,-2.491732629830121,-3.207937620344903,1.5737954237904184,-1.751081615486425,-2.3975306435112,0.7996373277592437,-0.8307109867109712,-2.3377115942034985,1,train
3.2535291826202304,-0.3055709443469583,2.019765481045307,1.007329372609714,3.8978836163252595,-2.382823519771013,-0.5295643467059113,-0.36964547621227206,-2.7548302264109825,-1.127454444354992,1.1629940690213638,2.123001985789378,0,train
-1.8497148282874465,0.7901814333384578,0.4031895849659157,2.2102059383272614,-3.3078234844367747,-2.728863039588508,0.3069919662122596,-1.1894455212770738,-3.3306771289497528,-1.0818609479363883,-1.4827146906467117,-2.3209428009711903,1,train
1.72614966055717,-3.108768373536381,1.8880508844246884,3.470593183191016,0.8700413075693545,-2.9575307407059483,0.20143602282267192,2.078032389197845,-4.967129309616641,-1.944275750489451,1.8049353227403262,1.2831969737905666,0,train
-1.4780336085510752,2.0554023551197713,4.154807946874534,2.6741281667762538,-1.3558992883413963,-3.26225730771751,-0.04401161446082928,-1.565994621414764,-1.9532004793557793,0.17664930707038975,-3.4514169231795293,-1.3524748960479736,1,train
-0.452924066181168,1.6441079939684484,0.6033857214284657,-3.3307274029159375,3.6543206007798315,3.6283425821449837,-0.7972550875830254,3.3297170519067403,-0.946060111229003,0.5508913036623678,-5.074956702705718,-0.14001793122131412,0,train
-2.61629485517717,0.675493755838612,2.3826666629280226,3.6002998434300197,-4.171482449436068,-3.3859268696626073,-0.6212680553192184,-3.1389249623249578,0.06589174109495666,-1.1691886435893908,-3.7394054110268935,-4.237159984978728,1,train
-3.8936775223125326,2.8898626925083457,3.4865880888236473,1.0497381833691546,-0.8392425213876087,-5.363789391115971,-0.11237532395970576,0.9400730619914044,2.3977446024532165,-0.31668338854214334,2.524625793368882,-0.20283507719030913,1,train
-3.08909887200393,5.208418396317077,3.4849425352972965,0.7610154335146666,-4.874394226107153,-4.8962955195646165,0.16512357819016,-0.6736875883138453,-0.09567840737190902,-0.3324181237865266,4.640141897402363,-1.960178460351088,1,train
-0.8431899656860522,6.710013246161466,3.9746448919848874,2.8532509977441975,-6.2225445349131325,-4.767981359285283,-0.6494922036572168,1.9613421698530153,-0.6821706113957404,-0.6512347004132159,5.024600400963287,0.10587437095536734,1,train
0.759342124960591,1.5754438123644523,1.5036390385831107,2.7793768175745877,-3.9526305262175074,-4.060149515166428,-0.0016251710427724261,-0.7697399892743846,0.9418094672157593,1.271072798247159,3.7126724750406233,2.3992449834622502,1,train
-2.693310089441876,3.1993245271860733,0.47877706408893483,1.2031616000641883,0.5793959225999461,-3.091800694997625,-0.4682671703500337,-2.060367595201776,-1.3440563774695113,-0.26475414371616474,-2.378072746882629,-1.5842433418368878,1,train
-1.966498161893164,1.5202783450545938,3.9741738811694924,-0.5661390445725862,-3.3744697656925284,-5.282813470742136,0.9395591857214639,2.09521115475134,1.2569470605529105,-0.03547061414089606,3.277725930479724,2.4071509779895455,1,train
0.9811695223071273,-1.0909750800519729,2.8682639143337783,1.9961760290376176,3.941754403670938,-1.9307819763065714,-0.360025317208596,-4.01333085449399,-1.9046760904885265,1.8293898099642956,4.540933513452205,2.4900022321292035,0,train
-0.6112190976872229,-0.7339859927733876,1.1260627754051429,1.314774525037997,0.8301288749522406,-2.489045421025571,-0.018449738928912714,3.4617438420325857,3.4142402067403363,0.7501685994911809,1.7577017299058895,5.013985175893722,1,train
0.9480837590922,-0.39791445133338077,-1.8096635350005057,-2.531916577335354,2.7256150011026534,1.1821843079007388,0.2742222958121007,5.405671454719487,-0.585521770379912,0.3118270919054089,-3.0200614806262833,-1.0152781337882966,0,train
2.040107574716811,-0.2172877180771886,0.4532226111695623,4.327062199692851,0.1607316211671579,-1.2929584961196057,0.6478579779440382,1.035960531359276,2.6421288749802945,0.8560733365116797,3.0990059035663893,2.3136594260390346,1,train
-1.9857506549560742,3.2727194882356514,4.680362751189534,-0.36902493653956636,-1.8232569688632534,-5.789649257388402,-0.7579370476050821,1.1533492770965843,1.4821315295629551,0.11848812664461322,3.5531133992248476,0.6579670119031236,1,train
-2.844534980066218,3.637611052222134,3.6043154381173697,-0.5654963431197042,-2.9376496103696534,-2.000613536289286,-0.5928255644008041,-3.385724295222151,-2.590793374259467,1.382697741083327,-0.45941131134293833,-4.842805123305912,1,train
0.5451537093571956,-1.562002483764699,1.589765484523394,1.783227881197996,-5.255101878422273,1.53222187894684,-0.2038354902993346,2.1341653952052213,3.1876819021642597,-0.8951824023920797,2.864438021488565,5.817260537491263,1,train
0.6952699181621336,-1.535553141672807,-1.204434455085913,-3.3867187353120856,-0.6153325878526941,2.908740312880961,0.22884593160385105,-0.23555237367216497,-2.9689765970924324,0.5273922178965752,-2.503955177451225,-4.776044543392487,0,train
-3.082440239365245,3.6410985338690294,1.2154733219948461,2.37852951455506,-3.3809882588116698,0.5611546147285735,2.2116639912235483,-2.3003877077109074,-4.318101285232448,1.2737457671078525,-1.8971673622109497,-1.2720631701394869,1,train
-2.9195284083621047,2.1858102721037413,2.1152309705316874,0.1519372658142486,-0.5430868165439471,-1.138339036545907,-1.1492323704677028,-1.9231957276532063,-1.9607052945835746,0.4123715176467146,-1.9210543248913077,-2.813414055579032,1,train
1.4091516177379402,1.3100924105798106,1.1685807505338701,-3.9029430236262037,3.382932745535494,0.30711057484284865,2.235295130803516,6.7933880198590515,2.509966582819332,-0.09307882638878687,0.4456582729340641,-2.014545972251875,0,train
4.395241916616586,-6.018702233422188,-6.608841412992818,0.3744408117388556,2.169479336955712,2.466461297580417,-1.2251362556339926,1.8622054465951952,-3.1089941296375234,-1.0886616134404161,-1.569454961518277,-1.2156259342446172,0,train
-0.7987371754843005,-0.0019621944088195065,-2.423566619040387,-2.3558550659325026,0.3165069317610423,2.111555615110516,-0.29121629448831476,2.8028592447691145,-2.528444327452898,-0.4454815788548714,-3.9046080109638526,-3.4404287728850793,0,train
2.2644671708816744,-2.3080523588823985,0.0626181470490339,2.6214012621961906,1.8407416683043398,-1.7716423412327327,-0.6909304334224907,-1.174105480257526,-1.6655745905366741,0.040283974803039274,0.9939725564521051,1.267364491081204,0,train
2.6924824542900225,-3.0403545470831905,-3.2089740671421496,-1.4444742891087794,2.5124495962869915,-0.3167541655478332,0.32745869844865516,3.014388029074409,-1.2850790744993978,-0.028154737986518293,-0.44885476437650107,-1.3684163541713845,0,train
3.070047347636705,-2.0994799428719357,3.274020672714246,3.524898125942991,2.2870931335344755,-3.5226863670829047,-0.5075555437359527,0.2013292701674012,-4.818289809822613,0.37768216122675313,1.811869533128994,2.501790038336628,0,train
0.05911901058171409,-1.7100739955521904,2.864202200506002,0.8353641590114742,-1.7201904025329218,-1.0683812455014634,-0.04234796998617723,-0.30897271417894645,2.7081482664169534,0.31749690352688825,2.6355520408075996,2.1435774369954568,1,train
-1.7803606875919218,-1.3500626114978935,0.40722882229040924,4.505141692555341,-1.6814999628541805,1.4521691373677532,0.3303653652313061,1.2468051453932953,4.612910850189022,1.4123734520634663,0.4828021394316051,3.4495415696885203,1,train
1.4139297713431476,-1.1266921983739309,2.7322979269150602,0.7236852501665172,3.6246742467229653,-3.2275648674024,-0.15254243372395904,-3.377245143223738,-2.1407817006389376,0.4856732461582754,2.5280013354368753,1.6455545572363492,0,train
0.9918499897835937,-4.4536764562616575,3.7904512084531516,3.5858389506180712,2.0765958733006245,-3.139194102564532,1.5597322569884302,-2.903981116211412,-4.982920746393351,0.5023151705028198,3.9666929007463807,1.7881924609377218,0,train
-0.8299313184940589,0.2757807247589472,-1.5318548710334623,-5.579540451051752,2.062728249840399,2.7206094949141595,-0.4513326517736534,4.539974139137696,-1.5049804532052464,-0.0546862900672262,-4.923919589812809,-3.089667911799687,0,train
-2.6479746853789523,-0.5541897237889235,3.0024712457046903,3.1280917889689612,-2.5493924339704392,-2.2130492216834363,-0.8686239008935176,-2.369996760422913,0.48668032875147516,-0.10030664617629993,-4.225302954078148,-3.750365368453939,1,train
2.3694953328866313,-2.536148357304315,-3.9712242256695,-0.7464840171325318,1.8187181542761377,2.9349511121617167,-1.080873848319276,2.655951446154427,-4.605819740883387,1.8784029182050421,-3.3767243679510055,-2.513289384680574,0,train
3.9562279115123573,-3.784007339590592,-4.223945561470222,0.1962627287669405,3.696957286605203,1.405988801963545,0.33438854381583855,2.3778410775459173,-0.4322509107251318,-0.9094183584377131,-2.413746957788417,2.0979526658189718,1,train
2.587617100008387,-5.643793068208234,-5.672176997594963,-1.0226557832752552,1.583808468119106,0.10749749045214463,1.9507247869081703,0.6617329980651987,-2.4373150807533532,0.18587534692809618,-0.7927623600400622,-1.2167428594580927,0,train
-1.3583260127593877,1.1770660156795056,2.3290900124375336,1.8775309096141222,-1.297565699641639,-1.2032977101523255,-0.8044146578611612,-0.9296390319094936,3.9390938279677403,0.4300012281571353,2.1964884070051687,0.9853714508407125,1,train
1.5644540185457072,1.9530882205426592,-0.6806762856336639,-0.3417771017796909,-2.365775376022298,-4.601015227589128,-0.3360584904924073,1.9952378655571774,4.2734286808338595,0.49574792712942006,3.386578555789586,4.798660554087272,1,train
-2.1063344880299364,2.7372454139237754,4.165634169587883,-0.8032346326910198,-2.103821477757772,-3.672557981791945,1.1799094233567733,5.280947083384442,0.3685121489185692,0.055264145779399386,4.074185517564165,1.219134779804707,1,train
-3.477176062886201,1.4335950701625135,1.760634392884111,3.787246143930338,-4.18934987355819,1.6559711826861747,-1.2394514036407727,1.7716791046217961,4.021237993516576,-0.6118070185587673,0.7181909193564944,2.68451433644912,1,train
1.871358794457764,-0.48999156479531525,2.218612729332254,2.033576205051527,3.779560620876673,-3.1215953258123954,0.7885949974270205,-4.445817179188078,-1.5398720393291725,-0.9608047553075743,2.6415917620250706,6.108077617659899,0,train
-0.041111864466904624,3.192871078486008,-1.0942370882259884,-0.015416587891924571,-3.144033930395196,-3.925923759770713,-0.8119277631019347,3.993449154562432,2.440623453225173,-1.3961302303173115,3.3235272999093963,4.806717636558675,1,train
-0.2970295293455747,-1.397829333856995,2.700627579137633,3.249492380874069,4.107616796152446,-0.6385819396068289,0.11800901418194557,-2.0708884465005464,-0.7748524068257159,-0.12380996174687853,5.865044507015857,3.672660246432721,0,train
-3.4172968807153596,1.7808861842093395,3.5789532452541457,2.031462629912405,-2.281141587978759,-2.7629987135157243,0.4501386277255884,-3.6588913904623235,-1.6224254135752076,0.6412836370704759,0.769194609463558,-3.068969907194984,1,train
4.230575192522219,-1.393749661952318,2.2287893630237208,0.9505435358131344,1.643550416016803,-1.9059858090407567,-0.6218415677321205,-3.334044815798224,-1.791554279084159,2.37763880112982,0.41646082755865055,3.195512071962609,0,train
2.729438102755913,-1.3235059679093615,0.05629442392196049,-5.192434045284694,4.014373729303868,2.3826295327650358,0.634725952352468,3.6912023810147745,-2.196167186600976,-1.944638015056584,-3.0025760220284656,-2.0646735078320164,0,train
-1.7642665897651948,0.15253008535183943,1.4256865256810618,3.0280342789443937,-3.3541981701788357,-2.9812448309468778,-0.10305166547826156,-1.2418626071175412,-2.4694162269935447,-0.15602820043738774,-1.9472923414294399,-2.002122905706225,1,train
-2.039629192496916,2.10708039252283,0.10539674334391291,0.2518790379359692,1.4454512179389045,-2.1281140367144276,0.4989555179961384,-0.17040927091765523,-2.8159263945175668,-0.4345513285043222,-2.9436383895990694,-0.918343114298714,1,train
1.5538285338544182,2.8788622844131417,1.1704863577450804,0.6748623475963051,1.0652249717529196,-6.472971019799252,0.36288854009282256,1.3790165890660764,2.526124243276013,-1.441260581193271,4.556191886443422,1.4912517487936858,1,train
3.0787534466365623,-1.0121240352907979,1.0258637759073252,-5.277473535309523,1.6506466715895682,2.2185626939530803,0.047564242489954923,2.1429633640498653,-0.9167028126888583,0.18925886005519715,-1.2094791872474335,-5.045618606013874,0,train
4.029197864709118,-3.8793934125248004,-4.266079023616625,-1.8319959202460574,2.7225385210845494,3.9020515694118396,-0.9774790133720572,0.6718098648246926,-5.1266813728241205,-1.2058548273666603,-2.3062123666137726,-3.2435410826939295,0,train
0.8611101953426372,-2.7560212878998227,-1.962987140045496,-2.8358381423932,5.121219307501654,5.174029939965718,0.5959059423189809,2.703633373141593,-4.566964789171143,-0.6210907123008215,-3.301673146352896,0.2633368010861279,0,train
-2.5780751187400033,1.9337367706737936,2.798985214306706,3.986767952073233,0.43694211489805834,0.04017050002386435,0.36060163276950924,-2.609833643914108,0.41205522237188497,0.34873257492981596,-4.749629522463927,-0.49145800126898576,1,train
3.459197799209309,-0.9977538965870858,2.9761419815096772,2.779288227830346,3.5155045683251536,-1.7914339714244016,-0.1922718885173625,-2.2102039823098245,-2.4750969424302216,-0.27022160306972043,3.052537164332649,1.2431188641384328,0,train
1.4350696495252633,-5.8483975993312125,-5.625150492903421,-4.962461921486369,0.5777710004278485,2.7927304186394295,-0.6523677268201122,2.5040595380830033,-2.6668521397496106,1.862735782561545,-4.960521029975771,-2.711601653112263,0,train
0.7352375824676174,-0.5479820693376496,1.5584123551364981,-0.5833906111451879,1.4894328943419315,-2.9396030784703875,0.8908539512663629,-2.2682552563313445,0.06660542718758,1.9617062026585588,1.2666189703884254,4.94988393716033,0,train
-2.336117297090839,2.604365271712769,3.0426389132213285,3.007299578979466,-1.1996946175808325,-3.9985071012356586,0.8718781022473955,-4.111622638146697,1.1575978263511013,1.3563045116309183,-2.760205158372963,-3.2213137943319063,1,train
-2.841668439427698,0.713709786694408,0.17171289264849632,2.4917726331420593,-0.6729911676752667,-1.5848987012571565,0.20164145273514594,-1.0671644930024475,-2.6005499242800707,0.7906010671087107,-1.6995968049884582,-0.6585310080437041,1,train
3.491139930362664,-2.7384067034131174,2.015025592012133,0.28127693794449216,2.5341410781534512,-1.4740291084743293,-0.07107237478695322,-5.795607514823008,-1.120209050752017,0.2500942775514041,0.5714606463998273,3.6612033757592046,0,train
-0.3903199026456261,-2.218696814015468,-3.5597823903916153,-1.2984733115377916,3.2529126486588753,3.018650281804221,-0.4444240816034747,2.7206387469591657,-3.769545432070868,-0.3378396584600765,-2.96133971507689,0.07964791401861682,0,train
0.1478142657282091,-1.8745121286641622,1.3341435457808246,-1.562440413801546,5.35954273759689,-1.495357728903888,0.9112856698976275,-5.694035436481961,2.1459864464231995,0.3873994649651947,2.6035914485064593,4.548121818134314,0,train
-2.158454403008134,3.192118068658534,4.513232534283229,3.352747589257012,-3.0294751192113303,-1.62105652962676,0.6693348494060114,-2.8221465252564744,-3.6930661940874088,1.624708866331407,-2.1546092440862323,-1.526454471690538,1,train
2.180166713424846,2.386866751516157,1.2715338857588172,0.07258659888868912,-2.2314834566987733,-4.971658069932005,0.46785916047011694,-0.6067897939253979,4.670481753887504,-0.4331642419145024,3.6881657989019345,3.296396758240858,1,train
-0.9241422254164038,3.3773512880173486,2.5923600484955203,0.8257505709380377,-3.3825831198952736,-2.002209036105708,-0.8332962360940164,-1.9732395250249446,-2.8981187419265573,-1.1378019174691956,-2.426950644173383,-3.149284925388648,1,train
-2.2578131236346826,5.891441507876255,1.4224026535418286,1.1754212023644957,-1.4889951818901739,-1.7243461049003281,0.014171983581684464,-4.649947324595133,-0.03864612314826266,0.11724488321499366,-1.8930297722701757,-2.9894901745993643,1,train
-2.4571705754414133,-1.057164408691582,-2.172470084341152,-1.7001611064874496,2.2097361104957023,-0.26499993341240735,0.14011807979916094,2.257463648954403,-3.3529497667320984,0.1278306366755343,-2.394778206799428,-0.7637065696672727,0,train
-1.229258027927962,-1.1211000825916282,-3.500999382855595,-0.5702811668000018,2.7030446007021443,3.361750134209646,0.8525391818817075,1.6948095907814262,-4.437784278632536,0.6657756755317623,-3.757196961461226,-0.004266449692047036,0,train
5.617677103449873,-3.094507848137207,-0.3868994120173799,-2.489266788402601,3.215227967014777,6.047172337228223,-2.447768976375611,-1.0145586083340579,-4.576210405072345,0.6065711398240521,-3.902110341497453,-2.5212012486269284,0,train
0.767879387643402,-1.792914075547701,-4.323884067237007,-2.3588664291188497,0.30894031678171197,-1.1899065567461298,3.064994107822504,3.4250405385377984,-0.039118916126038794,0.5429476857337989,-0.6713760952425285,-2.0343485556009298,0,train
-1.7333966701982135,2.997958126881743,1.8422147507051554,3.3953109681457,-3.2781473346906425,-3.5437975959222356,1.3875933045908628,3.8634991155226217,0.5191243709929101,-0.5968731330098809,2.9056049931653956,3.4037752105192793,1,train
-3.572348580178793,0.9533877456407558,4.650524243650458,2.1882303448850076,-0.5081078615389716,-1.4614784281524291,0.9057526400186038,2.0149771409036332,3.198336954632878,0.020727455069526557,0.19944821670619062,1.799112236964111,1,train
1.1249087122141337,-4.769959859114049,1.1115113075855316,2.4645528935642185,0.08147139405823545,-3.0693812963832987,1.1629351561362797,-4.002604147678763,-1.3631834738152293,-0.6871132188217303,1.330238963387421,4.6595821237298995,0,train
-0.18794679638080103,2.6748735919181432,1.3088936587562723,3.867404069375276,-0.9707068999441308,-3.785342196249287,1.6101170411935817,-1.0771297211157806,1.5840781727577025,0.7641477424281549,3.0132405235386597,0.8668479367490249,1,train
5.369090448781645,-3.246066453793108,-0.8833748808881015,-3.6218480290640347,2.3820543383173587,4.074029871879374,0.652309281857993,-0.9315670899194441,-1.0075997198041515,-0.15744784666083647,-0.621973743599104,-4.05769741723181,0,train
-0.8009025658082418,1.5543537365508562,3.885031630909924,4.698312102281553,-2.3120861387321545,-3.927013604153341,-0.514689588953979,-3.586527543706687,0.8566598812004598,-0.6498786965680267,-2.2569934423571585,-2.027935625498625,1,train
2.9190914667452676,-2.5649090021993826,4.140634729124822,2.210747244699364,1.2288781301543135,-4.886445924858181,-1.6091370687553384,-2.7350814602947664,-3.9306575284804492,-0.2429844059606813,2.7648616989393586,1.122284824725112,0,train
4.953215594533835,-0.7413606797811787,2.0480420787491713,1.5157490012508172,2.6149072958084267,-0.6277726425229953,-1.204638956532923,-3.9653968519656893,-2.1753503644757113,1.4205419191351003,1.5914210597148455,1.676762150716545,0,train
-2.7775156375420047,6.568842530154214,3.4796860129623113,5.295430958190327,-3.177406464766214,-3.1458926487180037,0.795389572028899,0.9694425418964916,1.374719893552764,-1.1042466939751203,1.3720241983355168,-0.06330556288926958,1,train
-3.960891499007504,-2.748605198284464,-2.012558202249033,0.45293247509858325,-0.094101062320608,1.8503933070725749,0.3229293461580617,2.071435833640624,6.25668205531486,-1.0475968560498723,-1.0813717094950417,6.195750399837063,1,train
4.178397981415474,-5.475671640519884,3.3244432703716464,3.4498562969805713,-0.3672244254042094,-3.10267345076083,2.671595926929478,-4.229445819839533,-3.559155230463011,-2.564342951431328,1.5823369724431697,-0.059727422509254335,0,train
2.5079019281421324,-1.1144610256237624,0.5558233486975683,0.8414058852052533,3.2600555338570043,0.08555245040352188,-1.5069601687422765,-3.9238155374618264,0.3369646040658054,0.6767787618278333,1.8312682894282415,0.4805429535579582,0,train
4.256181291543314,-3.1155422264153128,-1.4303784869324467,-5.952841425255782,5.699560784246669,4.746171890556415,-0.14417740688128647,3.8208971276293067,-1.9706335562565576,2.403740038821174,-3.153544884508237,-1.9997868805666852,0,train
-0.0491136873028819,4.096262618353417,3.5806554135741613,0.9488990455673652,0.3555071968073231,-3.7078141351029985,1.1544393800179904,-0.6925349535302343,-3.4681391205251337,0.6437789672661324,-3.4220293609339754,-0.5589580878086757,1,train
-0.2718913401977354,-0.9595152048856055,4.300636644282752,1.930795014268356,5.568592118050626,-3.1384373399362553,-1.3832076258386605,-1.5012339652063598,-3.619665072063393,-0.004370599277749849,4.259103493441009,7.030291130042457,0,train
2.448276249727362,-0.6453580135214094,0.8827688058697181,-3.3443359438939937,4.400196669877403,3.56162513489984,1.5630974962509188,3.020256006243712,-1.0554476047476318,0.09191438614231885,-0.9712370205771408,-1.2647782741536697,0,train
-1.8175345910834075,3.3940281538410177,1.8851290370938825,0.8840723990690651,-3.6065365013743174,0.2993545412591714,0.34169164120421486,-1.9845005100415114,-4.158602091347891,0.4393324094490858,-1.2399060028255817,-2.369124520430823,1,train
2.0426124448552763,-2.55073517404877,-2.0513494228394404,-3.3721927420704265,4.73290382231006,2.203050909148937,0.8648597642838212,4.250864578430619,-2.913437535281541,-0.8909730234932957,-0.35668235549171223,-2.4254724266591436,0,train
-0.933019552346033,0.9011594762140684,0.3103013093437419,-0.028571879749160978,0.6517465316121509,-1.584918865827158,-1.0024595536921894,0.973478935537313,-3.0073152378101504,0.9607126894608463,-3.5634318923358643,-1.0842853407016284,1,train
-3.1271148506889554,-0.6955777712585114,2.4772576642873783,-1.434158660193495,0.8290806860134174,-3.715519334312712,-0.586352656681231,3.076690797060375,2.4764061809077065,0.8865916676050973,2.12277083860697,2.8186093259253457,1,train
1.0314445809634356,-1.8290623772657817,1.9692312929708362,1.1136324474089705,2.648838731105184,-3.0502014941023914,1.5878264564909443,-2.9454451544882136,-1.4475083522765502,-2.1611709619114845,2.7079557256870492,1.5827546728654318,0,train
4.15012491615815,0.30541528278681085,3.217454773261939,2.785545914799729,0.1790176441420508,-2.5700771651105603,-0.01271436969999228,-1.903388449555564,-1.7898538975116929,2.0805018955131964,2.4235854204139153,3.04085663423119,0,train
-3.280812220786809,-0.14018985640941795,2.200350802926156,1.4334172290961573,-0.09522699784842015,-3.820231377200492,-0.7935941006263229,2.8109480842820798,3.510642783596175,1.3625964913117765,1.040039086625411,3.7394012506019996,1,train
0.44980797531939776,-3.7502933708560695,-4.874938433464878,1.6602170748305274,-2.272833544825626,1.6977585031315696,-1.0078263676346335,-1.5481524221237333,-4.572753288031919,0.4843203413007407,-3.446316846507203,-2.516716907829454,0,train
-1.6455784177705568,4.036849520693791,2.8654960133286957,0.98761602303658,-1.8064224828212179,-2.067809609119458,0.35380254600889754,-2.575193144140401,-3.073707859233631,0.3135116622134184,-0.9188372032078327,-2.070819918508595,1,train
-4.17341221039416,1.7404470945680905,2.730828954103268,3.356523171447521,-4.008872440867709,-1.832506350453739,0.5873142895740904,3.944482590727789,0.9109698164018523,1.783786792282336,2.1272430998175174,2.5076108128839016,1,train
-2.6329860987821156,-0.7677579592552031,-3.7402447092576967,-3.6304199138886464,2.2356895965559174,-0.5912198375252595,0.052823835259499206,6.065451126330668,-1.351737061345903,-2.1547621988803307,-2.3888633382107676,-1.6649759347370168,0,train
1.961824985009641,5.561934022698067,3.005293234568961,4.307897573914369,-7.032124736325188,-3.8425585624696765,0.5440922682849926,2.1476893378867197,-0.6921084816172152,0.5948445427368286,5.627194786968081,1.4290137568320442,1,train
-3.7829185649804247,1.6519160789157397,3.5084603977580215,1.1212853566711025,0.340548538997814,-3.3406485462933286,0.4518143661565271,7.708035637745957,2.206898000221603,1.3529376587414164,1.1553624379872327,3.420151503646345,1,train
-2.1729430667299985,1.6880018663075678,2.1562100188554094,0.5739643507994769,-1.9223334377887107,1.1705353596383792,0.15565630459128998,-1.0399634870602836,-2.4408273199119646,-0.2929087734166486,-4.0682891385961035,-2.778305076468697,1,train
-0.7919720664702852,-0.8242448912612983,-0.8840707737131741,-5.037072328510443,1.4153879871204305,1.7103658899922287,-0.31592450000247935,2.135375292746305,0.0051875782646195745,0.3098253423906145,-4.42354968796753,-1.2921718930475294,0,train
-2.6420250182688214,1.8122793326432671,0.9924351106644713,0.9822625895412298,-1.9099831778507146,-1.1595621946893926,-0.14125503337743997,-1.4545644924528274,-3.3483991885117135,-0.6572426839405606,-1.2540001491293915,-2.2331955135843655,1,train
-1.247023553301931,2.4814174897791763,-0.10607900968257367,3.4807910874419417,-1.7002731521763907,-3.531978467643926,0.826325093722484,3.6035540834198336,2.2789493005644323,1.3367843455839863,2.6472693642650333,3.8712666547123353,1,train
-1.5406817325231743,2.561382783108446,3.2363832661288274,3.1679075492302733,-2.078245255371603,-2.4121246167316768,-0.030774455911453127,-2.712166799646372,-1.4936714174900858,-0.40880957534526435,-2.6565958061062758,-1.8531618325465447,1,train
-4.9338169228786946,2.0190312157930874,3.860317890471259,3.7190679726152327,-0.911094345540503,-0.3454695170627211,0.9422035844263495,3.1968273121604645,1.3727173376743314,-0.5794031843160214,0.958548289294106,1.0088824950627795,1,train
-1.3698605781237299,0.9108181552375472,2.5399901796586537,3.280732980345523,-3.138659419833297,-3.9097675613022265,-0.08087360000078389,-1.393575951470051,-3.58010669719829,0.5523427181109043,-1.9377910634855975,-1.8645222975320244,1,train
-4.846403970862403,2.8480666584827214,2.8063912729976606,-2.0211339336420995,-0.7010187846150275,-4.490179781329324,-0.5194969111249508,0.8559105199463204,3.842435562421045,0.05676580999517731,1.0856512725215837,1.2395344517270006,1,train
-0.1308136461964704,2.479497773371681,4.076832504279751,3.268257357375653,-3.899315937388187,-1.5952054758524228,-1.2836137421141691,-2.4893411281249738,-3.093991998635748,0.10384817830451169,-0.39564738475277905,-1.3451125650170184,1,train
3.5516005672848108,-3.739881715736078,-2.5692276198602677,-3.6190754726952026,0.5364772808498641,5.659051233537774,-0.20709000990818888,0.7847143894694215,-4.620033323271263,0.7710290211976779,-5.244405517764978,-3.903154103394947,0,train
1.0449682040373163,-4.574564740201635,0.37208818879626526,2.610217554878857,1.8601982419154284,-1.527692568128501,0.023335162405380833,-5.950296041096124,-1.2262573161890753,0.17504857108475247,2.113814808122751,2.253959186479815,0,train
-5.136027391115916,1.921040741367402,3.41374936186946,0.7309992100120895,-0.9618980891094653,-1.6138673425558085,0.416425518497318,2.4805515145488752,3.712502729665605,-2.121308566293259,-0.35974946448959955,2.19438228971573,1,train
4.5170518769319745,-1.8538695324924195,0.807537449532699,0.5910897742952781,0.8756032916717407,-0.664015091343914,2.5150634475643563,-5.5217659627750315,-0.44562061077117043,0.4332916140865639,0.05560023820899973,-0.2053251703321899,0,train
1.9766772432205042,-4.3896538248427,-6.09454295087412,-0.24416392679595988,0.30549448417998315,1.5381519771233678,-0.7538327480620072,0.4490897033882395,-1.2453241337342775,-1.2843856812344983,-4.033510067046265,0.024263463268977326,0,train
2.877506986072823,-2.9305606215452675,2.306212811908973,0.5148487961091084,2.370073003151372,-1.5362852407586711,-1.1365031548650735,-5.429233990765621,-0.8147175770603716,-0.11520569831299925,1.978079184778434,0.4550862479579545,0,train
-1.5671136961483987,2.3053812480973725,2.873368039776114,4.687601220197261,-4.096129285556352,-5.005401014443288,-1.215496277670079,-4.176066700516663,1.1535536613806947,0.4905079316215721,-4.18691119879029,-3.760380328981762,1,train
-0.8564734393617921,-3.5631490022851136,1.5819865013097953,2.3718927826877376,1.2558094660681656,-4.288159763492679,-0.7420104469422178,0.024829528648124377,-2.76680827970397,-1.667928240300632,2.3901147175304276,3.2279759363055645,0,train
-3.058519432234594,7.0520987960349935,3.726891476606201,0.27973567081368067,-3.483930559152933,-7.156857529738694,-0.018278002442844325,2.3580238818087764,1.4501186531488766,0.5886480234969851,1.771875500300875,2.514931410630112,1,train
-0.02822293071896409,0.7489912014353235,0.18003044293292803,1.7977810298221677,-2.2602322472383163,-2.9082981224038313,-1.1567934445533514,-0.5334046748148988,-0.24381003713993077,0.028093426623778325,-5.089835016786093,-2.7608238982245137,1,train
-4.1858097720943235,-0.14487909653443554,-0.9331731731164536,2.868970556691754,-3.823349625640442,0.05627941366603073,1.2478985487821745,-2.516444021191515,-0.4779661887857458,0.7514502471827793,-4.378036414555105,-4.305261758165175,1,train
2.847913905089248,0.805508853691749,4.311977202635101,-4.051747544035274,2.118464881365912,-4.822753137177159,-0.374815574543851,-1.2033689669820566,-1.7161740431032309,-1.9570484854493055,0.04333859647294691,1.0235935141073784,0,train
3.5632593659450427,-5.595071536163916,3.2792692660089813,3.1238028736673917,-0.2621699698777311,-4.196322461325619,-0.475203117086404,-1.3373188239435436,-4.774835773134896,-0.8224675417867249,0.9146048675042546,-0.47366017772172775,0,train
-1.8152724325877574,5.43035023754101,2.6214794585275634,1.4608036424203164,-3.27447604665384,-4.353526540636722,-0.37824882171044255,4.585575506708317,0.2624364415306759,0.024286363803238908,4.900713116635712,1.2435679328501759,1,train
-4.340542210470228,0.45934784365370196,1.9428637641641449,1.9309284505786013,-0.9836887372753902,-1.5070809168424646,0.6792312363007741,4.081069083575805,3.7960433136865532,-0.2087186928876035,0.5762317556976069,4.354196015485906,1,train
-3.802803584866399,-2.1439617363549903,2.382737662801135,2.8409585115030005,-1.4361227870269495,-3.085089870061636,0.1862921180182555,-1.469275239739659,-0.6624949904662658,-0.0586704834323121,-2.9634673265992566,-3.3600535925176294,1,train
2.917080847121121,-3.9320894865758858,-3.5855167468915337,-2.6312775872442162,2.3594082027016445,1.403732481184425,-1.1077288865367994,1.5620324900898979,-2.3407609675750276,0.9588831967141856,-2.1585672008021146,-1.5769556994474159,0,train
3.2388514095317866,-2.4925610671905867,-1.9755385037247988,-1.3060757940921208,5.480498151422049,6.380349727783633,-0.24392105255299054,0.9544306085100185,-4.818560560802792,0.5245582270128903,-0.8657923079520864,-1.8597937328783,0,train
3.270091710139361,-2.4891212351568757,-2.6284254649217105,-1.3016096797490966,1.9404982522872198,2.1108892534690336,1.5690231733990256,2.3668721031582107,-2.5491688710795017,0.5531232246823085,-0.0606703778713964,-3.9770819351755073,0,train
-2.1563239462642327,0.8359490978151769,1.519457629382504,-0.9177217364119161,-4.937506322811206,-0.16633610557875933,1.2202636643343303,-1.335399518045481,-2.9560812218436308,-0.16434949300332816,-2.548905914004482,-5.838978215062661,1,train
-3.3135148957702842,2.158549217434809,1.438871056059135,1.8826437363788417,-1.3426281496606265,-3.371632715806738,-0.9797144339246947,-1.9235207735117135,-2.939132308762419,-0.2592727702541902,-2.0174977752948196,-2.2370955539629116,1,train
-4.255473114593242,7.336256049147785,2.2721282494465056,4.273171066437228,-3.2002182662470315,-3.1956553046724157,-0.19332186901340445,-6.788905125707708,-0.43762872426329325,0.4952646772681584,-1.2882400529368985,-2.1234581470818035,1,train
-0.9917584107715807,5.858703311597849,5.040821179689599,2.6817175330733702,-5.677535656632568,-4.796587945401692,1.4202485129685138,0.15261062037967932,0.9773909525611608,0.15372305203540904,3.587004142762079,0.06463547620954779,1,train
1.7165457319667672,-1.5640543922207644,3.025046088018658,1.4518013358404187,2.5898573364875914,-1.3546281898442811,0.7035748513852712,-2.5160222780199413,-2.2725812843451347,-1.866324082407648,3.5300764724633935,-0.13781362066287395,0,train
-2.555054425266263,2.2680516476725616,-1.1125709683089249,0.5131129484835542,-1.1729382106667845,-2.6881823106828593,1.0420805179747736,3.9989458929180577,2.102208210312759,-0.5497791265378138,2.6615461746813303,3.04025107595316,1,train
2.908472827385902,-1.1362781037363323,4.128609257526448,5.465495919508384,4.470901767197089,-2.4863977709603553,0.40263698938943887,-0.5834553718663134,-5.008564311098432,0.8536869248553166,4.673811236309611,3.4933003197834207,0,train
2.046229627616103,-3.4443495311636756,-2.78846775993943,-3.874269866108645,3.299024795020425,4.484094229843755,2.370083341402287,1.6115972099574747,-4.890825716500698,0.3885930592888654,-5.685844394786189,-1.8444588293012982,0,train
-3.2449987897212087,3.1842701453775426,1.4425286478905255,0.33322246630043684,-0.11527851636772057,0.8053984046057421,2.220425011607862,-2.0792974321179214,-0.8901855883079335,-0.30039378140913414,-5.039846745973733,-2.7040121364366407,1,train
0.3084015908135229,3.019296887195667,4.331697249812073,1.6442724645242475,-2.209439115678145,-0.8119200324207461,-1.9395072096972414,-1.132897915525037,-4.053754235830162,0.501165677479096,-1.7638669108423297,-0.7867858521687578,1,train
-2.597347949902499,-0.4723879657077181,-0.9992544771286851,1.0916392877565593,-2.2072088426286336,-0.32601517179989736,0.6549807477664882,0.790701261405403,-2.20504544448589,-0.33982326143178065,-5.772294878236668,-2.5752167728890987,1,train
5.784009320641319,-4.295161314221926,-2.463230365406986,-4.611147683582681,2.4873639836775268,2.0945896100237773,-1.8917541900858783,2.341088747285351,2.561265599735875,1.1694788794928253,-3.7213728805169506,-1.2983240153845816,0,train
1.6792965136361913,-4.099785762417558,1.4885876943452416,2.9100016754214035,1.9698343655718558,-3.69818818419781,1.447801746458801,-2.854370387582205,-3.425328904784654,0.3825944057257199,1.0888590987427802,2.6295962805588395,0,train
0.9999538042007707,-2.1175144278528584,-2.656199462097145,-2.1704524772484612,4.817267140235089,2.993440961197194,-0.4992587013437838,3.746380713288553,-5.735466483524623,-0.5864169242571723,0.502707146839029,-3.219190728656593,0,train
-2.4334168322563623,3.129767628575155,0.5816541676931664,2.2372011397178806,-1.7465898490118568,-4.717643155491966,0.03451468846237355,-2.9746864399757316,-1.4234393161767023,-0.3642029353252703,-1.5515281212720995,-2.5855137212514396,1,train
-0.3865167234057485,-0.15593392568945896,-1.9553138101639318,-3.2618886790444837,1.063520886998695,-2.9127075931343676,-0.4795676726262207,2.9679282778020797,4.860667890898373,1.8700021364403023,3.828084265592598,3.1574151929580268,1,train
-4.64025562031662,0.5067541256799175,0.9626376304624156,0.5968310201848981,1.7265389840848298,-0.784276160568175,-0.34490909888817795,2.5822119858935144,2.870445155635446,0.9776944064187001,1.8505879532663414,-0.9421191979770405,1,train
-3.0654315777826575,2.448730582638384,1.9865561180950402,1.9291935987874824,-2.30596224302468,-1.725208832576307,0.7037510314558681,-2.9931622796553494,-2.106634173449455,-0.880768649222058,-0.8235492022135031,-2.4626034982810387,1,train
3.8802229930410435,-2.55873956962378,-2.5255271583695444,-0.1291440262874315,1.6322433522900992,3.621809214148949,1.6322987851794264,1.7221335386159307,-2.8637486860915993,-0.9797328120941992,-2.7989494064654656,-2.508937797268263,0,train
1.405146147845198,0.13999383521144138,-0.07908785883169767,-2.7346204766459374,2.7035875992583662,3.3320998782896467,0.15578696830084438,4.013907208663852,-1.4525586209637875,-1.5938843058015966,-0.31840216258680365,-3.824913070530836,0,train
3.7792377877480967,-5.152573523259111,-4.746974559254524,-1.2856488083686064,0.8724456778916261,1.2835133607964408,0.14603835598826648,0.8531473585136842,-2.3165149087855967,-1.008559923355242,-0.5898738213532446,-2.905428744707608,0,train
-9.36510507281875,3.20062784734516,3.9973933852602794,4.301305268355721,-1.3167534622247676,-0.13024627168578196,0.8397639626649342,7.931234917766947,1.6339329740734652,-1.2732827467209116,-1.8022753316243847,2.164870424761167,1,train
4.087102284237719,-4.9183460787206545,-3.5395498620888097,-3.2437044975326237,2.3420095597931367,4.236204772420193,0.15098165244449535,0.6746277304609414,-3.9634905967034477,0.6097280260921509,-5.29473625417838,-1.7853267359107567,0,train
-1.3723732082504752,4.316613975412098,1.4819725655185738,3.125963008654575,-2.555577359923871,-2.058215531527018,-0.7369716426454465,2.2073207201354115,3.8474890305172433,0.3864627017789017,1.5825869114484614,2.957960620621295,1,train
2.4540561625688433,-5.698808274558848,2.4910699438787365,1.8916535363679468,-0.7585696515050047,-1.7579410918680072,-1.2447580103464992,-4.554804699681535,-1.6197949345469418,-0.3175789447095495,1.9271865089598326,0.7752241092937189,0,train
2.562449789333394,-3.0250804031487206,2.440350312732696,2.7538526652392794,-0.48313243103135006,-2.5642139300845126,-0.45979818905887926,-1.1543395010881459,-2.4547721019885502,0.8363010839408657,1.7907105923050484,1.7004964691672873,0,train
1.260980763788464,-1.8206212384937612,0.22198785211886518,-3.0107380054916515,3.3047551622335414,2.705247998553245,0.420857815029071,2.2556413056983047,-3.3945190844495565,0.8780942902193692,-0.8484630920002416,-2.5774630888788908,0,train
-0.40645729706064815,-2.5447259764714527,2.0223959528827447,-2.216720726444958,1.2973834975994576,-2.1539484330423155,0.3284747974478902,-5.6120153977456475,0.9736299572044778,1.0871855873264311,2.8292451511165115,1.885545878018711,0,train
-1.4944615888252306,3.3325179190278313,-2.466627536626401,1.7250355783229305,-2.9467852802077372,-1.4555641499029006,-0.2860785018340951,3.3582547675446497,4.12405133921922,-1.7141801918142499,1.9315770973497073,4.235784683730742,1,train
0.44358943373467485,-2.4827255294354473,2.1779023648008278,3.3787703436424845,4.310424456697888,-0.15394308537578993,0.9578064496667422,-3.9093098509255926,-0.8895867513066729,-0.6634298285546227,5.230576023863531,3.6867133692135585,0,train
-1.4619604567077167,-1.2940336062684819,-0.9288147166585379,1.977800148554578,-1.748311233864197,-4.24385531178061,0.6151116869186605,0.2404726916479234,-1.436005860054183,0.4194277452812631,-3.645406639082064,-2.640750502128207,1,train
-4.914361026071967,1.9049929377769768,2.9236407493220318,3.5806806422834034,0.5690322058018333,-0.5871730088132097,-0.17148399249434257,-3.052169387049542,-0.7137672848623295,-0.24930885699409522,-3.5640790411375542,-0.8037045443687636,1,train
3.0792862656813327,-0.7877545363243228,-0.043464421541041354,-4.65524306936544,4.141034610042155,1.3943019194337753,0.7508915097711291,3.2573031538232486,2.42752768080895,-0.3519000035409682,-2.9256145026232856,0.29218877188875325,0,train
3.169696144629783,-3.341678152803623,-2.464773849019541,-1.6488716592329027,-1.440849495276506,3.656611727603335,0.919584609986678,-0.42965329081117476,-4.465898433896776,0.04515519613573397,-2.6296962410751545,-5.968663324327613,0,train
-3.2104106152728997,1.3849863699488747,0.9293117879049428,0.7650296836641388,-1.289667769177166,-2.7415111400866237,1.4122222128684148,-1.77632909725838,-1.5753364199051947,-0.30831571299975086,-2.6185066885090724,-3.61180268742934,1,train
-1.129750250953112,-1.985223523501701,-5.348541074079344,2.7278180821859994,2.7651289724893333,0.32839350802946776,-0.4607342973685182,3.8055169989042374,-4.203895225296911,2.7055109819429557,-1.1202124846937809,0.08073204627270503,0,train
0.6669804365573204,-2.033864382896909,-2.9066268326935276,-2.4246852107315604,3.385057818803352,1.2950206992002353,-2.0552338166895665,4.031907167949672,-1.8257859203586222,-1.624632174259839,-3.2758458099832595,-0.2368683956654527,0,train
-2.0917198037573463,-1.568996591658148,-4.383615502984319,0.8716802213925794,1.5729046423574888,0.03302364270786029,-0.12915070170721343,1.347956398600515,-4.6526881721817634,2.228653672833501,-1.3676509798760392,-0.5131770074652564,0,train
2.828031785065941,-3.8887365263740685,3.3576268039860455,1.9711927734258337,1.6181966636138834,-3.8497279208766435,1.4408088364902634,-3.820182587702586,-4.230092658581055,0.19515179016909937,0.9349100176522491,3.5244853105084317,0,train
-0.8994807274927483,3.444658382490272,0.9184682178864427,2.373867057621691,-2.7554907339133035,-1.4540099833325129,-0.5242583358099101,0.0024756021412661866,2.409301266597665,1.6029207563768377,3.299718523747278,1.0753199296792775,1,train
-2.1977083234062436,4.190721289924344,2.2976630773104585,1.5213843955917072,-2.643971410193867,-2.6006284014629077,0.6112509249159624,-2.739562324313856,-2.9474254358955116,0.009397664003142896,-1.224572177063843,-2.0764826995434387,1,train
-0.7785871558592758,0.06130223184171957,2.620541539393522,1.7332410303497492,-1.1797289118092906,-3.6697483245377196,0.2859941313688498,-1.1451020690132112,4.638442505712172,-0.374994207658042,0.29274490413828946,3.714522372735109,1,train
4.360217833783853,-2.3309956802701284,-1.6941781110133824,-1.0633658999729623,2.637941138291175,1.8736760224427087,0.14666786362721976,2.474785988606056,-0.16037477037279935,-0.4059072553602681,-2.2053602210485392,0.14421215373528895,0,train
2.1171292326551687,-2.9766860883651063,1.8647799164493903,1.2787826406418914,2.6561278100590164,-2.6686558132959717,-1.0703599670886839,-5.028475177979324,-1.5647697783408743,-0.008088820968421739,1.4688979982310606,1.7866715043010772,0,train
-1.0580337212671491,1.6631210110944243,0.1534090402620576,5.628191449941857,-3.08007620091941,-0.08655621078747755,2.0428254193059305,1.419555581656989,4.053676029413548,-0.18791976695512205,0.6073147511961374,3.6618842394627396,1,train
-1.7013098802398245,2.770747004832595,4.133074675525288,3.004685887675444,-3.337379497799689,-3.179533816437723,0.6995964862868891,-3.0204109582046796,-4.85535647473312,-0.9004171627713208,1.7575168652876672,-1.3889382052882449,1,train
1.97734768257598,-1.3735522314686475,-1.2801822814269221,-5.905774166479874,-0.3710092725822327,3.0495361874412437,0.07264838803150431,1.6196425006334823,-2.9871064768332727,-1.3186018544945666,-2.6726103781052686,-7.584543535807792,0,train
1.750064863605751,-4.6120918181886745,2.3431616153929222,1.7180202735482117,3.0347123563088516,-2.235427352571029,0.5232457924422872,-4.569173785932754,-2.9383797926437523,1.5708585450813946,2.4451109598581837,1.9396086829629655,0,train
-0.36057578213303887,2.4045611490589933,1.737925653963478,-1.2571938319158256,-0.61584322207764,-4.0895763257022635,-0.10097142293728338,-0.28825803385195026,-2.632595120430545,1.0115223210712851,-2.3393828061579094,-3.236124651995534,1,train
-1.39568882970398,1.5212452848559739,2.321006538763533,0.7321524270152309,-2.6793506339053783,-2.2895500826641966,1.2286034837915456,5.130255301167574,2.552413760834538,-1.1870241541441056,1.3703372851192526,6.105917482015505,1,train
2.6820540650412967,-1.553034421386305,1.861054107136571,2.760390155550726,1.3440171283766384,-2.262734558437808,-0.9071451156974191,-0.5720600824564617,-2.62161684615329,0.8248623696767239,1.3567093909101777,1.9149021768524777,0,train
-4.913894179705454,2.0981957255390076,1.2969460789610952,0.29723274878950634,-3.8673218703514847,-2.0598808239248285,-1.080977292912399,-2.404518002859022,-4.1864875503411065,-0.8001834936049934,-0.32093278704299677,-4.225047944740439,1,train
2.605118903522095,-1.926767405537278,-2.998545039110116,-2.524878829363493,2.8979440692825498,3.063352447131517,1.105413730370984,2.1180279649892166,-2.7704158674067485,-1.2065635072855583,-4.010089297247365,-1.6915476167334154,0,train
4.002783150016345,2.090248122601441,2.659206348438204,2.5711558827254257,-0.2996785065275782,-2.199553105071251,0.47343533048010306,1.3104460942045342,0.14470964273330678,-2.0973496127372235,2.001126742071276,2.5926171328621113,0,train
1.5286428646176136,-3.19623025119928,2.0649742228278325,4.274263116978017,1.2247780818859395,-4.282821053148323,1.1723049236502494,-2.957169659469863,-2.6769710414444483,0.6695046564965171,2.4505678326022418,3.96636161032312,0,train
-2.2090710588224907,3.938593537056045,2.7366045357806534,-0.2880957114072342,-5.092422083719953,-3.4986633029993,-0.7097219661515242,0.48895667525397,1.7350276811921193,-2.0001654803505047,2.894920537890037,1.0645208791229601,1,train
1.711380381999188,-1.8452101262946643,-2.514150646312038,-3.3089493687896745,1.7531616030422945,0.8285351670083245,-0.1876080134604989,3.0262993603197743,-0.7418310091740086,1.5750789960580502,-3.706358543269114,-0.7912775279039441,0,train
-2.1868486134915637,2.3942628207995162,2.2740160966682015,2.7837407536120775,-3.1574169513859234,-1.4463462646444705,-0.8124918718263386,-1.965557905906191,-3.2627439953123867,1.1307591888775945,-2.642002377800891,-1.6938976005312283,1,train
0.12692884794859438,3.906619278080267,-0.11603216400518868,2.0812204439614526,-0.3234896804598497,-3.982140061767873,-0.6335287908334503,1.233084580280241,0.7296369071192101,-0.1921674376317765,4.681167002616826,-0.5593436774497054,1,train
-2.122735775037741,0.8071394763805686,6.230283164471726,4.2087698558225295,-2.245370110742572,-2.1983828044412013,-0.9995132065492073,-2.6375528232613314,-1.6647664949837613,0.2063256834616647,-3.413412909905705,-1.9429907694879043,1,train
-3.6477307549685865,0.8128155256697571,3.677611930930914,5.593079509165294,-3.6666933263662465,0.6210990534658434,0.6206346274578431,3.075953108367694,0.6201930218346965,-0.4641816269006074,1.365542677038301,1.685408642683743,1,train
6.128203861812498,-4.520253983412949,-2.6164975664806933,-4.973645701398829,4.404837319493483,4.511351657268412,1.8203668454480313,3.9777857630420614,-0.22144255356458453,-0.33104647838335965,-3.718968574950524,-1.0742334609936997,0,train
3.870252482640386,-1.8669452576178285,-0.4693907499562906,-0.1732688629432224,0.779916989631324,2.368781381291284,-0.7985349346605033,0.03414610670103535,-3.1227900543854297,-0.35575746551633375,1.1438821789837745,-5.728885223448842,0,train
3.971305104860538,-4.51761559163615,-4.233338099501712,1.0955714146599087,0.8278581181634044,2.241961918955162,0.32660976937708575,-0.6177221853898129,-3.5610951844154006,-1.4647963341844132,-0.49774705826776455,-3.5108493971301793,0,train
-3.962469008552986,3.4500138658708672,4.5857881982457975,3.7843609941865415,-6.245067002554777,-2.0456865841503395,0.5044419542357942,1.8892560334756865,0.4986821890990898,0.6094421563691008,2.469384972765364,0.15975619682757225,1,train
0.2577162238597599,-5.742181055046494,2.6718639766654433,1.5942568359536418,1.8209869410228507,-5.288566802479769,1.0363877121227976,-0.018317332496907035,-4.216021053172233,-1.0441427982089504,1.9152680948812277,2.307993318441589,0,train
0.9502679504041169,-0.1740414183223642,1.6803619601122906,0.4500079894778646,4.874350888704583,-0.9692139434408333,-0.09779871825503793,-3.00072886169772,-1.5632031798154777,-0.1928430014696308,3.026017113210838,2.3739544844488574,0,train
0.4741038668053559,-2.320937322145992,-4.372636131796316,-2.2609788991853197,1.5209056426436027,0.29486498880411194,-0.5259198053265856,5.046540599502023,-1.5349806129484747,1.7126690611646653,-5.177027672224357,-0.5563635270182661,0,train
-0.1360071532868119,3.225138936664273,2.220917496355169,1.7973172821878451,-1.2573926648413662,-3.576125019123606,-1.1743435161488827,1.7986983404101138,2.873806163786792,0.2057119087183785,3.225091448279235,2.238659448900162,1,train
-2.843959136503095,4.345369465921735,2.8577835451012423,-0.030358674684073605,0.012732518285968553,-4.4659323061398615,0.8111684497750947,1.0058717379370532,2.60974245175127,0.8103809396531942,1.737880425969761,0.07935565338221195,1,train
0.695275812959997,-4.265210811024736,-0.63684116222655,0.27313863304279096,3.0622992636910857,-2.982132281767363,0.8836807178572177,-4.1837426190153435,-0.4436924011896066,-1.029687827222142,0.17681358659574187,2.400139491190464,0,train
-2.0159958520722077,2.6089864493184463,2.978277034716302,6.016357098253172,-3.9861116727376054,-4.292846089281301,1.240567482911994,-3.7393565313419033,-2.773666688221887,0.3918056684295534,-0.7203046366225678,-0.6274251318764805,1,train
2.4782599060925143,-3.3674041305671256,3.7373596879018374,1.3209449166426426,2.8972981595640808,-2.6672506260702975,-0.24302970128854437,-3.673442060021438,-3.4291061317650224,0.9022585071263248,2.7310933046376817,1.2950792810128602,0,train
1.1284492204177081,-2.622977619537995,1.9859822200207313,3.006274347853363,3.71413560749375,-1.0704793067422884,-1.0451419932713306,-1.9687232870790743,-2.398628367083223,-0.9815751213854822,2.926200825979346,5.305397592549221,0,train
-1.4629587935179909,1.4810696202509275,-0.845804098392783,1.3903754641330948,-3.821631623055124,0.9197512680231363,1.4798477575589446,-0.7126671977763224,-2.315132056765752,0.46312390096908784,-4.040786866671633,-2.518323791926671,1,train
-1.0253524816578525,1.2428108966794662,0.9420225202236312,1.521583058144568,-2.4825241516875565,0.011247767035948986,-0.023835560808741607,-1.0816052196973307,-3.150091398329279,-1.7628804677741843,-1.4800012876481152,-1.8454587099550874,1,train
2.3179046073294503,3.4106902870066325,1.9732514454279964,4.800173561760417,-0.795216182054238,-2.557922542207555,-0.24750531240093923,-0.493057131869608,1.2932734378632729,0.3259562370872913,3.9573198122671283,1.4210424164181985,1,train
-6.226233764784721,0.6657118626532792,4.685022199011824,-0.2139035075496829,-0.2335127620105677,-2.122116493888162,1.656908576158854,6.704488506689527,3.969430185588001,-0.010314549136929602,-0.32418696387704227,4.364477958574787,1,train
-0.30864704307217394,3.7234501376187055,1.6665086910401015,4.245964798741935,-2.465497683873554,-0.4205436358981043,0.929410794012474,1.0243908153413275,1.743768795010068,0.9335357104020675,3.4552938402634976,-0.8956224116851983,1,train
-2.5885471991160443,1.360854885134604,1.043558649346724,1.2459513711674386,-0.7334912664940021,-0.6773276647547615,0.39741225793216195,-0.5813075505032406,-3.658307076217981,-1.3641013708438188,-2.0577017417809818,-1.0176583555461463,1,train
-1.0581812145429206,-3.3430932732048126,-5.174988906674956,-0.6315562685277023,3.9307431311358227,2.224191906128991,0.27313607709676546,1.932313103027188,-4.194426655126688,-1.183693318823337,-4.306229415276673,2.284510561317709,0,train
-4.252849164472914,2.957466256517911,2.277817184464769,3.5209202818056697,-1.452567838683755,-2.3923100700477358,0.006222023298174971,-3.893158588749147,-1.7043742353294977,-0.6210383956956723,-1.933754677725966,-1.995542278367751,1,train
0.8316775360718529,-3.663730780389744,-3.6637047298919967,0.9827690629652577,0.7478797647583706,3.032466519479504,-0.12519969414948445,-2.1534623705437976,-6.2837114381797505,-1.7605819777216658,-0.8915873429356569,-2.8715041959952052,0,train
1.8407160340988589,-3.108172425218616,-2.3762764626531236,-1.2356237061862183,2.8469189117833116,1.1061946252389878,0.04783181563353543,1.0628654495891572,-2.473960437873945,0.4881448007407705,-0.991056636724313,-0.8289489583929215,0,train
1.252354527223992,-1.866164961173344,-5.058269143703471,-0.8517887434986093,0.2100034196402003,-1.2858494016858453,-0.575599301789108,4.167745342574452,0.290987907620166,-1.3301798012125836,-2.696837002034882,-1.6682043556133852,0,train
3.2602360449477885,-3.3769748758797498,-2.7601328997156456,-2.5563490066050214,2.4038666845305627,4.826298021301943,1.1272314937730723,-0.5372813182481959,-5.00401945073021,-1.085630551261862,-3.537074540610779,-3.047916483985801,0,train
-2.7554893335775996,0.6945449522374214,0.9599455575628351,3.7261100854950273,-1.6784662634685819,-2.4675862263580113,0.14151333159678903,-1.7419152408485756,-1.4220457961527735,-0.19955736830899704,-2.9840065716516078,-1.1543358971898208,1,train
-2.0780233831170722,2.243236501590109,0.943676799917978,-1.4656414407681146,-2.453226921252567,-3.7717921849436347,0.4653172594487999,3.030597715467212,4.1522939348807615,-0.7650821151968457,2.2304085585770714,4.616258062484791,1,train
-0.19659040832719565,2.4222905922235682,3.2687730829955512,2.578568513253298,-3.418271036455863,-4.465926448253285,-2.1853821032733447,1.9647849128210657,2.341376544875102,0.0821782961445658,2.2557048451095945,3.8262173454135695,1,train
-2.5585301986839846,4.473556292213771,2.342200794345588,2.149226610639062,-3.967933046563,-1.0419345963192805,-0.5053982269643744,-3.51701297428016,-3.6306734331289157,0.3547925979006535,-0.826148824981807,-2.54689379375846,1,train
1.886234423212949,0.8425714735402545,2.824846728254958,0.144395377489845,4.810357846544932,-1.505330640354138,1.7495475770754705,-2.366670389027785,-1.8408392904990427,-1.142740184536719,2.494011915899736,3.529709013630861,0,train
1.5387411605385677,-1.0725054594903618,-1.537661073729979,-1.4393460987430844,1.4796474165325693,-2.3546347043603726,-0.5943590766973069,4.406747239407739,0.8627311656391101,0.8930024160478304,1.1147511034703887,-2.2327496375295346,0,train
-3.1272790187046597,3.752393828366745,1.3206448616913051,1.4495759356873132,-2.137314956148126,-0.33179963110971333,-0.8567357946635198,-2.9615261369726538,-2.5572284174525546,-0.7810319856973886,-1.4531391967377814,-2.1041915545893346,1,train
3.3465618743716554,-1.19192732507675,0.08060475980392345,-5.482774705569483,1.9066671012480265,2.831437725359828,0.2008247093397244,3.4535657751950852,0.831245380421985,-0.48273166592109057,-6.372081585319352,-1.2237528829335025,0,train
-4.52278919481696,2.733218818521236,4.6745723722035635,0.88909430751777,-5.443348306492327,-0.3725540317071401,-0.3067331895538239,-4.8474047386062065,-1.8268031787761807,1.0449043936078626,-1.5393348179984323,-6.470713254220442,1,train
0.8342889394094413,-4.266536842348131,3.7733237926638523,5.574596754376446,2.262592571321955,-3.784214930703368,0.7184925057194542,-1.383071194875789,-4.724763413063879,-0.32337907561384077,4.894059445258845,1.7864049358514833,0,train
3.58623498815827,0.7640232669130849,-1.3844611599424232,-1.4679588360517193,0.6558362280955397,-4.638111371706952,-0.2795022213471088,-2.0972236448458075,5.30158586944182,-0.5596995654649968,4.61350391837726,2.2175611699323907,1,train
-3.7540701771264153,0.9000063781275542,-0.3392049064289946,-0.26404159545823447,-2.0600860637782934,-0.5939657474052846,0.4505649935429974,-1.5718888730138354,-1.4151125136062312,0.12905799706583052,-2.594776699951422,-4.188707732316443,1,train
-3.4083318354671484,0.06304512148929842,3.60616971182729,8.219926165746013,-1.9592284994711409,0.20119907038100138,0.6785627966641352,4.277275408551359,1.880031081168621,0.2800711845364772,-0.6196239743008292,4.2408286740466545,1,train
0.6465346018797513,3.8176754670147357,0.8918760585673482,6.082452931280768,-5.430296576093383,-0.35193557093533756,-0.43853005489490726,-0.7710052568515238,-0.07114481830632924,0.25478366285828585,5.9691161884082256,-0.5320352974694016,1,train
-4.434809949129102,1.7365983557455413,1.3402350507235217,0.3467373259353401,-2.168347862160634,-2.740460974072055,-0.6518155068812551,3.443076580338905,2.561855639388728,-0.3511360351302755,0.8262492069229792,4.444084862201861,1,train
-2.7801752879251542,0.7695048546524101,1.230723993292799,4.115087886311296,-1.9000707827020928,-5.065763429994538,-0.8461847260540655,-3.1057070071655843,-0.46725618607927055,-1.8352778703530641,-1.465913956431635,-2.49463089679386,1,train
-3.2207687090804376,-2.151757332754393,0.19023613360933123,4.1523319447112135,0.9827425159396834,0.9271874665901585,-1.0817524778061887,1.056508309257374,3.3720815873677106,-0.4560481090254048,0.3555937986939104,3.657389348389013,1,train
-2.6179225444092964,-1.6444150101486579,2.5676868215359376,-1.6874553725151809,-1.0812867243128828,-1.3735403333125091,-0.8413538057800338,3.508979560435714,4.1275191533192075,-1.2957779289133813,1.6914776442806714,4.188317442290197,1,train
-7.5478575004064155,2.111444351242346,7.786098045477555,3.9826792979218757,0.8751845928364488,-1.3072051087703978,0.8796096203934027,4.172332177849576,0.9653596577749226,-1.3144700468133073,-1.2871817313808576,1.4944697386267982,1,train
0.46432657295359636,2.5335141750637,2.890638258545586,2.474976830667493,-3.3665415868838817,-2.8258764996747314,0.8095873153453221,-1.3161578692070157,1.0981356095589312,-0.6936272439611534,5.15003656230048,-0.13842734052606298,1,train
-0.03188314823763294,1.6378940705668317,1.0265008014458838,4.2435100649747906,-1.8515115129601791,0.23975479749429862,-0.13056021660770187,0.699859030984036,1.511724011161705,-0.9530503615646766,3.7788095363241454,0.5120532288618485,1,train
-1.3548032453555092,5.1268507926349836,2.6180279297728735,3.7476228336918513,-4.028191692066451,-3.080027998184492,-1.5049118286895529,-3.8360064505759186,-2.3196387431205743,1.7292654169629067,-2.2975368049853038,-1.7193912383772345,1,train
-1.6988040293747773,0.13147365876487704,-0.35366481850696196,-5.435497073073776,3.949204864036752,3.1589294726153287,0.30661278813295173,4.478006293162359,-3.103169160142803,0.7415883221284931,-3.4125896795278314,-0.6946829664743879,0,train
2.859771896475485,-1.9457229892855095,-0.45900025595820626,2.021719029411607,2.0300568774250007,-1.2989121740702605,-1.650552552642913,-4.525745446135293,-0.02258270954051067,1.6129899606564886,0.9643097509109404,0.33019419980562126,0,train
4.707939918489987,-3.203860677296794,-1.7574416047205395,-0.3125718460404623,0.07601951519314287,1.3090125956245817,-1.4276980028080108,0.06438293356081903,-1.439006943846194,1.4746591143748244,-1.0002656395794498,-3.337014847160103,0,train
-1.679436165285446,2.963443200112162,3.620716967340495,0.5614258726865715,-2.376652344344548,-3.141524634576636,-0.8894593571965136,1.830446701163059,2.3424289329898897,-0.5617538680688996,2.3839708648338735,1.7779244780607883,1,train
-2.6390691261553543,2.7154987262324237,0.6800286100503861,2.649483252467189,-2.2755608424238187,0.6368953465562939,0.14663713629590952,-2.1067967899329956,-1.9093523845478564,0.4269820312311367,-3.869218196799416,-1.4659248255850148,1,train
3.2272785187188435,-2.755988125322444,-1.6569513289053772,-2.197501195537892,0.6684738829470231,3.3848220634922943,-4.114495828487157,-1.6945356516238639,-5.214776600262919,-0.1767900334521364,0.5827788627777872,-6.222655186088139,0,train
-2.9609326470590407,2.1620363702631735,1.4344262039563245,3.5458653948640064,-4.279279157836198,-1.690334966851736,0.394824143405621,-3.2972152622015707,-2.2211768879134035,0.8241620748471093,-1.558772282583827,-2.640009656094746,1,train
0.508972895383758,-1.0469779280600744,-2.736186462347884,-2.1236314343054503,-0.14608291617049707,1.2216267785706405,0.012277738519766393,1.698058948086218,-2.6021196845430277,-1.140025867070516,-2.3610875120852026,-4.255327604697792,0,train
2.767572244379485,-1.1989879497988838,1.32828728548217,0.951511109575031,2.8311816016128444,1.1102393166073403,-1.4755093467508984,-2.737436978379317,-0.29983326087694606,-1.9264943636475218,2.2726275910736584,-1.4328774965357178,0,train
-6.526121313537691,2.2244544276874927,3.5841014095389374,0.32672001298594755,0.261500317477819,-0.9845343590518112,0.2974891704224568,1.386825068850762,3.733019113466998,1.0867458310847276,-0.49155511601142887,1.0833434293270916,1,train
-0.0015463259819896713,4.396403475167813,4.001398545665603,2.7162484848244763,-4.706282867608694,-2.7151285430884506,-0.8650846901724877,-2.405694134627252,-3.3972706367176606,1.4296437125262016,-1.9559648212276686,-1.6366367529899657,1,train
-1.4840142824340252,1.9592144997531236,-2.2097864119483157,0.7177909281560373,0.1293844791279164,-3.220827905894959,0.5569548286849266,3.038658889999832,1.6403035472155927,-0.655184277604564,3.6084159660246957,1.596882066789489,1,train
-0.13013234184872324,0.08643855804823497,-1.611743549048037,-1.1815688830608022,4.288845746568319,1.507049030538035,-0.7204344483963124,5.295876770914015,-2.893142405731375,0.8768654414413827,-1.8142903783296762,-1.2102118267867947,0,train
2.8503763769516244,-1.0374840022736196,0.3634368131350172,-0.6578912129096735,1.176563771898944,5.088674780935891,-0.5487103318424676,-0.6112746800842035,-6.3412633358140615,-2.15596396632067,-3.6287991325919067,-4.370041831926983,0,train
0.8757487609606187,-2.142858063674513,2.399946694638378,4.791993545020785,1.02776533069995,-3.3200146382404006,0.9935657610226969,-1.2042996020987906,-3.0794689708603236,0.4642080169896981,3.872204498606036,3.3863445602704334,0,train
-3.1108412525583296,2.6930767795278356,2.897414966391489,6.207228987715268,0.24712396147209947,-3.8787467702309817,-0.23678234037152082,-2.9299862482871664,-2.315413434027209,0.7252793048334726,-2.3962038756735264,1.5987058036093367,1,train
1.2438735640144762,-3.4104877240152525,-4.521220071299693,-2.1992044566671343,-1.3339288691916686,-0.5568088538148461,1.4106071342112634,0.7948103808129794,-2.4576050369648077,-0.9615907171146428,-4.11372122439777,-2.526603330686095,0,train
3.129346602366107,-2.9206041606114317,-1.9098314214777594,-2.6162003584515694,2.9394548704519443,3.1941818568574956,0.16253456006598596,2.1304926928051784,-1.8269767972644513,0.12498834089256476,-1.9198823272032763,-1.2806852812459555,0,train
-0.12835812581413997,-1.826186610657879,-2.7947191801702447,1.058174253753125,-0.5712990286526374,-0.5551627297590866,-0.8072775366562801,0.16612182234434147,-1.8282397254486098,-1.4891453037208258,-2.057042889857515,-2.1838900500713536,0,train
0.7532704271239608,0.5492314122036872,4.486055062216268,3.1955118488382332,-2.7590060785663106,-0.32707850234350566,-0.8667758393240257,-2.538784682009177,2.9817263152128195,1.3816943663212233,2.5843639941243497,0.9864845539623446,1,train
1.1805496949812762,3.80829825134508,3.118542124277285,1.5958991540509655,-2.466808935373044,-5.240669240343744,-1.2219551371616724,-0.17354044189637374,1.7072694988425487,-0.20681435071508444,4.3856730160953195,0.5733013765012716,1,train
0.4811529354185162,-3.4428393883442303,-4.269977709647197,-1.1344026132608978,-2.0916443678821803,1.84992470386883,0.6370012388459121,-2.0914720897422434,-4.309627804962389,0.3058297462103902,-2.946252594335542,-4.567838413603224,0,train
0.18242707987947382,1.1225783317013793,3.9171711944653795,1.957821562266078,-1.5016847920489131,-1.8702575386012306,-0.36767733952432274,-0.579783879457366,-4.604241707847233,2.5501052637628105,-0.02952567623108493,-0.46666498130428824,1,train
3.8982422628303346,-3.422807889158605,3.4080085686759554,3.4420918486287357,0.9850640498025043,-3.9919209581402963,1.855002920096915,-0.6264827208576189,-6.095823347712141,-1.7741665348849722,0.8620398782136991,1.6212936827149964,0,train
-2.540016298429033,2.551645665914479,3.599253692296241,4.619331306145881,-0.5556333169313521,-3.529068707251131,0.08633597233658608,-3.327515320474253,-1.6318547503383316,-0.29925354479121835,-0.8173139422939439,0.06052819534794329,1,train
1.3284591066717755,-2.361306354355468,-4.801875913719215,-0.07602990195389303,-0.45282562652007385,-0.366572327404211,-0.02733447878757882,1.7657304596253285,-1.0277017677344127,0.8336651813034066,-2.598011578439463,-2.392650423236806,0,train
-0.7818354747859626,0.4214078749646697,1.1403175147514721,0.8772373504062885,0.22662397549098312,-2.561575277419605,0.18197935006037086,1.3404031543890542,3.3188629725566328,-0.8885044877997594,3.097720207257358,2.5219234645937547,1,train
-2.0551103764654726,5.714525402288729,3.1611254996370155,1.3873418204854628,-3.123023462839009,-1.0597887479308257,0.6331035208714495,-3.5419867683419817,-3.263024824604055,-0.7959115985823848,-2.1550038326560417,-2.5690162166077855,1,train
2.45720588942946,-0.34391466575880436,3.0960449935939884,3.4891309202114473,1.7416719761104746,-2.3569811227574546,-0.07693558191230672,-1.662994099775871,-1.6502677170967186,-1.0571267198076237,2.7625117008367384,6.771080154374918,0,train
3.6037231303974804,2.848307476670584,2.53775613475082,3.4756606918693755,4.960561875903748,0.28428653660451664,-1.1003239832305507,2.664822471651358,-2.8269514900392343,0.4325206656260462,3.3891752948986418,1.7622224573945815,0,train
-2.4371074891258435,4.186996499676074,3.6806136480370792,3.3735250079759798,-1.3439876414249619,-3.6053071388028037,-0.7130273098889521,-3.960106938649398,-1.995362196219198,-0.0026501814490115126,-0.4467027312059699,-1.0345245154222575,1,train
-2.808046768741426,2.7890560672893994,2.0271644338815396,1.867103822161921,-0.5218038127898725,-1.6612117709349343,1.419013987599133,-2.0280595853843235,-3.5689788928903265,-1.925223225070091,-0.3874590428953568,-0.6682216718119374,1,train
-2.235966288008996,-0.16339989093459772,0.5486397739015316,1.4171438127094502,-4.671635534269557,1.6592055675773514,-0.57868700197643,1.586932049128692,2.5342053528924366,0.44160841328305955,2.676181398730399,2.44041472864973,1,train
4.0265775692812475,-1.5978674936962007,-0.6781699509712809,-3.2444964164920753,4.398635865159799,2.381138024175844,0.8128977045105348,5.150782579523137,0.8089848880939505,-0.3475543817550162,-2.8271607697483865,-0.728576852715749,0,train
-0.07418156591884717,4.001119172564447,-0.38192261944472605,-0.643734636143281,-0.2865004147737775,-0.9900913332491177,-0.08947525016409134,-1.0029606505344515,-2.224609592965967,-0.8044206520614452,-2.343678705558165,-1.74984484165416,1,train
-3.4698689749142817,1.8974163754150175,3.214540580569153,0.2585577938224375,-0.9904154214641068,-1.3813773339387638,-1.0107463259687197,-1.7918433024394904,-3.1111281553832377,-1.027148715991777,-1.5999901186004508,-2.940384863553124,1,train
-3.574441259531068,2.7466325337697475,2.8081745393112962,5.942571650778762,-1.5602290071005125,-0.021335877020399963,-1.7148475163662595,4.2240164774685445,1.4282147180152407,0.04875921644864233,1.1336041243070951,0.5324763798945886,1,train
1.1805287196291911,-5.0939135187221485,4.276447282348128,3.5328647652663543,1.22109481171172,-4.019644058089753,-0.6268578446441232,-0.8666454514692885,-5.485373777999739,-0.10709074021892294,2.7304468821717576,2.580332135478193,0,train
1.4319756712572849,3.352038883601117,4.49201668833874,0.3628889726920006,6.270454037366363,-2.46936921851948,-0.6939494451883014,-1.900018976400256,-0.934779005010125,1.7204397659061914,4.619012563018268,4.858092893811483,0,train
2.111947442479609,3.2380532146621244,-0.4499415160385589,3.244464838466781,-3.295319623940447,-1.8479992589975445,-0.6177420241010245,2.5238070313134267,-0.14080707700449002,-0.596966605638578,6.480851258642049,0.7392925225348881,1,train
-3.0227201576488163,1.2293004048774665,1.9744731879330795,2.9023610388903074,-1.7602827105718348,-1.402481615308143,0.9615406036663431,-2.2993359300617913,-0.7666711986354104,0.289967526715312,-3.0334595532915114,-1.9241938545683572,1,train
4.739093240220955,-2.6766410748830727,-0.6311138914217671,0.8953993934850895,0.38332355689090347,-2.257012063235938,2.613229266615347,-5.03607569413159,0.19216399906759474,2.656287755736767,-1.7819153682138222,-0.49584273162460857,0,train
-0.046722123060326304,-0.18669154469978855,-1.5935320939374957,-1.063261145666117,1.9862307808914295,1.0003094149194194,-0.40484363132869156,2.647557944870279,-1.6019178475963551,-1.6743704807686906,-1.4689287891899374,-1.9828669076718561,0,train
-1.655355585147643,1.5217076392317257,3.1710310313378693,-0.15376707868333384,-3.684780096307398,0.2061490735045295,-0.7995438084159742,-1.62900586236609,-3.418078538744645,-0.805405060864676,-1.5228518619510374,-4.255816351989389,1,train
-1.9577871902770623,-0.3403672725567022,1.7283057227908112,-0.2953482797629543,-6.697458765726095,-3.196725521058159,-0.18195892062217983,-1.4976726386035808,-2.9847981150927723,1.2885644613363638,-1.9674670178883584,-7.24052423792465,1,train
-0.5052529649865005,-0.9428052125167421,-0.4180022149125442,-5.17227297379271,1.977688378034066,1.2655141806126526,0.344712093404528,4.169384167615168,-0.6376620671794899,2.8276698651133554,-1.4596500179822531,-2.8748732072112593,0,train
1.5953400982335495,-3.0187426575507565,-2.4396389455356764,-0.7244939453373125,1.141655427760726,3.955489373103682,0.5603791417067294,-0.301176401283191,-5.02519779597581,0.23218148100986835,-2.3755846483834486,-2.5418474454398243,0,train
1.506935949680492,-3.068213710754202,-4.131517887165198,-3.0634776839982973,3.501576978772788,-0.3716447181836813,1.4638207402334957,7.625707190187162,0.6483192740760089,0.4137161332118994,-2.194219143325351,0.3028150497694013,0,train
1.1514196465575512,0.3138688190690804,-0.31966320000493553,-2.5767233663543694,4.0376332157443,3.599111007148224,2.0576025583406135,3.8505272445003023,-2.7824599907070335,-0.34515230133877983,-3.210703623486259,-1.5117181123848544,0,train
3.4688416541562166,1.7493709675634124,1.8017654711087767,0.09318468594881635,3.8910605625167554,0.39759280422891274,-1.1546078085557245,-1.2852146020037876,0.35814733569396573,-2.193171939812029,1.868165986445326,2.388499351192511,0,train
-1.6813301298648127,-0.922568533370014,2.490579598521323,2.1108639012263373,-0.7783323680800149,-3.700180728287263,-0.07958538475514615,2.2426071320998213,0.7820223187351392,-1.162069639664066,3.323873230178617,2.6027496011912157,1,train
-0.49868687564048075,-3.8171973254565006,2.310638397280641,4.740554211822837,0.983112055929112,-2.4373840266652085,0.5089408835609629,-0.4495955119482511,-3.946468266468271,0.8654861784922092,4.055348654100102,4.800782928792171,0,train
0.5363487475451136,3.1185350951791437,1.611162281406062,1.9435479910547144,-2.696037663154452,-2.521586836133189,0.5416234883067981,-0.2218998636347096,-6.492581624145668,-0.5224773919125711,0.37397424108671773,0.42417303363666425,1,train
-2.049580230378094,7.735918255599969,3.9299212208979033,3.9971089893848033,-2.9165202871204894,-3.7487682379733585,-0.8018191863196412,-5.416627787278002,-2.397860801789946,0.9735110729558965,-1.189101670104755,-1.0453803453861157,1,train
-0.881849560399905,2.7679497881473014,2.275656065114111,3.306997529187112,-1.5424894620412095,-5.0220030204484285,0.2574614783802815,-1.172085059901529,-4.28694107875263,0.3594122825468152,-0.7097173614578187,0.4156812219641002,1,train
4.173462283301476,-2.1845232189477,1.755861767047807,3.635193803456388,1.876814897858527,-2.824120453431549,-0.12685712509107885,-3.015681727811081,-3.821725027684831,-0.9250168837930837,0.7049660468909205,1.5688796201070172,0,train
-1.29803253940231,1.2077597336102968,3.667689540423285,5.195649140746969,-0.753317003797388,-2.107750986515726,-1.8977118954261367,3.039737439094506,1.753243901930333,0.6083361151931725,1.086221025429911,3.409816184231819,1,train
3.9023355834551228,-1.7163290640961981,2.0372703449164504,1.3589037689911216,1.660916409350396,-3.0990516663157113,-1.998549787209919,-4.438747680952175,-2.253758766769727,0.9261325919511886,0.6807519222868432,-0.31649126025415475,0,train
3.216892532163117,-5.609196266405668,-5.9599961024833,0.28664949327503564,3.044177676311632,2.093005030724035,2.2009152936073395,1.7566635222683167,-4.074549808819345,0.37132955796056827,-1.560900891067051,-0.7166976608135325,0,train
-3.928109818039154,3.4849225111191533,4.623337547229319,1.8448410610813153,-6.829469819098822,-0.6793439315880632,0.605442954269922,-3.5678160501202623,-5.905748177648876,-1.087883109776284,-0.5724962986453481,-4.255918076702837,1,train
2.2711499377601894,-2.9497682288798526,-4.439509712645785,-1.8701415054232484,0.9534567008960264,0.7314205116010337,-0.15339812995629357,3.4946769997314933,-0.21498735887357268,-0.5339724992867729,-3.474985396521201,-1.1174663243222456,0,train
3.377202438418724,-0.6115197009302924,1.0391614298124496,-0.24849443468448884,4.411371029334115,2.9645201016122753,1.3977491549054877,1.7937345989055153,-3.7538326186989357,-0.8779332724277705,-0.4270665171805248,-1.1828559475345657,0,train
0.8957629105895597,-1.8090169801845926,-2.069005096762193,-3.9350075793827965,4.820037781002072,3.6063434517610866,-0.8398828602478212,4.096167749841229,-5.189859083367667,-1.710776289117828,-2.0733342806307506,-2.5258763471652315,0,train
-0.17480375924321923,-1.1931884891273121,-1.3508129554674388,-4.712428211130535,0.024306773819700478,2.244141366060491,-0.9618308596410151,1.5877738183244898,-1.1874242149331362,0.7104081455591387,-3.383287165963247,-3.361714704173712,0,train
4.537142086565294,-2.441934791800101,0.7399690385804683,5.364673273464689,0.7194362156524574,-1.2710320812985478,0.052788291745710925,-2.476023637464513,-2.3284478345673305,-1.722090682740684,1.4317846926936868,1.6861043435281453,0,train
-0.9733734154083187,1.3773662744579522,7.208179622629519,4.904631669440434,-2.6575194307406935,-3.2244195342614006,-0.6237110641233852,-0.8565506173369601,0.3641546883877709,-0.8400764209493866,2.970247828952355,-0.297430089571856,1,train
0.5502311352790974,2.6300773771344605,3.9884628828559734,4.180523482129955,-4.883823736367206,-0.037522399740442136,-1.183543223597782,0.4120156416809777,0.6049584600499955,-0.09735079922229382,3.6737117415583262,0.2755436488349261,1,train
0.5161932905844098,0.9124177018723536,0.47595766919222804,-0.3106316167511096,1.478551110810737,2.4590834861089554,0.19688303564387508,-0.28632749953447645,-4.599303636661109,-1.9687948554553802,-0.20187660356657422,-4.582303085706531,0,train
-1.8939055843812755,1.7738710961658755,1.8073688486319837,3.7934612581833758,-5.357011789627576,-1.0826422781200804,0.16647908122918254,-1.6656620035551146,4.085896377885883,-0.37139148316618087,1.0983210702991693,1.9417493116410698,1,train
3.6234511337001263,-4.122127007108535,2.116563464999169,1.5343609840014383,-0.13625612424859712,-3.3205250997821856,1.5497906415927987,-4.825360576108222,-1.9076481762826365,0.029881000956547443,0.3959018846132718,0.39400326919380446,0,train
-0.3156660016036499,-0.5329615996777686,4.3615101707359925,3.489605469092301,-3.3199859481280085,-3.3498909866390534,-0.9537476985073284,-0.8549476241232183,-1.0694729839123573,0.06472536175412237,-4.590297789558557,-2.483803536431763,1,train
-0.8917621788970482,-2.5531386289698417,-3.2607312697207593,-0.7260450354883303,-0.6715493416598184,2.102427866993581,-0.18580126932976465,-0.9515883361633573,-5.6410061525475514,1.046614216681181,-2.235645390754576,-4.28544844582324,0,train
-4.9709454687659065,0.4721897052348525,5.5393046288238965,-0.392583359446971,-3.1508980139338645,-1.5042561718709848,-1.1907507811657851,4.549246217801683,4.898852782732991,-0.12278563579626635,-1.1943353466726245,4.919765734573845,1,train
-0.15959182358034552,-4.37749531445159,1.2495308117572104,-0.40562612219688576,2.0437302169182736,-3.374853775887186,1.0496265542445526,-5.286288022358205,-1.0201219404132558,0.5967636042450631,1.2709813578831226,2.4027667309345557,0,train
4.52540403664403,-1.81869968463382,2.193482574756298,4.393850658779046,-0.5832854831346981,-1.4980566462026177,1.0312582718911143,-2.2062161675557035,-2.344114625045395,1.348831507231389,1.8447932487206598,0.35165877076109364,0,train
4.16105042000436,-3.291877751726437,-0.34817625603272484,1.012555151391374,2.78492642876323,-2.1504877380131058,-0.5037205404844939,-5.842064614145651,-2.622689665818374,0.42213060874012776,-1.526575818846772,1.2228096151677108,1,train
-2.1710570873609756,4.410512212610582,-0.06735372473494206,3.512531473072804,-3.4345437540882093,-3.3047090029058914,-1.491332082521349,2.557944607241891,-0.049632736973269864,-0.29001260737157114,4.519166594650242,0.7091931879745803,1,train
0.21782846067096462,-1.8394150464842765,0.9887241700736531,1.4547289631089724,5.5866835843331515,-3.1883089315832938,1.3795261264052492,-4.633482009791601,-2.3585435276817326,0.7059363056135851,2.2505638267419728,3.8089649653115556,0,train
0.15519024642777213,1.3075105623250525,1.1711527349889503,-6.074083044237199,2.5468307388219498,-0.2521562858234909,-0.44762266004387186,5.1771649171218765,1.39089969118861,0.8552514509691539,-1.4881867565908904,-2.1032679220630195,0,train
3.7443990082111744,-2.522242223026739,-2.5280337105746944,-2.800645897743598,3.1193428578485682,2.1939505921533993,1.5589172817452333,2.319864518940549,-0.5176926145277112,-0.45780402689267713,-4.540900507718957,-0.33705586337007487,0,train
2.0668031410339505,-3.1493034158694257,-1.947299961959466,-3.6467352199896395,2.510258893510227,2.396409382073969,-1.4900597686584598,0.7902506968009126,-2.3877674340269714,2.6938735915059664,-0.4641528858508768,-3.0102988283927825,0,train
3.383439385268642,-5.709220804016881,1.8528269712627492,6.632550221166492,0.5776642365271158,-2.0415488803605513,1.2513558840275505,-1.3043103933941311,-5.227517632254564,0.09329993500810799,1.5246909056148996,1.7542067416299583,0,train
-1.3729993536676355,1.3100736415420768,-0.45181054663910647,0.6487676288157258,-0.10572903055165694,-2.2078609730862735,1.0653953576581083,1.0559785966036923,-4.126398681837633,0.8031119346444843,-3.302007931019569,-0.42764324143585886,1,train
0.39912574881498997,-2.788217089675321,-4.585948798116691,-1.154084767894883,-0.5513903788795629,-1.570130501831772,1.3123350818300599,0.9658574600032379,-0.26817435747412444,-0.5969568596205937,-1.016575186945527,-1.788113302036476,0,train
0.9479637371258232,-2.858893536953164,-3.0955680163689756,-0.7567669861376114,0.7398984768719059,1.8199619651793804,0.8714868064391798,1.4247578847035345,-3.8922068649547144,-0.9600686490093667,-2.24951889522055,-2.7700693221374504,0,train
-1.9134546350356827,-1.027329426876641,2.5129739079201054,3.6098997992639923,-4.282852003512589,2.0423146844470175,-0.33793569091311493,-0.9623403237391064,3.2701688551763946,-0.45521445164206653,0.738922040649272,3.054668880293936,1,train
-3.4188727187149635,1.2804994824103992,4.349194986539247,3.468716532255444,-1.81576904444462,-2.8585314367615897,1.7877019210516905,3.1220585573631725,-1.1764773873009764,1.2797510519282649,3.682655432372373,0.6328039190816206,1,train
0.885826223080276,0.7143231091129922,1.5284280384088471,-4.382331315221318,2.2073502087061243,0.9014477362378372,0.7297617235594539,2.532421671716322,0.7634105828893474,2.3252954043608156,-0.20821259916801815,-2.864520039662543,0,train
-0.12740253344695418,2.6285506508164427,2.777769308824003,4.128019425299846,-6.200341827058404,0.6749540570102743,-0.30831979317267455,3.0277550687235255,-0.41292219430723076,-0.8360577984823437,5.242403464430918,-0.05684242386767968,1,train
1.1290551768549888,-3.1817251257562726,2.2937662074718235,2.610354487427047,1.9593722338408635,-3.4603739816463284,-0.2612575596378001,-0.9173335169847463,-3.3141445263836316,-2.354655863306857,2.4724540777876705,2.1694519970767687,0,train
-1.3715460982923537,-1.89836676278172,-3.8622057095487587,1.447190213443263,0.2920235136481313,1.2265301771571586,-1.4974223991502498,-1.0210519221106762,-5.340708963775027,-0.07130604440639683,-0.8059856729112029,-1.1480623323781902,0,train
-2.552409028531059,3.4079170862357975,2.2392247857280063,2.7161387403415684,-2.5458776687576092,-3.2946240393350337,0.8434536007203526,-2.3959333762129114,-3.3746031117109156,-1.259675053179502,-2.292507087235226,-1.6196203317966267,1,train
0.7062216080009236,-2.446350836558865,-3.1101962251345863,0.5902112533440658,-0.005823832530435169,2.9657400442027564,-0.3873094798067436,-0.7068375438139909,-6.235478122474358,2.027280784841293,-2.031089859028942,-3.9048418299615104,0,train
-5.79034264386781,6.623693925119082,5.624288388132917,1.4990272511530347,-3.397763031656951,-5.151657505909831,0.5168428003789399,5.075269870253479,1.0592497716894869,0.5705285544701325,0.8141422575768784,1.3932945745949512,1,train
-0.25875311725147165,-0.7944020880809468,2.793727956025144,3.6970425057394616,-0.6850024612741996,-2.4462541589282436,1.374629991543545,2.9682412200809427,0.14550808622136824,-0.6973486697457589,3.6674595966936367,1.7080273753711785,1,train
-0.4147775225245376,2.721333784168106,2.0803360528368136,1.2390422480895071,-1.8886670963042367,-4.86166761701009,-0.6120510074513308,-0.9922884545710955,-2.272533482122811,1.3392061701691427,-3.37548068581063,-2.3302542548916185,1,train
4.362526634667758,1.2534897360945059,4.600972716360737,2.8311244701227136,2.7559176814792203,-3.2617488521393687,2.044754411035662,-0.698151782058527,-4.414521582409361,-0.9309630121506554,2.4729119952611196,2.0149587072145363,0,train
0.5011722667095284,-3.232937634189442,4.272418541779292,3.7463268176825397,2.5732569686041153,-4.062884884840278,-1.6085352933989787,0.19222719610434957,-5.317689172314822,0.8780002628517292,3.67434719533213,3.1261823534115782,0,train
0.4915524027947886,-1.596146853900358,-3.703754998474043,-5.2057649856945085,2.6906283863389038,2.648639251139506,-0.26400769986647016,6.044161948326483,-1.845086659211973,0.5762408408532954,-7.383629160385447,-0.4133652705940367,0,train
-1.7202508407488772,2.588879218082038,5.012359352787827,8.365404904922336,-3.9297784624223877,-7.330575406768368,-0.3886798874620656,-5.79820718847127,1.4292874213639952,0.055195023393733084,-2.495493591314971,-1.4923829419165617,1,train
-0.5080814630377408,2.9373553011334113,2.377492060565389,4.917540791273398,-2.383358808600861,-5.979941269618632,1.3548521040154395,-2.0960136152302975,-3.0222648096661744,0.6994949949244613,-1.6213547097144838,0.23941537128538748,1,train
-2.082730204356516,5.4900377617027285,4.064089381961483,4.350945850517855,-2.281646766263883,-3.2381598365953925,0.5643628152904688,1.196954535280441,0.14016648070384852,-0.06026024038614469,3.4072629023654146,-0.6908721284672779,1,train
4.345751565348095,-3.184331362501816,-2.0705399682972683,-3.832519322687255,1.0856968092005188,0.9858200181259946,0.6152844023126421,1.5363722817333605,-0.26552797144251383,0.27447772866243103,-1.926224359248435,-4.511583014628545,0,train
2.156116565612924,-1.2330967123487362,3.9724955268565467,1.474891247361297,2.393357037911745,-1.9788145060215234,0.020389404953831496,0.6198593909181072,-3.9190298006530266,0.4551178518507398,2.864591075408372,1.9543441783598932,0,train
-5.959904256035671,1.605022658937275,1.6747244869632514,2.2834847035531807,-2.0793408014753583,-2.949579053113463,-0.49427611856996556,4.096200944609183,1.1889276512791251,0.04549855934653403,1.3063343072758147,2.301713296693386,1,train
-2.05306098641864,-0.6292123854642004,4.7954841380099875,4.120971541992622,-3.090506559831116,-0.6203384046173281,0.10842681145426883,0.4247884296339868,0.6519112903409869,0.4926295486730848,2.5989251771624478,1.3119464343175717,1,train
-5.251615793299296,1.98950416867991,2.3417040867586856,4.526142966346592,0.3119940103500225,0.04875393983690346,-1.1455085354448427,4.1995600765658105,3.261597856046457,0.27700396162599134,-0.5928433365548864,2.2382222845357105,1,train
1.8513725263002663,-1.5477609434952053,-1.611646892997756,-4.7320699212624575,1.4277267330551777,0.4371794919039764,0.6213657171335105,4.053986089720834,0.6823766451729014,-0.9403368259742925,-3.6320064596237334,-1.5606635042434758,0,train
3.8877499613938182,-1.7052663783647686,0.6076475417545748,0.44371215848656465,1.4995631714383053,-0.9439503058438021,0.695591053444941,-2.213342285609389,-0.8987440354342093,-2.0535074530341517,-0.3772821517502165,1.6987355396211867,0,train
-4.72811076331038,2.498869271206814,2.433780880526538,2.7481708106021654,0.6212701753840331,-2.838591260932405,0.5222834941146353,7.015788878888511,0.9332641111866709,-1.2382066566833716,1.4437093378325536,2.163097336846734,1,train
-1.1862056313463973,0.8667070627343312,1.54797945957381,3.150727849654956,-3.8418086631233317,-1.878271908447692,1.998715635081713,2.702342147340269,1.2747929944945495,-0.8658506974909269,2.4715847806930955,3.775896896244202,1,train
-0.8207886771127089,-0.9339969185153041,-0.698901361416495,-4.999032350190095,2.9779684812857248,2.3765839888940055,1.684397043336736,3.33891245119342,-3.779800528927608,0.8350760311591795,-0.9216596484264385,-4.752686202684141,0,train
3.038770416700753,0.09232302910662904,0.5521589402048648,0.15159893004590774,3.142800430913538,0.29878070877799345,0.5823856230704739,-2.6005153150391296,-0.3568370924854185,-0.1697926390366294,1.647441344090936,-0.6039082742647941,0,train
3.6047751009805387,-4.392460696095308,-1.157567153154671,7.08974127668303,0.020286258485770148,1.3357768527242007,0.4138661834284287,-3.6278200070633777,-2.2421278943403653,0.1801885821760739,2.381963046127772,-0.5319153466485265,0,train
-1.7942146201570166,4.121009321951014,5.1871582297922485,2.029354077843699,-2.053558246819547,-2.4656069575763424,-0.8442179973682157,-3.797713082652363,-1.9655122301577863,1.1249056653678582,-1.824813160150862,-2.9271184074442576,1,train
0.672709818192728,-0.2897420474066683,1.9519490575693117,2.8499655123047107,4.960041920252595,0.07928674634072896,-0.4205201715841909,-4.978150338951105,-0.04571073865203479,-0.5936576209215538,5.2437922857138695,5.131780670605079,0,train
-2.578466051577944,-0.9802855663188761,2.174051048985249,1.7615599585784647,1.1123359135781463,-1.5864503635360956,-0.7085708266466105,1.8000932963885947,4.19216433985434,0.4637467371758717,0.9563574992233181,2.655643786243898,1,train
-0.979833936191725,4.081902139679403,2.6292253360796973,3.170043203272445,-0.8306914574704731,-4.138266894735838,0.014280789819468474,-2.252500088342854,-2.916963493060519,1.4181623769987293,-2.1218577843101154,-0.22218127559985468,1,train
-1.9860593121507628,3.3672621219251155,1.7543851266454018,3.5328871369395536,-0.23279732915962104,-3.611637230840877,2.712977812438826,-3.444577328863943,-1.4417872700856114,0.16955531321888384,0.036354211093645894,-0.4392432089077696,1,train
-0.9858381224228558,1.6872705298433648,3.8951468991122082,1.195703567671842,-0.7268899974900755,-2.160334994575206,0.998572617760229,-0.3562157942120687,-5.030490730151465,1.6905256218937124,-0.5444511339813616,-0.5231043810008682,1,train
2.433291827684138,-2.537818013336985,-3.4988240320982618,-0.839739852449064,1.9542451984951974,0.006594280705120248,-0.7975755606301302,4.598250183131425,-1.0609853681186334,-0.3676370210652694,-0.4885424559747784,-3.187875464226874,0,train
4.50239195990657,-1.183036078647497,1.1510159895867202,3.0536549169303546,-0.0638905924169415,-0.2929100202100665,-0.14918747768448903,-3.2492415016369236,-0.5939521973881281,0.6434804302564534,2.231480683997167,-1.3976710106343346,0,train
4.022929615241041,-5.395905675763055,1.2225863166567734,1.5581075492897627,-1.8690644113056587,-2.2477803360414597,0.3758995787059462,-4.913128764859742,-1.560336668111218,0.48896786246660573,-0.334818304453548,-0.5506160072437294,0,train
2.1566045554613282,-4.361833164742698,-4.824406570255059,0.6421754216416935,-0.5001356610916265,0.6745079866529415,-0.5271995942342006,-1.2390827286699815,-4.801627824985795,-0.14670104507781206,-1.330416355166228,-3.903337196204364,0,train
-3.820885976069233,3.4329707793930084,1.6254741571812146,1.6702952275857967,-2.2467931300988258,-1.1468875213158467,0.2580000540902437,-3.030051294559786,-2.3454042134242674,-0.6089852037080696,-2.186811865728973,-2.449469420331437,1,train
3.595014132465612,-3.5076787212923044,-1.5688521650895013,-4.638307702016495,2.9477193077585397,0.6533239753739459,-1.2512404376788326,3.205403042868325,0.44582746396116457,-1.1803156334365046,-1.001446189393456,-2.5677060961093257,0,train
1.687274237090286,-2.407015162928687,-0.3675664248667334,1.8553282424657245,3.6374873519318807,2.149012253671927,-0.02247712813046236,-2.7892443939024107,0.6939363837170536,1.6777102152220573,2.8796211294671563,2.5156791246668413,0,train
0.9247409559681137,-0.29216571101786126,0.7785153860482104,1.048514845425715,3.435523362889186,-0.6568634948123475,1.228899456031193,-0.4676443996336366,-0.6958066851165803,-0.5639777761066803,2.665294404018218,2.5230187668377053,0,train
2.9724984214380323,1.9431478391373211,2.946379442603625,-2.302135374717354,3.718784896586965,-2.045336896191349,0.3498952089476572,-4.488632798447421,1.2364465684965342,0.1327609789669762,1.8502634920631782,2.2257001627174167,0,train
0.5015327157736715,-1.7642585019317176,-2.7789534395083586,-4.319648650877173,0.9940236816359571,1.4790368512107714,0.5603394080860211,2.979012230062801,-1.7761156135572504,-1.177965626711602,-4.8340816367007715,-2.6878826872008035,0,train
-4.521436970237918,5.488361994013032,5.373527296029802,3.916497756142223,-5.785911467694598,-2.668461401064009,0.06939612779282016,1.832743424190165,0.4407716229711489,-2.2489365803518733,2.27854020023959,0.511682002422279,1,train
2.1334100375623377,-2.1062204233755444,-1.8826598732542783,-2.579199759105151,1.7609175436706213,0.2871364779760135,-0.3940834165295741,1.498422141217579,-3.711467881752312,-1.7208458735712366,0.006263317402731783,-4.251587637912319,0,train
0.45458026036854027,-0.5000176035270993,-1.8106824460194588,-2.1928125644122063,2.471497885097782,2.9296834175859496,-1.05302367779278,4.914665993923875,-3.8056896497175243,0.9391462042509019,-2.91626800694451,-2.8251666878438266,0,train
-5.312185448430989,0.8202903892484605,1.3763180470984742,3.1289611032017177,0.9487465972043152,-1.277040421275201,0.07417174819881141,-2.2528118074826713,-1.200025178007279,-0.6256632191124122,-2.8682182238163976,-0.8806136501717012,1,train
-3.340917202582653,0.6243605273690844,3.8367858392021392,-0.5591257489210757,-3.580015970557175,0.3584463947961769,-0.11788974575490449,-1.730456059160459,-2.8548762571080735,0.8391722235812505,-2.2322136055393726,-5.202773666186273,1,train
-1.4877107841211599,3.1583677059268203,0.7596906188627297,1.444955778452552,0.41316330977895355,0.09500251200624898,0.9316504350520449,-1.373475045264059,-1.155685003827913,0.6826169024882246,-3.9340317071718736,-0.6393394391721579,1,train
-0.023006053842317797,6.739556549083579,4.882165721365259,5.58990829830088,-2.004173076104951,-8.145354357511387,-0.32351121697490326,-4.194504838323236,-3.9360868101248903,0.7514166865912187,0.29590281393526174,1.0782381313540652,1,train
3.1441992765163973,-1.4408878479300011,1.2770158225812214,2.5515908646412697,2.676633056125615,0.15160615782151154,0.6875617976471201,-1.1946229813269635,-1.2978271866022444,-0.07568642001883029,2.149879115658485,0.02494762459295341,0,train
1.045180859033183,-2.479933477317533,1.8880236124728889,0.8062203133881187,0.99352492874622,-1.7688996396282985,-0.07538574455910682,-1.1133833000242737,-0.29134074320853043,0.6448528489935474,2.044437396883877,2.960637573330012,0,train
3.543712685469035,-1.3026798119614118,3.247894418937121,2.09653825885585,3.146062626342715,-1.778417387078347,0.6401387445162589,-0.4817713423984604,-4.806187889670536,0.8184174680078751,1.6840880875292432,0.6228848248480681,0,train
0.35748583596684,0.4212197774353377,3.20687321520369,0.35264162287350964,4.228864582548309,-3.91519658918311,-0.18960733245029643,-2.85152395059438,-1.2090734081182748,0.4001787416134112,3.339874627541702,3.701090650128949,0,train
-0.5936990752119808,0.02790546816905426,2.817969228052943,2.9409922620031277,-4.420228957384333,-0.292551605479213,0.7395684777691847,-3.127799697171784,4.443337435902435,-1.2705922373053733,1.348083286165958,2.095045891808907,1,train
2.307088764622502,-1.4737934661317715,-2.9879159763819936,-2.7948208516734154,1.6952961637220125,2.873210229043756,-0.29130815735639,1.6895434285852449,-2.560136310968123,0.41220229487946825,-3.496252863963541,-2.456485547800406,0,train
-1.8126459063898812,2.3820299153722893,4.97011891997248,5.4083176850181935,-1.0046515664562796,-5.678079987545871,0.3741854149160184,-3.0650835165451364,-2.1885470360348855,0.1360748502205616,-1.1521605534479955,0.26465146434739273,1,train
1.5726527539489052,-5.391475220985516,-0.252547769957161,0.5405392455538502,-0.5581662508549741,-2.751300623779155,0.5742716177734425,-4.3654300125410535,-0.24517137873115913,0.06002563575341399,0.40584721206789065,-0.33249363486165207,0,train
-1.7123401374693015,3.6351375597368913,4.139326108082286,2.4404396580396965,-3.0748181765706297,-2.1552021743355274,0.3128004402592291,-3.538423502469618,-3.8186730155455426,-0.18997954882767712,1.0691999423287104,-1.8808724282705815,1,train
3.072668273070753,-3.381894294174147,2.2201395089116414,4.199272368507317,-0.3795034365803329,-5.5855587896601335,0.08654045811024867,-4.07192959966488,-3.083940552860742,-0.9887391070966598,0.839672306356269,1.7582256635484947,0,train
-4.956624044937959,-0.6706081974337361,0.1616093423292435,3.5526972813189044,-1.2681338209142734,-0.35104169046886624,0.12231340409298143,-1.380149013647308,-1.3031977419978198,-0.6478575550129313,-4.263639038067496,-1.573010156817837,1,train
1.477511546745672,0.053239286832809984,-2.4722234152779787,5.2226804473741515,-1.9263046757386117,1.557173377112051,-1.065630266244003,-0.35369339806206446,1.2734674204287344,-0.012135719220844582,4.202657720197289,1.9125740890570808,1,train
-0.12394662415048341,1.0325402622914006,1.4071651160549543,5.72707157991019,-1.2058479129241775,-0.6720408941583251,0.7909846988635978,2.0685568100190053,0.24901655152263302,0.9727075436657332,3.5678477323120683,0.964524246460291,1,train
-2.732574473491402,1.0379934756786324,2.4650865776755766,1.1503393581499162,-2.4297873308676623,0.13543648367880623,-0.8042319982337262,-0.317680095189542,-5.0947670328197185,-1.8318074751477935,-1.9356265073495666,-1.3970393867797828,1,train
-2.9922848243758233,1.4938640509896985,2.3597079918784103,1.753828242472011,-3.9108252773621084,0.19103507801135367,1.3411958763478755,3.181818668881238,3.9499218398312097,-0.338808274262089,0.6555422730376106,3.6700291460245777,1,train
5.621875160980837,-2.789994963187985,-1.2023542013877888,-3.594602008265613,2.117504575108175,4.46066298519042,1.737945770401048,-0.030839396981126033,-0.7413802907275073,-0.32653381872250303,-0.6487935009566645,-4.630858096220001,0,train
0.18943104656362086,2.4965855959235013,3.765330818032342,1.8719228375231074,-3.895332850023343,-2.1144437634797404,-1.927827963731726,3.5537407903927694,2.672248544431312,-0.728737602263457,2.4555015797040913,4.1716413317655805,1,train
-3.876056637285651,0.9852921600432143,2.679415470860265,3.5229061408182054,-2.808050181219621,-1.036191870037101,-1.8807910782301678,4.8576562222336435,1.4465287790283565,-0.7535555156660818,2.284628401592575,2.731811678019847,1,train
-2.5831780394303014,2.246139950041354,3.7346874056737347,0.6458010868268895,-2.482490743676133,-5.171341904273955,-1.3948352170137412,-2.449269209225781,0.6508074821632146,-0.7450717748466796,3.405707711987384,-0.8030254641414589,1,train
-1.5064444217496136,-0.4603001232491577,1.3693627544785347,0.1841726610044656,-3.229189565101544,-2.0233974263453294,-2.0278498803557428,0.5233483203040659,3.327280398857843,1.0257679188127564,3.17171866775331,3.6948568464353526,1,train
2.22564108817006,-2.6702689785012494,-2.7998495889074793,-2.8598335501240655,3.057286245077636,2.9056707460689184,0.01935587597146525,5.732954431344455,-3.665221174631193,-0.8033741028995598,-3.6498084924714926,-4.1119914382049165,0,train
-2.2879524582512145,-0.3267452004576068,1.6839011921110916,1.031044125602187,4.637295616949002,-1.3127221303919534,0.5359564191186867,2.523568548571185,-0.18490369085370073,-0.4318653754124335,4.07834367383864,8.52917995179951,0,train
-0.7105857102901583,-1.0163332140170513,1.2211051278594398,-0.17927967756245744,2.972736599755394,-1.5938899622974787,1.183983378041217,-1.4094851283980487,1.1642263003366073,0.887156712588748,3.7861483845580257,1.9260929834142244,0,train
3.386339939944701,-4.198254183979485,-5.298644058665436,-1.0718738763911513,3.403531059183587,-0.36573847841692997,-0.6974192446191626,3.0899428173367838,-1.1486810146229547,-0.3734464669535109,0.05059812982832623,-1.0304852466742753,0,train
0.20454237641644113,4.106228191100042,4.745138909788778,2.396271420820155,-3.059414410860283,-2.916010319370274,-0.7016949846583628,-2.3085659791096576,-3.1506207819226355,-1.3855876475100337,-2.7065705242041673,-1.688100301394452,1,train
-1.0894729764597026,-0.10710941306265731,4.881079549105331,3.245222899247436,-0.674242971475234,-2.852067196596078,0.08333330793528172,-2.0805674617672647,4.171221544092981,-1.6513863977507477,1.161096185362273,1.5191232364973812,1,train
-2.0506113834106268,2.1233123934016103,1.789546894323171,5.871327700598278,-3.8656048376599754,-3.880230497897423,-1.164528937857014,-2.6786871837796165,-3.106470964625033,0.07802533587993865,-2.1254329593667824,-0.46339858549082624,1,train
5.019828789334641,-4.150238411375132,-2.2086402786235615,-2.807699660590265,1.637808410993784,3.8794572411323776,-2.0399131868698945,1.0997866126489746,-2.9302299802120424,-2.3497476737795195,-3.162281229453582,-4.325913994226432,0,train
-3.313509201762713,1.5019774906641117,0.9769861032015623,0.7449793505956888,0.1880130868595451,-1.119735092239189,0.15688181161816553,-2.356966421084954,0.8219411882021022,-0.04259420010122634,-4.498553836244678,-3.5586654538855402,1,train
-3.1914828729218607,1.8552748120216458,0.39624772703442157,0.8103038668623321,-3.033975006170472,0.8491919591035786,-1.4237006877274838,-1.5176103072083418,-2.7677079819921726,-0.017152531537214844,-3.1642003970620194,-3.1164337488071303,1,train
4.519870088952928,-3.748725549740646,-3.9887022225393793,0.6055174095001981,1.8444532317082774,1.1825074952673047,0.3124446020945367,1.398143575981985,-2.229033547360862,0.8430643933531453,-2.3360508783479164,-0.25008538289921356,0,train
2.658011454951491,-0.41262617159797954,1.6522452195993176,-3.206903542693957,1.7862329505490218,2.4231237663579086,1.1526156130400107,1.5483480951417734,0.4503384417792642,-0.24943726085178988,-0.3399081663514898,-3.77740564451771,0,train
4.392048215152865,-3.3811282214344613,-3.658728625711305,0.8171876270974967,-0.06605827890523752,2.1844056889755983,-0.512839262845372,-0.0013109300410678593,-3.1425705128374215,1.205325998529614,-0.7862654809456942,-4.9078266096544105,0,train
-3.3041128906437303,2.1719107272036355,2.212873731157528,1.2559101968508621,-4.8566758058709265,-2.6136297879008996,-0.705664520557186,-3.3922646863612385,-2.7502800252296575,-0.9362669837078971,-0.4789077268200932,-4.817583552868827,1,train
2.9794061179758726,-1.7564426945840914,-0.5583923223132552,-0.5317354142193027,1.4925773598650864,5.78357981195144,0.12419826336123609,-0.6054353541006754,-4.379748815361002,-0.18155119807495174,-5.274789937519724,-0.42068697871340444,0,train
1.5437121290351987,-3.7185361501764405,2.8700909590755126,3.6844774769452826,0.8001610657444216,-4.188155350620021,-1.1088856609901676,-1.4157465956056638,-4.0221727689974545,-0.3869871351528282,2.4496615598505533,4.25799679477521,0,train
2.861259919996912,-0.9501835790735387,-1.6977043160143779,-5.480375095317277,-0.8181379115310459,0.6709869753483451,-0.2511947764970309,3.5815108796780937,0.5988601854353561,-0.0144725117203766,-5.6340565937504055,-3.398668615251744,0,train
0.042874165416785015,-4.532593844356404,0.8816484636425084,0.9864504331595407,2.9425302153771513,-3.0306920866287577,0.10229746078019124,-4.833325156964134,-1.2022570464558782,-0.21325347264303868,1.7194288931723565,3.8027050590270406,0,train
-0.8396093382458509,0.8934442158665974,3.053248773659046,4.464629141773698,-1.4810949572144207,-3.091344842914965,-0.2463278805317715,-1.0719505688044433,2.9558110558601394,1.1624152446058982,2.1599444552050215,1.646378987137242,1,train
-1.936655595024844,1.2844922936232297,3.4921653779775674,3.5637786651501635,-3.625408536550724,-2.4361497548414306,-2.158450949270439,-2.7888816789971242,-1.584864046777414,0.2492185476905003,-2.30916603574804,-2.5166362234427764,1,train
-0.07237329185200148,-4.366350005732041,2.9130584381665554,3.794702176747365,1.7060738392107433,-0.5191544779801058,-0.17753610739453943,-2.2194054432154724,-2.848222388679228,1.3745846402394295,4.762271771298488,2.7523378131762923,0,train
5.030683041089512,-4.156323959344463,-2.7161540973457075,-1.6916459116445504,3.8939821334380187,3.7985417513936177,-0.28933235795301154,0.781620299924823,-3.0550543206876037,1.5615759507557219,-1.9628986971916562,-2.384558455960871,0,train
0.2877997846689684,1.3290064424754964,1.6576502790569099,-5.381054667933343,2.6369657691375417,0.5105195836419081,1.358114047125614,5.262723957640908,1.0443786483044577,0.21749033763107772,-0.8167722365672161,-3.5894582466092957,0,train
5.0918178563409455,-5.1922734156108135,-5.693510644403955,1.5428684492306428,-0.20211332101577417,2.175753512184361,0.5658830553272269,-2.4274830747366574,-2.8442218462071303,1.086650026999885,-3.5646139005203095,-1.110204848079141,0,train
2.891695450244934,-2.733259531867814,5.210853198452172,3.5445341599792224,3.5857815148698884,-4.417319505377771,0.8294989016417718,1.044541597802819,-6.129504472178583,1.3018363675735292,2.5258836871147157,3.762947021796642,0,train
-3.0656459885958283,0.6848828295279434,1.3273872602054602,2.3445946255845866,-2.4875485259779353,-4.117496102728758,-0.5268991840193007,-1.959924615437798,-2.026084030469649,-1.9132717877122474,-2.0946356074963535,-3.1269402512302156,1,train
-0.4712606047233612,4.2337136930016985,3.2605440366125524,3.0715470055192666,-0.02241653479624839,-3.9129163821132833,1.4803622059081583,-3.041480352801378,-1.1637971749631797,-0.07503484347655646,-1.4303360541517538,-0.3028425268164796,1,train
1.2336195334613245,-2.547618782432522,3.8614921785528296,3.6681867439451468,4.3495893156125,-2.1640073966307964,2.433776396260973,-3.449465225993852,-3.2436857761407243,-1.2489042232881018,4.9800484097111095,1.1955190439265495,0,train
0.6546529111078812,0.33282982515398296,3.3339017088390124,4.690162008483374,-1.441585201459584,-3.3627874946987903,0.19169378104015192,0.08446216706888654,-4.9410563124185956,-1.3150168178205854,-0.12983643324858285,2.0301208720873385,1,train
2.4602944004710254,-1.9891940673297588,-1.4081465536396447,-1.8552560547687764,1.7700161823230323,1.5110647106910378,-0.8378626727535824,1.6297842096567434,-0.6864692362657618,0.09067332097699075,-2.1061012837945996,-1.7349856137836897,0,train
0.16370853029347288,-2.199975515572134,-1.9101870668500882,-5.042150265812854,3.1612436484173054,1.3408561880694507,-1.172215844010379,4.011958677546559,-2.015820588337741,-0.7035719658967764,-3.4435326522682783,-1.7460400186715748,0,train
-1.100502010298157,-2.352378703371854,1.087334978560309,2.011444956458798,4.025302801724791,-1.459658902500712,-0.1854738371343165,0.6174746321948392,-2.1181240223500932,0.8168699533287298,3.862772041615509,3.1993611877408155,0,train
-6.2565073035819365,1.3132749391215,0.20250807957242944,2.2220938001564297,1.4931288626982475,0.7018680581912284,2.1027710417690177,-2.31585793131905,-1.4240417652029072,2.6425572653372873,-2.9337220589514224,-0.9236287114777271,1,train
1.7086017787403942,-2.5028856663133245,-2.7637435667269874,-2.7464351167269365,2.760769682247383,0.10706095803360549,-0.6091491448419,3.2565288255764933,-0.46840393427005433,-0.20780372213638254,0.009698127437211213,-2.4201572175107136,0,train
-3.0489299833177976,3.1604419894367872,0.6625583394049248,0.15618043005265259,-1.2870189194115056,-3.099344961096719,0.728480754577706,3.336556355200051,3.033677863720665,-0.5052726366819054,2.3383162511940667,3.014718222756736,1,train
2.4432134794936107,1.1507191262968695,4.280670035153163,-0.5006538164179695,1.817648092671253,-3.4849149658800256,1.2725846980654572,-1.719061657633024,-1.8931443501049716,0.816894204130613,1.7745818139274148,3.4591617951504414,0,train
5.123385224674438,-0.7878142414388496,1.3370371971680535,0.8412195033755931,2.1024997434351755,-0.9529343053160038,-1.3859173470998345,-0.9555576491371836,-1.9740173753437136,-1.2972488683126806,-0.5085939901071428,-1.578033560549112,0,train
4.099443845982307,-1.9939722311215422,2.0999090549812776,1.60188440753115,1.7709732879376758,-2.1749420845856138,-0.6552561983712303,-2.900448463712369,-2.284263381869852,-0.7392125852609426,0.2589016668771775,2.2362042368955524,0,train
-2.025006020042751,-0.37052842160062793,-0.10469877889396884,2.7184791013870515,0.3813790930557417,-0.306159175877428,1.4745026231552592,2.7577283915482536,0.7958698520920469,0.2962345149077487,2.525368403580104,2.615363811574131,1,train
1.9406059925406884,-3.5767972193867306,-3.1349288992367073,-5.932187526366408,4.175209420401919,1.2823831167252877,0.4921120557612949,4.309862515177704,1.2962520082904807,0.7313115508630121,-1.7361242552903273,-0.37905116428631125,0,train
0.37342499790083394,-2.839413623077488,2.995855590837802,1.7968979953539952,0.6911211743263788,-5.455598604004951,1.1624399286087175,0.5691597699044841,-2.7069897573802755,-1.8780603743314002,2.145595472149793,3.488615482059279,0,train
4.205322503877739,-1.2685037702467965,-0.7135862058079467,-0.18049308187296953,3.5936338169182127,3.3655734034691447,-0.041328355106724605,1.9656733325469942,-2.5431183374789716,-0.9639363131751565,-2.0842877775216695,-1.200461283985081,0,train
5.639131559280578,-5.407679449637618,-3.608261797584787,-1.4369452722375933,0.05363591956402969,3.9700156053386872,-0.14086875731582707,-1.711684884994201,-4.027211737550985,0.8517900920867716,-1.5881285590336254,-4.556246070631632,0,train
-0.9506531474969662,4.178929479318679,3.508724191364469,4.444927132985441,-1.6494201640870967,-4.415358444492042,-0.37469469920148624,-3.917842940044565,-0.6864748665130109,0.7333001904987363,-2.491733890336357,-1.068711040497398,1,train
-0.6564348269311298,4.909027755802905,3.4595351274241306,6.350454731773878,-4.398654088236015,-1.1164166898829793,-1.138537877113496,0.21253513067993635,0.03950222584085683,0.5633232070527135,4.434547201159208,-0.05149017889364549,1,train
-5.08448705160371,1.8609981698411444,4.742808247118097,2.5215281448500186,-1.247314149973257,-2.1467663446338547,-0.07062660286856266,4.8080805815586265,0.9584977791978821,-1.7285716119641734,0.7977224778795307,2.426675260547696,1,train
-5.066350575389565,-1.4493208283227448,1.7578532090824228,-1.2557277201314472,2.0455623524780613,-2.7503841051937266,-1.2129284849343136,4.30884055088918,3.9067491188497936,-0.36918391324955246,-0.44708710963894704,3.6874676814253697,1,train
0.7402570323230253,-0.7954292622197221,-1.356819820778182,-2.091282859716415,1.039242804645944,1.747061467257799,-0.04806071528385136,1.2784704074700035,-0.7837700879611189,1.1426576542860578,-1.4513106956259594,-1.7308552370888381,0,train
2.9969215676399306,-6.26802277082918,2.4377368284107033,6.243313482780046,0.10388816250878907,-5.187305356395761,-1.667434556812603,-3.7517853043484743,-6.57662783362527,0.6318002947685825,1.4161649441532516,1.1307027782306027,0,train
1.7088216560252705,-2.638927003214621,4.048550074797641,2.340269638631826,3.535989626852472,-2.392682372036492,-1.3267491173217323,2.451223742578894,-4.348710504819366,-2.01467827609921,1.7398047683180609,6.145055590081278,0,train
-2.2905712571439545,2.161893804930581,2.5083955240712883,-0.399092005133745,-2.2680709062022206,-0.031038940388191882,-0.37927245289799016,-1.6172303951567524,-2.3358062972555613,-1.3124741208202297,-2.977359426786744,-3.92679724065784,1,train
-1.1492286635116065,3.1632292826897537,3.0787642445460444,0.2783366885804801,-1.866434062275224,-1.983222065838921,-0.5364036579937324,-0.9477467885123467,-4.741849530308636,0.7934893240608,-1.8480577297115692,-1.8586156411017793,1,train
-2.876602701241772,2.3980814359493685,2.3968124973432654,2.776662907685508,0.7517975262867824,-3.172692033819865,-1.0951168330022476,-3.1751521547360846,-0.46962444831514727,0.5701856212401308,-1.0609693246830476,-1.2021839400326937,1,train
1.4123138046735475,-2.393639353547652,-3.6151519533360355,-3.494884930878924,2.2316059477925627,0.4127885799915305,0.9449772642320694,2.1128578288578996,-1.575566805491001,-1.065689309668521,-1.8977725495833835,-2.6046840895728196,0,train
1.731169648649166,-0.9310813470854038,1.8590909818958778,2.2560937180422322,5.008273144314534,-2.3920996571560735,-0.13211975927605424,0.2882596359555687,-3.6750909130493765,1.4099677131074784,2.092220795626199,3.196520436991162,0,train
-1.931815832628029,1.0032853396650587,2.1244538931885186,2.276322793382858,-1.8892709430067167,-1.6396120864233097,-0.011957112010285785,-2.7584347820941826,0.2633575419407683,0.014738899224150018,-3.6556051328516066,-3.7043748265309384,1,train
1.1069187193969052,-0.9097423826384274,2.5161048600493587,2.143758434080197,0.506817369040381,-2.9740265724442776,-0.11758780507727662,-2.2336697998450936,-0.10237730668633915,0.26939260539454096,4.102789008134554,3.885494218403662,0,train
2.763228485320259,-2.40067745827071,3.174793473779489,5.5073026868009345,2.6004484127753207,-0.9329853279320117,-1.701367592860247,-0.19033411613088402,-4.2275638001708735,-1.3046280663193506,4.030220531306666,2.742609373533064,0,train
2.5655280251653845,-2.2549549215191806,-3.6869752990489504,1.7452364236738376,-0.038680681027215336,2.676319967487468,1.9888055073663788,-0.8462229322638652,-4.2851911123027975,0.005122788067144314,-3.524120818378651,-2.766951309168724,0,train
2.3049297172995975,-3.9826044002336776,-4.472636742943688,0.07723140313174737,4.069241076766396,3.1535442126667137,-1.7637558000027664,2.5769380059736404,-6.692524782148417,-1.2578597019287034,0.8709732420041862,-3.3834508688609457,0,train
2.5811864969580487,-4.07226480130029,2.9660002459922765,3.0159661339616046,2.7149660662884862,-1.3253752661049667,-1.127464980457183,-2.081419523245045,-2.579171765986196,0.29570259251836917,3.1194066308988897,2.1497976605410614,0,train
-1.5546555509762214,1.3818691259149332,4.123213717414645,6.27785495171714,-3.4505349460498147,-5.295713511394364,0.9650128525959957,-3.603347393634272,0.9720360726073585,0.8367847849129898,-5.251204983999717,-2.3224057084114325,1,train
-0.2986633794000393,-2.5601491143263972,1.470443281660235,4.6235340571283245,-0.4928625068246657,0.8579917503793535,0.040201701763042046,-0.5675014110315586,3.480174274110202,0.15375506754897503,1.4289206176595606,2.63133819500796,1,train
-3.3152341059867876,4.873196422797475,4.7365649088679,2.7228509698843033,-2.810138256555444,0.20667106175749517,-0.776541793691449,-3.977105483656639,-3.2640989627036863,0.5767126079330412,-1.8394657704910116,-1.7438519934852967,1,train
3.4359038008272513,-1.9009895220983046,-0.06143532937359897,-3.974968743982228,1.396804786471781,5.499592179771685,0.9559157730094235,-0.3946793634096091,-3.201934951046738,-1.0835362319004018,-4.356307127681994,-3.6319232157265624,0,train
-0.9609628809611179,1.8856681871566003,0.1588158716821524,0.9532646718612043,-3.400283350629188,-1.2660694975511109,0.6601128874068926,3.3923000105917493,1.810508200050689,0.8134991090884368,2.793303811785335,2.978232981002941,1,train
-5.277941259796009,-0.014625922799630597,3.699826155165213,1.634758857654938,0.009803013720175446,-1.0586966525792956,0.49078469170752365,4.482621902037856,2.992252996870719,1.5651855474210816,0.2857084106398746,2.6490629837263775,1,train
0.9855110273029701,-0.8310271190052352,-1.8390897445241856,-0.03217789567577878,1.0008552935781276,-1.207585599472849,1.9187827408117806,2.1632402570523213,-1.1140975948247147,-0.13569959121643407,-0.5436171184414562,-1.9333787966899065,0,train
2.1330478658099836,1.4346471247657804,2.370509025419374,-1.880620694340708,3.5424822453577685,-1.0221950440791172,1.9458280577461573,-4.024098838918061,1.9014519646139618,-0.533943381927406,2.6579067763366844,0.7048249803556565,0,train
-0.9738681930692052,1.6849788441932474,3.2583970939315554,3.023693413415767,-3.798719034696442,-3.967813169878413,0.3818217966945426,-2.4101048726542467,-1.991480916510509,-1.0087805334142421,-1.491361194528182,-2.7975620283578957,1,train
-6.603803777361727,-0.04585171232330465,2.202030768267274,-1.564720579472331,0.07393362874118692,-2.6658702136673185,-0.5692631471460096,3.8966132854569056,2.4642951761656873,-1.5745816321798771,0.5796983177976482,2.0860118593856405,1,train
2.897789159142129,-2.0911063719893015,-2.897595308137899,-0.027396657649353617,1.6902002496705215,2.7845626156120646,-2.343272069950002,-0.6333218406491556,-3.8986635512132177,-0.14945049377380765,-1.1544545756972495,-1.98547472234674,0,train
2.823938549315093,-2.7757649113737592,1.3026174472917025,3.383902946836134,2.0967336673657804,-0.900454613994214,-0.2819894835050505,-2.8305404535664667,-2.1346490236699274,-1.8642540513233217,1.6967294502282906,1.5642500190811464,0,train
-1.3082464845479795,2.856313058099069,4.717105374976308,3.367557479760209,-2.4463692506880097,-4.131490343529008,0.32612255268599394,-3.718946635436287,-0.6504657471327624,-0.5891089694997952,-1.8030907199661308,-2.479126108157975,1,train
3.143925259072192,-5.550791850990416,-5.579432253778535,-4.300887456651622,1.9403302212064935,1.5705394355882294,0.2877524546495399,1.613090578076484,-2.291008667416783,-0.24328157029004116,-4.245171535241768,-1.3088421136761506,0,train
-2.231781647149284,1.4479581007482771,2.0243179177266155,1.074212295581583,-2.1922767512734427,0.1773321959396701,-1.7730240435611617,-1.2536797094410859,-4.717749340862978,0.985915464814463,0.3873295811487574,-1.5108819987064441,1,train
3.0866839513790447,-0.42412467262514597,0.8994115488518839,3.604720612763681,4.496005216697444,1.257785576359172,-0.6701125385987255,-2.938729961530192,-0.3304745329605552,1.021586909960178,3.1737535148435936,1.0247681358189207,0,train
2.472475707968867,1.2301285577834276,2.71958039729881,1.549337351401717,4.670198179758314,0.1160025393070554,-2.548863278303344,1.1269939699941434,-2.330917504037503,0.705843125648991,3.3228913310160957,0.06563741283007518,0,train
4.94592749240843,-3.1320912802131584,-1.2226419053987096,-3.630471262203108,4.213718753454801,3.082778815082985,0.8222570225681769,2.033445550670588,-1.9953267010759719,-0.6293678878191739,-0.46149021910404264,-2.578367169663025,0,train
1.9073298269118446,-1.822789275254018,2.018422626311149,3.39516457217145,4.934852560399621,0.195882328851126,-0.06126547273997943,-0.9128485878362971,-2.211447234433822,0.5613418871104253,2.9483668971804664,4.4178011646688145,0,train
1.5138636415397646,-3.32539958803513,2.792073866597732,2.501202125442508,1.2170858358429921,-3.9118875883060644,-1.0773779083791968,-3.5409977219812507,-2.0533088646694093,-1.238863479572081,2.725341245396059,3.1778266979301986,0,train
-4.569359943548244,1.7160312948772358,1.9934801046105122,-1.1812281812778678,0.6092346557629402,-4.149008713188802,-0.009812808733239937,2.508338666652816,5.0546053937306175,-0.061475998879864734,0.5040648042896125,3.3916846250429615,1,train
0.42247376944121307,3.3817648207063025,2.0139722272440186,1.5735678776550586,-5.161887444071707,-4.126696389856566,-0.7448157429429266,0.5075666583323306,1.974419762208856,1.4309333622451512,4.315143193672184,1.6940177549361344,1,train
-4.046881865536581,2.9910405180573094,4.679376267674683,3.1168379756356903,-3.4611706189367366,-1.930221378111699,-1.366405962169245,3.165304545551199,0.9980618450624843,0.7728277228776678,1.3584133423429081,1.920160018874185,1,train
-1.057893984209888,3.2893907305819967,2.630571447957757,3.5028211513667196,-1.76257231604725,-2.150545243771252,-0.6166372823922154,4.768531628594731,-1.0128261272681605,0.16421794370279874,4.299600336696489,0.04207180688664636,1,train
-0.9638976568526336,3.4113723256892663,0.7965074953525864,2.459339569551883,-4.448275434252591,-2.928082885707629,0.2401835703913124,-2.42991157998473,-2.702594234803115,2.7323329573469057,-2.3754998595915757,-2.6557277433122684,1,train
2.8532257626395965,-5.6280848087904785,-6.842184423293332,0.5100816137936373,2.7265356340205043,1.280768589022379,0.9921023376109239,0.2238822971183665,-5.376778861136576,-0.010297037912846538,-2.45269284585727,-0.5309133329693543,0,train
-0.6976222147157665,1.640009527972073,2.222459602103844,3.510743893094726,-2.717351020734097,-3.58026474501923,0.4311657210216051,-2.22137198451041,-1.9558619689502355,-0.44107090929754506,-1.3803725140752015,-1.6692571874056026,1,train
-4.807615971325593,4.92393330658931,2.457163634692325,-1.2000689918446086,-0.8783226187278173,-3.1509760619813107,-0.8179292945812059,6.420219221765236,3.6730322788379346,-2.5691711474263212,0.77244631993556,2.542176296782287,1,train
2.883813562606443,-2.893933273392692,0.23118244843525493,2.6410007032945386,0.12431151451632916,-1.3120162718513384,-0.14838174999252673,-1.8288225932917328,-0.5206099132076958,0.8795488399151516,1.0764376132849893,0.43039037403830105,0,train
-4.158162769781357,2.524213903536689,2.959741916797699,2.6753928402466154,-2.945459373775096,-0.8447831666225298,-0.6627754132696608,-3.1579993229119436,-1.5935156694235548,0.7142201819257737,-3.387213364322787,-2.9716246541931164,1,train
-5.291425496776494,0.8670003249466798,1.6345408474458645,5.238370589927644,-0.5848158452577183,0.23389855570876605,0.17638127640303572,5.803410896815256,0.35258041098732273,-0.6785212399716134,1.048728885596337,2.82291355433917,1,train
-0.9915599064300302,1.127469626112632,4.805193484715212,2.3849034268379943,-5.280652912434671,-1.0239517071772026,0.7332327659655895,-1.8792530496870359,-2.1703132135475314,-1.055083119583044,-4.505188438428613,-4.1201742993361545,1,train
1.3352650574992557,-1.9802178645761686,-2.4665830603489702,-3.7473340442220504,1.2653101445300243,0.4925977305426821,0.9567354748857672,2.195080695824137,-0.6809852749598215,-1.2373893075863254,-3.407751546004719,-1.0944918220126707,0,train
2.047231202584279,-0.5197570908977613,3.628045043090162,3.3789529746501983,1.07615178037497,-3.748443823865218,-1.2621812827923897,3.718658759042235,-4.188804876214725,-0.26035221104381046,2.909429045264826,2.8320808524823553,0,train
-0.20294194298192325,-0.7131733397324305,-2.5341647235876654,-0.5354180264566795,2.9722521527248986,1.7895112033170086,0.12060730914177696,4.248759276371306,-1.822145467261592,1.5502023125727382,-2.813986286581236,-0.6735252265284926,0,train
1.7793772822619478,1.5612253661330686,1.5441699468170378,2.8525738955839213,4.351262893706462,0.8238079563418608,-0.2545716697541062,3.0061884390843936,-0.38725703956626356,-0.05166205344692381,3.508287641881447,3.736445793909586,0,train
1.3549404490961066,-1.6019763651412435,0.6231710711153176,1.3503769374023324,4.222989399851496,-0.4342757536253954,-0.4678445745558223,-2.546271385923007,0.447400551971453,0.08466644460977153,2.7663802566171998,3.111515067560939,0,train
-3.1901767989473626,2.1434141095020856,2.105504054688757,3.5513939653165387,-0.8255369400717945,-4.8810261449824335,-0.984812405478078,-3.86725118143458,1.2011028001264483,-0.39838015066553406,-2.717358160463954,-2.736598285089336,1,train
-2.515969728335375,2.5848959311461575,0.33443738918075794,0.4705375873949553,1.7995998517129719,2.9268788167570534,-0.36719948526113005,-0.32137078906658023,-2.485409904139579,-2.1432891824601605,-4.338474585338274,0.07298045643837803,1,train
0.23320858653488052,-2.400769795963943,-2.3940470054743828,-5.945216950516064,4.401541028004321,0.38404515638671555,0.4929417934844522,6.762690178670716,0.9789652283146859,-1.5040984264783568,-0.9026607905373756,-1.485669662449719,0,train
-3.523151075981508,0.679078325515186,0.37604666959441335,4.8696484054144396,-2.291188042993116,-4.009067341360386,0.5788333615009084,-3.8882237856352586,0.1362297793501348,-0.8145138701811783,-0.4345482956757827,-2.011109090601484,1,train
-3.666576918133038,2.8868857710750198,0.3799063064725452,-0.21297406461369794,-3.1486253282753123,-0.10595306343977873,-0.6373262140932247,-3.5136620807147,-0.7007559013773013,-0.2708473363895504,-1.7619155758170746,-5.378927603300815,1,train
-0.686544020342692,-0.17357849706850548,1.1389394299262194,-2.3408362312933555,3.934861897449002,-1.801371319131234,-0.17640184510010576,-1.663046450359392,1.156042014266787,-0.12641814209206145,1.6114598241290832,5.096368838379483,0,train
0.38786285928920194,-0.5520423836412247,-1.5515267912706936,-3.20641116771327,2.3417139767899093,2.0705578115388192,0.6248773444050095,3.172001037090327,-2.077410981107161,-0.6005079842134929,-0.8036627399923513,-4.184622561505636,0,train
1.2722637372119272,-1.093154257017641,-0.653796135473139,-6.1260670943633695,2.601360432556823,1.6554097003603623,0.5923529879914828,4.25335119772293,-0.42816034340285203,-0.7937568821028173,-4.610798733854095,-1.752671185248404,0,train
-2.5629792915490763,3.510405267886558,0.8709866625994929,5.215489402417987,-1.8220400243107793,-5.087585483415885,-1.5019480854437968,-3.3225645932226175,-1.8873360113625366,1.024988731081944,-2.3143272148536154,-0.42466031413804206,1,train
-1.2039519166726615,-1.2542801887473698,3.118959522717304,4.847289098254642,-0.7398431245560142,2.163551958653466,0.6703786578824058,-0.6052766251479706,2.3411235513911097,0.02968879146421219,1.5386185733137063,1.0678503495055813,1,train
1.9073357349744233,-1.4708184594529363,1.7314913709563284,-2.21611692380114,1.155350405461861,-2.030582337694244,-1.2448678601975172,-3.129047043363091,0.8959526882308597,0.342931223838044,0.1866594806400239,3.448799734548107,0,train
-3.8755075927706644,0.4372910752320469,4.478414182825729,2.01596399528668,-1.1491393704313155,-3.1949011746757714,-0.4156306111162739,2.20520469611073,0.5551689753539726,-0.31811723956673366,2.872283830631583,-0.15350783829635928,1,train
3.2582268188768664,-1.962513317395985,-0.5656897455424641,-5.060179882237271,3.5785100206527733,6.716093944920743,1.8854760022894286,0.889063573781959,-3.57658562014176,1.0895342783146282,-5.2845346718373625,-2.5086119397950957,0,train
5.0512042000788036,-2.4234936191272087,-1.1573641981515743,-1.2842445890058873,4.647603572321168,5.247276857819195,0.4826433246680192,2.977272350336584,-2.2166578818967158,-0.575175533044113,-2.501337462677752,-0.6963264114084322,0,train
-2.8337657995590475,1.5706672117082536,2.0474566260352365,2.49396431234516,-3.327088094545909,-2.3007097032825468,1.079675434261888,-3.2026114605916893,-1.2992537263291108,-1.1818908929404295,-2.03140234385009,-3.7120508208292144,1,train
-1.457546256769302,3.742037666978565,2.061759050571301,6.079322222364052,-5.326447674729419,-0.49350753631950584,-0.9417036026204333,0.35406245106419965,1.0388810981160197,-0.5321288018691877,2.7306876193375973,0.15255336607588177,1,train
-1.711243555455625,-1.3044180480871144,2.979075371028828,2.1312157524155237,-0.27892295923473687,0.08163091275965595,-1.2397169888490263,2.229933633289487,3.717357435483475,-0.06841803509592768,1.1376593945020377,3.9745034456188124,1,train
2.814891006604282,-0.3501834268582238,0.0642185902892809,-3.6197295912732033,2.3430117046800842,4.970236959591722,-2.538370349727546,3.0887410265418076,-4.804271322513332,-0.6764300404658738,-3.088751590840994,-5.2746987124565,0,train
-4.052633756687639,2.296932270800568,2.4091568335984057,2.7363734011809884,-1.1341971710304775,0.0025041740225493214,-0.42203118316926325,-3.1955383769990156,-0.6531448817322705,0.6967860570256205,-4.069381831119138,-2.405118046113978,1,train
1.3237916662381064,-0.9485443707223358,-2.5122738266308886,-3.761397066313436,-1.2457475305435302,-0.993600396986186,2.097536216811018,2.601967707023009,0.046011662116023366,-0.48219247314049696,0.21906598114277598,-5.903793760041475,0,train
-0.49750527834894376,-4.601517248813611,1.269669007718346,3.3870088253714554,0.7236546336231822,-3.0528708609879938,-1.2873681405238315,-1.7174761359083142,-1.9775972140956106,-1.3243605979354325,2.5906519849216294,2.4005264184607373,0,train
-0.04397592070975742,-1.6637578475477859,-3.0434477615917395,-1.600161973734907,0.8219670065526341,0.5383340073838301,1.1562142843931058,3.8568268478904253,-1.2396798851850566,-1.6335314566375023,-1.753970862160674,-2.092786351939609,0,train
-2.7540787240829805,5.538740312511777,2.9005745892952315,0.3445678568178354,-1.714095313992543,-4.275712111822111,0.038412707856471405,3.4436222909879013,2.480330366120984,-0.511339663249211,2.294489652409646,0.7474100419712506,1,train
1.3796448293201822,2.171989276371751,2.403355317385195,-0.8367036889085329,5.096776142402506,0.036976478734490836,-0.4456998441798896,-3.7795655282506138,1.9738737183876234,1.1342831542261074,4.062087540383705,3.807818748344708,0,train
-5.338310053416455,-0.061244686360586886,1.0319063266591413,-0.17827607410654167,0.16969354930013525,-0.9213429394160848,0.3211533819698395,2.8532487072665567,4.1892787885514124,0.8590279637913503,0.24773352802889592,2.03066106655538,1,train
4.209131319399479,-0.08681892832726401,3.0065502047629735,1.6776530647816332,2.0867116435466766,-1.9878884773330954,0.3726927662874928,-1.7738611655382908,-2.118723397253045,-1.9227730062491515,1.8416933671414624,3.070839370133678,0,train
1.0418872290494094,-3.4752934115051426,0.503064849923528,0.7300018822250678,3.8748568778233623,-2.2794355279674767,0.30194811621734197,-4.945287710951014,-2.18202235789926,0.9267255713574144,0.7273529733062414,4.179119052582692,0,train
3.945851606380497,-0.7318279586423244,2.7892862944382424,5.614549143400081,3.784606578793967,0.8172823441357937,-0.9772835578118162,2.473643732229128,-4.674243441032155,0.2867322283637461,3.2586596177108422,1.1315236546353447,0,train
0.1909743836562705,-4.545000554530095,1.1744738789383844,4.5415751470782215,0.3491755589566343,-4.530678330325978,-0.4681604337309369,-0.5442350454421929,-3.135795449793197,-0.8301742229789252,2.0630162437749546,5.946957610229161,0,train
2.8278410088365526,0.06262958056583168,3.3862252518519513,2.6435757658927086,4.769075750667567,-0.8727838827019223,0.40957112506894516,-1.7156426863569143,-2.300273623147118,-0.5509757544883647,3.297256332768901,4.234494443755194,0,train
3.9346549534711652,-0.7043100824526469,1.5339821566024079,1.9505304440661357,3.272312463106315,-0.8002342191690752,0.9839233696966122,-3.504516657288884,-1.9842270681694312,-0.3287704881449984,1.4808986959276207,-0.15108046905144112,0,train
1.2021316876938446,1.059110571718389,0.36144881619866576,-0.19109320830253074,4.525528777833547,3.324663668724555,-1.0189123792231871,4.989307921296582,-2.190041614873208,1.5775849071303216,1.1976298136048276,-2.076626055306702,0,train
1.473014780827237,-1.5495577601908264,1.7168346902092926,2.6058877325264636,-0.7365977211281418,-4.837696606268646,1.3307593711014045,-0.5114006200097463,-2.812198887560669,-0.8637083084216107,1.5713054387030723,2.293928932045669,0,train
3.7487430901316117,-2.9117380584727854,-2.7542272502852065,-2.8937973968087682,2.826349210428154,1.4839893807944073,-0.29266339363033494,2.0349782824242215,-1.9276479829626307,1.198128659445027,-3.0966413471120067,-1.8789528958425281,0,train
-3.676144326138271,3.1098528990802965,0.9621942435971595,2.678070689135326,0.6085333258633798,-4.216637215415614,-0.23831586545292527,-3.3664772424840335,-0.09744414631487519,1.2525746347426694,-1.901785693375906,-1.5701197229822643,1,train
0.6964704446608234,3.4018060721034686,2.859559783109006,2.6055565387395174,-1.1638875162948106,-1.9681987607956797,-0.0620894543442146,5.816105738605952,-0.7886707741922785,0.06425865883761007,4.307654723387378,2.2676420637241352,1,train
0.7302604273799453,-0.4751031818644571,-1.4548058548146239,-6.109116286194405,2.8887628814773203,-0.06635294718648144,-0.43833142611721715,5.99412816516792,0.43382719714676554,0.485229822489605,-3.662946620058846,-1.862244755863165,0,train
-2.750920957368053,0.34118865155183586,0.6714098224792957,-0.266285212464509,-0.9050741903021369,1.3186367315193857,1.005425962691918,0.6198820622884127,-4.122317910199167,0.2792591127683984,-3.2052660313102126,-1.7146391007143393,1,train
-2.946564902386174,2.363287972975179,2.1527325627299043,3.058422084479741,-2.5058473606723677,-1.941431142893541,-0.600974224482548,-2.4321736149906004,-1.8842539421779876,-0.2719830059256285,-3.7230066971162827,-2.080189437399497,1,train
-0.21203805897840544,4.892510253662791,0.010545142308829192,-0.3646254655255561,-3.543713210613052,-4.6220019836033535,-0.522079654121182,-0.6779343671968285,3.7231220439187434,-0.40318556253759863,3.200121864099697,2.3058190283675284,1,train
-1.178596754913832,3.628848461342033,3.206677719716939,-0.43979266841243136,-2.4743946210029324,1.9962224258090853,-1.327015309602393,-1.0361812009195388,-4.229813644268095,-1.2303017092950868,-2.923017053435658,-2.2933056789129957,1,train
-3.1823941442285966,-1.1903852046381482,-0.6473712679670061,-0.6587923603149286,-0.4972525233427372,2.6204157220069577,-2.4109045603868307,-0.12613368472460262,-1.5705976725564081,-2.2287510670326256,-2.633312120058272,-3.277476867317021,1,train
2.3145635376407068,-0.8494534002422383,3.0100624523191066,0.7851814003111739,5.618385166106773,-1.547728392198942,-1.6504803045863616,-2.4346739287674155,-2.218371523960942,1.3742916129785763,2.446693540612141,2.96149096238942,0,train
-4.053467746212741,1.0991032253735442,3.7768342391861203,5.838778369605872,-4.900849108611298,-1.552190677822116,0.09935661604096983,1.4952733654202215,-0.025703302371570924,0.06766202076047753,2.5421363246240594,1.521721280027419,1,train
-0.1548702255632084,2.9015096216243266,1.4197102097434957,0.9613589184298557,-0.8539632682711904,-3.717480828418762,-1.226466510265643,-0.5742913297507322,-4.16508704097376,-0.32235164856576337,-0.028044133782397562,-0.3702107094550793,0,train
0.9848537780161073,-0.7601097063370199,2.623441766380031,3.9181991204495628,3.007958987836527,-1.5269916028360626,-0.044458676904921036,-0.9633897468979145,-1.5801664484005764,-0.2768409228306707,4.217063220520949,4.767027171576437,0,train
-3.2300251062798315,0.4715400520250448,6.420090302837785,2.967124186404817,-1.6638240641316262,-1.141959229308173,0.42880781912213883,0.9275534202423346,-0.004935182058547927,0.49928898717199527,2.376863034399419,-0.6241148194837396,1,train
-2.511982783022687,4.8228042993846145,2.8641130546193985,-0.3538757592926771,-1.0037249732634672,-2.4795965844657166,-0.7121386188688983,-3.028572716820423,-1.7564752225352325,-1.9044607485442002,-2.401650343098596,-3.524912771195321,1,train
2.08734275586996,-2.4750487722202967,1.2110499389556604,2.2023717212569913,2.6435566992862616,0.30595934357912924,0.4193752004926821,-5.1867790970938525,1.540480696245473,0.09339062693733324,4.038342121537974,0.20164687611342136,0,train
0.1849936011481974,-2.5219727130415537,2.369548354569127,1.9378234982330702,1.7203749328726954,-3.3171243508835726,2.2747308424105728,-1.316348962395372,-1.6694834159006624,0.484467029817521,3.5218436543040488,3.6400182198077946,0,train
-1.2202832988595893,2.9901784690739155,2.7970367856723874,5.927557790710194,-4.545737099653508,-0.3310607809217807,-0.6858003674852814,0.9284423682481153,1.5882970688049523,-0.7531299773543487,2.085402098299162,2.1629974413147774,1,train
-0.32620193617030346,1.960823518201191,0.7101123157696232,2.672563467699117,-3.0241147730344338,-0.20318670134533878,0.5299939639599032,0.5257365283108248,2.667519744355201,-0.7502246682346325,1.7905213171934893,2.069134474431436,1,train
5.325328992120309,-1.9108117939952614,3.7806395653067146,4.208024294460769,3.5262589718218544,-3.0794533319526667,-0.5251135682990784,-3.4762369452218493,-4.87542397330922,1.1012991093616287,2.060650051806968,1.8951307310750907,0,train
3.7808814505089687,-3.143261755418105,-2.9656786402416726,-1.6190256289063183,4.395093832176151,1.5212453062537743,0.693842528227858,4.0047177795572315,-2.9331373988745333,-2.208377725020793,0.9604444975813187,-1.8091730508038775,0,train
0.7673733157407607,-1.3370978169062664,-1.2138992714703258,-6.825199241544188,3.3699819612538158,0.560354991290305,0.30502496251446337,4.436065953137525,-0.9414840789108669,0.0880692405141787,-2.0296671784076157,-3.1989009690727275,0,train
-0.5629578547142278,3.5287605039838743,4.7945367182894625,3.609038066914456,-5.402504278895398,-1.4553841414044675,0.24834475707239026,-3.301112584396357,-2.192110689927977,-0.7570449499065055,-2.9005525684412534,-2.5368567135741222,1,train
2.8021315032512293,4.435967944339399,3.692734470909731,4.481208553534136,-5.003615930529465,-1.306097144869295,-0.3001462064802841,-1.0578566242758813,1.111028288016073,-0.8794250007306178,4.05836030162688,0.05446568513744943,1,train
5.167677177030629,0.3152519638827944,4.536877618794517,3.4009222823352574,0.1409901341669455,-1.4370893508297946,2.200237188374669,-0.6547726211864588,-3.0303832625475033,-0.318990904668395,3.003733267702665,1.435873211159164,0,train
4.479099751091901,0.3795654945665703,1.7876772174408961,1.6045305421730058,3.520301626905529,-1.4241018850050915,-0.041871979802521116,-3.014713155026816,-2.291736253671076,-2.050078879711723,1.3570326864101665,0.685508435394302,0,train
1.2176318197127527,-2.1099532415247033,-1.9680644620842258,-3.3828101391826397,1.9555335702169594,1.302562940823846,-0.31373507243510623,3.1113264041943984,-2.8510477315979976,1.8060049663217836,-1.9303799163697268,-2.97171973167068,0,train
-1.652828425723157,1.5898754964596262,-0.9174300019154309,1.8843552025618386,-1.5578186222335058,-1.7841924669677598,-0.7727020474977767,3.3206570373976327,3.7871467827591365,-1.7045150891626037,2.6118249550743204,3.5208834524819266,1,train
-0.5543825075586502,-3.784770512058036,2.6178449908360495,3.011348365068826,2.519159306463228,-3.4017808614833145,-0.13939063196975265,-3.285804887133999,-1.9282761883767685,0.8278230482426476,3.864054718136006,4.882215967846643,0,train
-1.189596247145311,2.3499593734930153,-0.9678384413828032,1.5221520299637656,-1.6918941466468804,-1.6216806078868133,0.46613975095153126,0.04360948922354213,-3.834065537863446,1.1206718036008132,-3.048087458914723,-0.560243910845591,1,train
3.7048827285633936,-1.652818827060602,2.519079791333301,2.491278874704508,3.021104011615732,-0.7439854875651932,-0.6940051735252759,-2.738447421466427,-2.975427049882582,-1.2813502620220496,1.8671255555159585,0.26746036731991296,0,train
1.1224355594681976,-2.3994099082763363,2.9717598533652136,4.672834885398262,3.586721271023167,-3.9568815647957303,-1.2965263676819292,-2.0107119940143523,-4.933452858756279,-1.7778234851319588,3.70724629366789,2.031496108335209,0,train
2.563526171960083,-0.5759477754199183,5.3946027278372535,2.6421874513390318,2.4223737866454207,-3.3526610960282595,-0.4975983926527375,-0.20699542084932165,-4.919244126182028,-1.3123173437831774,3.643603143633091,1.92219624506543,0,train
0.6115684559859569,-1.0122316485091045,-1.3254829008959472,-3.7101952811347223,1.2532106615484107,3.7474954838917736,-0.5472110721045881,2.558387105388939,-3.692934589114377,0.11738060447729752,-4.234234501639255,-3.320563161873825,0,train
4.974554937001921,-2.9611060023929867,3.6937047004046013,3.9587650572308695,-0.5731236246908975,-3.023832421691899,-0.2919486391916972,-3.678165230981329,-4.848637010243602,-0.26145625250648813,1.5859783137684533,0.38116548503753944,0,train
-1.8421319825745526,1.1171744706600844,0.6518607827059462,3.782353484442976,-1.162236786667144,-1.2968975487222556,-0.751350642529212,3.138975218745021,1.301226642907777,-0.47175105452131744,2.2896833048180096,1.6685974224487437,1,train
-0.9464295068365818,-0.389117233361409,-1.5282202433782435,-4.023815502702061,1.3619083482207324,1.100705166997914,1.5401401522792666,3.6178131830462688,-4.144949234747459,0.24472478800219086,-3.9327437848470828,-3.8382072020032023,0,train
1.7380019000150364,4.775921914532981,0.6831803429607448,-0.17529790598500128,-3.2636147126430064,-5.8146227493697555,0.2611414279115334,0.6182347859782593,2.5938476472189627,0.01860934866805816,4.247878426976746,3.0734105784255332,1,train
3.9492785720956283,1.4631582180660558,3.612120789228357,3.0468647723692284,-1.7423547828093564,-1.4131337185235648,0.909061404860278,0.07923524187752973,1.2150213402382075,-0.7205884569999689,4.6941516817742315,0.5772197820961587,1,train
-3.771630507841535,1.0869264119287805,-0.28135855479372074,-2.1081653194570986,-0.5121996759928873,-2.7136424815087943,0.1210508926834867,2.620045794950383,4.430465204176817,-0.1293324900157074,2.1845392270664523,2.705178970486609,1,train
-5.470299415720518,2.894161554765919,3.998031782392307,1.156293416179711,0.3578799236446537,-3.849556456390606,1.216130971610153,5.557300886637716,2.6234939037083453,-0.3333497549200388,0.6784547641056571,2.2881325384714506,1,train
4.8101717925547405,-3.2989486303782005,0.6855453392426092,7.4753002265207344,0.7787014049314054,-1.1644018767701303,0.08951028853920938,0.0013748180827661827,-3.9942147792697194,0.05753219714345812,1.5045015553246108,1.3467681421258972,0,train
2.6311448333788765,1.8164214894112591,2.712198037472877,0.22612835243264806,4.909615121472903,-1.423945336680554,0.046560371133246015,-1.8139313589767188,-1.0320558494081276,1.297520961329199,2.599017687572701,2.792804181674968,0,train
-1.917362549693053,1.7588874665454868,0.7170834966364914,-2.2322732688561207,-0.7960540190925471,-5.301756029911926,-0.2139921581276491,1.8451751130862608,3.724926481277025,-0.10068844357417175,2.7260580721623153,3.098964425297526,1,train
-3.4408602617220767,-2.2254169753745563,1.5057516295130005,3.014163132533005,-3.4278207603154653,-2.341261027464352,-0.9178602294817317,-0.8755642540940363,-2.173483249754425,1.0295141303000896,-3.3396250138214443,-3.388693404214232,1,train
0.23637527080974507,0.7566029401822398,1.4554804706828846,0.047651232788651576,-1.8586441271497125,-3.808950270477707,1.2104735703756264,0.1358843738471065,3.3803304468750035,0.058517080998327316,2.385110136337259,3.344817983650284,1,train
1.4450759466091279,-2.8300385770681658,-2.6472402965574977,-3.889749663444631,5.019280795672628,3.5273012101535848,-1.3073396473362158,4.920147027141155,-4.295109867399619,-0.18408390228443625,-5.376394651334621,-0.5926648800832535,0,train
1.9824609209444304,-2.2153784950299182,-1.2269014173867299,-5.676629117477159,0.6127246170371974,4.849715654167238,0.7719196994809974,1.8059844206771454,-2.763997574005347,-1.1964554611160243,-6.324509648633128,-4.126977347858652,0,train
2.878932450973746,-0.9688391455218093,1.751287447535962,1.034490555754076,1.9734413110204507,-0.19802837081689662,0.22659151692745974,-3.7595708693786216,0.5564245607880025,0.8230782309179415,1.8876487144151757,2.496158096050338,0,train
-0.27692501751177545,6.815479004811129,0.576284459859401,-0.074768590215601,-7.380683750002877,-2.703962058208078,-0.6145680870932155,-3.424925280613482,3.1851766312178627,0.9383636008033249,3.1742110008441915,0.7821119818543332,1,train
-2.0233296238467786,2.0227151993916563,0.6161636310366418,0.39272869452909775,-0.1469885853850217,-0.6985551712625981,0.4401191059053152,-0.833785683719245,-2.020221173396209,0.5934702201966472,-2.7443297650557676,-1.6292440949911595,1,train
-5.774431909381102,-0.46850130608527607,1.2350722118301722,1.502320787505742,-2.681804482966131,-0.2984548226953634,-1.137061762102575,-3.5876228144514464,1.0687571763726735,0.4310056659546331,-3.1721886812064857,-5.813906376349006,1,train
1.0269490978872444,-2.1395142379684717,3.8310265738579847,3.3474023748857764,0.46452889307563217,-5.083543393081188,0.5185903431260078,-1.4826725151154996,-3.878237079700803,0.9014150366972582,3.898213387629525,1.577826893509544,0,train
-2.1679809906002148,2.417291364045117,5.1081977387151225,1.3798945386683383,0.9309700099750442,-0.9393689718756466,-1.4593068081399705,-2.507672487353978,-0.15206119769574888,-0.8724172359967424,-3.2687070253482204,-1.8762904135831306,0,train
2.5653810032303195,-0.28015905154478404,1.596574498341094,0.28912805617250714,1.7543320225718704,-2.1349042601947614,-0.6541100898273772,0.38390584774287806,-0.43870863287919915,0.29260272856874925,1.0938474138742822,1.8029667417077737,0,train
-5.158814418891927,-0.3479387568374972,-1.776492335137109,1.8830498619415037,-0.31459605029947735,0.18677091483166341,-0.9532120809013777,-1.5040216982514474,-0.23523180889669182,-0.09529163060542717,-4.747642739949284,-2.9991927726782106,1,train
4.263668941386195,-3.492715759089575,-3.6028490125616814,-2.289965287834187,3.0515606177226378,0.7062636174565606,0.5484306187255561,3.458676505611779,-0.7966363919431303,1.1320275397843895,-1.073357541620344,-2.307402659273598,0,train
-0.689226712883277,-0.5835942841687369,-0.8880804757287499,-4.0217346074543725,1.1770220193698757,-0.7837445641834804,-0.5509199005902757,3.5549732985560025,1.2873964476673874,0.03279154673919715,-1.6846633791359797,-1.7776977603508195,0,train
1.7799956805425388,-4.156432412308701,-4.636147978963392,-0.34000648699149516,0.24771906212773498,1.4316969658752006,0.5782479556730581,0.7156255653655816,-3.37870212144026,-0.7723714279154614,-0.6441256082068219,-2.946719867147595,0,train
2.244191114479209,6.2419040720640835,0.5296328002079316,6.759844533525543,-6.5839958236641145,-1.7133769563929677,1.182553303999401,0.9047375685416448,1.4310088789131925,-1.5043937815628183,5.070609237660991,0.8442030122016466,1,train
0.20321205329442416,-0.9703230968998162,-0.3114805199944164,0.8792436781970348,0.7587440960620704,-2.8819144917497894,-0.12497223655501606,-4.222118628517315,2.5385725038186635,1.2475854367709593,1.8986444740055346,4.815519193948182,0,train
-6.2758271532778815,2.7007024221002984,3.9559201346390225,0.7653904643528351,-2.5768935480157116,-2.005239139085596,0.18605702152627623,4.958511546147186,3.133584387554885,-1.3188456075368655,0.23429133516756862,3.0545785010973523,1,train
-5.697228818252939,1.4770874574248074,0.2920127077106136,1.2125801690183613,-1.463654529174605,1.2716141862425907,0.008035445099890287,-3.380809423351044,0.6692319837018039,1.2923528890261864,-4.2564718642535055,-4.4139536919454105,1,train
1.277580818473776,-0.5328170467774689,1.7692953781327287,0.3226389347089411,2.810309807484429,-2.2191082278538143,-0.24343103694495852,-3.6970575812098803,-0.3336624233549259,-1.0594227980104285,2.6804735467507204,2.5058479901847237,0,train
-3.4699031687650823,3.5150014957559628,2.666181922990691,2.3721705215697,-0.23546377313324673,-2.619791768757349,-0.3868386427115856,5.144581795521438,1.5195916886156349,-0.14946238389078817,1.424431041915434,2.506076972081651,1,train
3.454513105106991,0.6123926756783122,1.525778822907963,-0.2381369648728513,1.9093848927625134,-0.7421622377963455,0.5649123663317858,-0.8875132064922546,0.04705857414845083,-1.1440679719645683,0.9257836057922995,-0.2326552888065927,0,train
0.498745781104899,-5.322769405805737,-0.6278640279167642,3.4692320299052097,0.5446669811902791,-1.8707741427252809,1.2315454500381884,-3.8257577094639554,-0.8705990140129654,-1.108920668277017,1.9234644886913017,2.8709510861614076,0,train
-0.29761807682492725,-1.6834578189003548,1.919619525487727,1.7953653427887972,2.0999029379994756,-4.526277516718848,-0.5077932050374485,-2.790564565666352,-1.0102772280027839,-1.915095248444839,2.512180560071747,7.487061571012891,0,train
3.5944052296908344,-3.1547845383617155,-2.687142356069039,-0.9205260659903571,2.13968302388826,3.142687972934999,0.015177681651055241,2.829499233524108,-1.6289974767349142,0.8273853780792626,-3.4604618605003723,-1.4882522243127316,0,train
-3.4029171865141907,1.524659232028632,1.0449692685241634,3.16773395402425,-3.0594935839525212,0.1430173830933663,0.06802776235777859,1.814865704821058,1.704746462520315,1.4006896246034175,1.911880970589815,1.67091266690567,1,train
1.920348127041575,-1.5500472994424803,-1.5514064457469319,-1.0080633871218139,1.3017735673638775,1.3516301583600927,-1.138916250688203,1.2828380875664216,-0.0923234152542709,0.8741253549832366,0.4407631286672964,-3.0535671354178326,0,train
2.792487222470453,0.1578449491870586,3.5863584471039793,0.8114865975359675,1.9776105757284583,-2.52495319715147,1.4937051167593673,-2.19218525787263,-1.0121620861646194,-1.302196814173206,2.278676289734944,4.0726483357333105,0,train
-4.093210503460814,4.2891089350930045,2.512792144071725,2.561282306615451,-3.2487240788976215,-3.3666390034433205,-0.846191471980373,-4.1415972325448465,-1.887746531880621,-0.25596700141933393,-2.439597613642403,-3.2357525954388837,1,train
0.7516341572722853,1.7433165552973993,3.769308067141412,1.532641655393609,6.9752548912065055,-0.596374823217616,1.239936394157159,0.8198691520745394,-3.2957291657350964,0.6318226301354988,5.341079434667439,1.4524873819101884,0,train
3.7114134369564504,-5.525357929536368,-5.574954408931511,-1.3132990474817494,1.3600566852701295,0.3596283016792974,1.8185244554427415,3.201427702561019,-0.8343164699143488,-0.10825957219104848,-3.408974760240739,-0.7461433550512064,0,train
-2.584689428837771,6.140061083764448,2.099311011047456,4.6413728174876905,-6.330356614312541,-2.672625662327671,0.04093097158566651,1.0833751964314386,0.4721664738887832,-0.6338005602869241,3.7318929727786005,0.8159561375146904,1,train
1.603364351118039,-2.3253813564831503,-3.1335867038754532,-4.500916684832543,2.598434295454809,2.24711368215403,-0.11713127454623035,3.281900956465993,-1.3184605024435516,-0.8254537060533941,-4.257780460519675,-1.6921981489933824,0,train
0.005883851025274556,-1.4658076480298856,-1.3896220734122124,-3.2658046346553036,-0.06325352888644398,1.1179178008837245,-0.6904336906440021,1.5613075629405924,-1.8093693964825102,1.048978388368769,-3.616855598644803,-2.3270976879068717,0,train
-1.1394489741028744,4.156350241725175,1.432662512153592,2.9668654886079464,-3.0279676469905885,-0.25678024807002475,-0.1528388861063809,-2.2375467739295947,-4.16259313389828,0.9943089789400358,-0.5002874588086461,0.2866386140517738,1,train
3.463125753958318,-1.7497890064133357,-0.837975762905161,-4.941858008734355,2.147742519956371,1.9544694788004662,-0.23355270103295295,2.402213444435515,-0.014948079546253545,0.3723270154317773,-1.8872767454097072,-3.501780539910085,0,train
-3.0069528548889304,-0.3547519042619838,1.525607364323271,4.956642216677729,-4.5942809959033575,1.7879703264715467,-0.43639929923943677,3.306648708016748,1.051627832157623,2.0569034187011,2.5671772127601997,2.756423626914147,1,train
-1.1242394468422165,2.4889908835062635,2.956800370500619,1.1028980552792376,-2.2895427292861763,-1.4479513113401876,0.6713817022302351,-1.3825536233467428,-4.034002084896685,0.6493561385339577,-0.8994160326726426,-1.785297425546447,1,train
3.0583506177972746,-2.9741191720072853,-1.9296690532474885,-3.295846498044764,2.305382813984831,2.3691218748907783,1.5184060964511923,2.7256987771804635,-2.4577800106876535,1.6090040402864194,-0.7061969523173035,-4.401256473769836,0,train
1.4329463417137616,-1.446107921725909,2.224128489611195,0.9583890445284453,6.2435927954851715,-2.3959826065755756,0.3435235581354256,-2.1699654962714687,-3.5309970060490943,-0.9721246939933765,2.6161226191850937,3.1230609831764906,0,train
-0.7321916589956254,-0.8067608907550783,-2.044538746489214,-3.1258123060628873,1.3313362557978166,2.2675845298412627,-0.5393630374842845,2.317456177703861,-4.376171241274777,1.564621607795085,-3.6580447533309384,-2.785685144281944,0,train
4.115264044470826,-3.319597568054103,-4.103236699127886,-4.743995261093214,4.4019819179254736,4.122152149203497,0.327578647838962,3.950935815131332,-1.7640996018507988,1.5368965712438827,-3.6406945515555957,-0.9586075113731192,0,train
2.68112962596394,-3.923647017268862,-5.180440965991778,1.9176793732600181,-0.055427725466726585,0.8496208617026837,-1.3985174484829686,-1.315429629733197,-4.7621617997076,-1.0531648879843387,-1.4344977192418427,-2.8624594340726603,0,train
-4.3175476392093834,4.0867669634635195,3.353773784853508,5.849711659640292,-3.342499881840012,0.3732189901551939,0.23365629416285086,5.657331635809088,0.979487773190227,0.1280915141435055,1.515088977644721,1.6998445358176084,1,train
5.456811612067113,-4.242482286164606,-3.4014588207775045,-2.1044678483604193,1.944725527070413,2.0022561583972256,0.2437606820373584,1.6595784297431286,-0.21467964649863802,-0.7811807734633218,-2.780976869996464,-1.1174274367043788,0,train
3.6002582124762603,-4.1600325820498565,-3.6610294596664668,-0.7561812530595682,0.9013153403211485,0.9191579409507675,0.24406082328596415,1.6505564091844727,-0.031132867473616876,-0.2407360589846001,-2.3763890309781783,-0.8630093665870588,0,train
-0.16702781273657452,2.306680795057324,4.451611377057962,2.937601607681966,-1.9085874066772919,-2.9775764982339075,2.0392206098241714,1.102160156077519,2.3728405863645254,1.287949139569313,2.981924669402342,1.580482677529868,1,train
-3.237672324046048,1.9647221267256947,-0.0497959800325356,0.33623109805975515,0.09843173383230974,-2.6973100079502053,-0.49626942323094214,2.7344672622302646,4.09568800084814,0.8909297819029237,0.37273326832519205,4.5575153628288705,1,train
-2.2327097512667837,1.388776461215254,0.2866358656951078,-1.2232058532474044,3.0754836118824986,-5.572284903261203,-1.0838986344767976,4.829270761701908,2.6875470716661063,-0.5519909522900345,1.9434064317223394,3.8675859322835358,1,train
0.33372395836254665,-2.7342178760679,-0.132993153147686,0.4956903780878952,3.750349848673049,-1.3165079173195395,-0.14906112606254743,-3.84880356502296,0.3869829760259824,1.0090750339609584,1.406111864596192,5.483133546968839,0,train
3.47472796207035,-5.018887407097191,-3.28140625925729,-3.669376032660053,1.7023603971121772,3.363671896468645,1.0301707839468897,0.166110058036832,-1.9484100211686384,1.4614830946192654,-2.090540374432263,-2.660589703679872,0,train
-1.0897356511252472,-0.3418439993047888,-2.801767864596491,-1.2717667133064547,4.160056085443266,2.771451506023206,2.137969993061674,5.938197301438252,-1.727509898562281,0.8399566704635095,-3.628713338993076,1.2192928410127584,0,train
-3.8234664430636927,2.6245464508787997,0.22418571796919484,6.654765357411159,-0.8629397072841565,-2.5053252956611676,-1.069468829412556,-3.7336788308103785,-0.9781143150834839,-1.6237295005924206,-2.6782519547117642,0.881423973164297,1,train
4.024803703589981,-1.4376258219388072,0.24289494940322376,-2.616488017104032,2.7584217690403126,3.333519059257251,-1.370356840762813,0.6848672205088604,-0.24624456667373917,-0.14269146155180346,-2.895415199031128,-0.7915234033842953,0,train
2.353045883775844,-0.13730254711279422,0.16523470930571804,-3.9065737232601965,0.8741798022369334,4.099923151309546,0.8478971636210557,-0.0003078441864632353,-3.6509654704104118,0.6091843121563305,-3.037090377219356,-4.548691272673251,0,train
-4.12309402287325,2.933735613133465,3.646160474721894,6.6977570690765535,-4.142622176901381,0.19354548141093675,-1.5725809462653444,2.9822150566791623,0.7773249473442865,-0.011157016801846813,1.3554800137939869,1.5621144964914437,1,train
-4.656546312600886,3.4461682852396294,6.083936528388209,2.9136942274160904,-3.7728645194866943,-3.1643177782021095,0.9854988992352471,5.254759493525375,0.7812350324498389,-0.13923898704347812,1.1858313759775856,2.6422611020560502,1,train
1.4864570788032618,4.668947622085289,-1.0826096144980064,5.6681194510394945,-4.474408892030862,-1.7559462111460038,0.042733626999730545,3.976788857071095,1.5927892140767839,-0.32986565629899944,3.9980537665939675,4.42131910461847,1,train
1.3608125195185898,-0.16722416330190448,0.4206021620075231,-1.5012304937883996,4.149376677678329,3.342960348177466,1.7361768418781918,3.412444355633288,-2.1432587478050364,0.572205780988765,-2.029885076637413,-0.44709622212582323,0,train
1.9210932422260054,-5.212081853184433,1.2900351263053729,5.208529237422029,1.8082343525116598,-3.2800048125222823,0.7087084849177618,-1.9110830083531178,-5.2184686446460375,-0.3482949770497714,2.0967011786610645,3.1790393094801486,0,train
-0.32055967726347045,2.619220293395166,1.9036661763246734,0.625817012238161,-0.4216584620166315,-3.6112985337599808,-0.10389024745669498,-0.7564472179430639,-3.39608599285675,0.8336397643372272,-0.6032011000262016,-0.9074514777271778,1,train
5.045234745776514,-3.572711021956594,-2.755389715587332,-0.3144675788100695,1.4835779571902181,5.577508750963457,-0.8363513791814241,1.2693738217095816,-2.367682022310378,0.32861554973598944,-4.144272194159,-1.7807441530695887,0,train
0.24745060711202216,3.659838560096354,0.2725852992616442,3.6343797910288536,-4.630130268184839,-6.111983133197653,0.7818188031722909,-1.5848530745350826,-4.0610611957569915,-1.259765804949556,-1.2483628059066503,-0.8269094060665181,1,train
-2.9952786008278913,2.438321936381002,1.9091586156086693,4.971469350396882,0.08848200475787893,-2.204234229000418,0.45643036508381774,-2.8183092296316223,0.5597159158066525,1.838303536016646,-4.869948811350943,0.152007441249558,1,train
5.2839888390503695,-0.19841829011731082,3.4934510008269255,3.7390103672499757,1.9717430965827512,-1.762529380746595,-0.3764106927720006,1.8682046246591728,-5.469727465958366,1.2795085915522837,0.5799677501568348,0.49740320368199753,0,train
-0.8949430132497325,4.457155981763469,3.032982253640454,3.8007935390841614,-5.326555430400589,-1.8587650180526865,-0.8193801896943204,-4.102699706219252,-2.54185270900855,-0.616715639218843,-1.615478577727787,-2.4022307411405484,1,train
-1.2492843658504658,-0.4900575160005203,-1.3593660671033199,1.6352232582988302,0.6236758014710615,-1.2216036751567296,-0.8704115652216378,1.711212853298775,-2.6927823899925523,0.5913589032285722,-4.859395833969126,0.025833005397330577,1,train
-1.8301183478069858,-0.5858153412569362,1.1140032601054282,1.1015192474412638,-0.2945356025352879,-1.4424644565567415,-1.7390759650794183,1.8322325664710366,3.8454561016138493,-1.3259051082398032,1.6106811097398723,2.280122157777973,1,train
-2.2047259675485287,2.6565460449559217,3.892340757298645,2.6047068122183186,-3.153866573852208,-0.8060291852301407,0.8042754809729769,-2.313205805393271,-3.661077420419681,2.079839603499858,-2.003609319053351,-1.824621206918532,1,train
1.955221217317987,-1.4038684209209233,3.135869457450007,1.1015978557914103,3.4090410553187827,-3.654066679474378,1.6042271813785913,-1.026054195149838,-2.4950003211589404,-0.8239935584166588,1.860900526686876,4.256510982937291,0,train
3.134937009066086,-1.7556330697934202,-3.498595363037321,-3.2035585266172752,1.199591724112857,1.544440966679835,-0.08726851219937144,4.764738643275467,1.6654827137812287,-0.23665960797532112,-2.46026702108399,-3.0585205275012006,0,train
3.5159684042850676,-3.956221001874119,-2.7628611883543575,-4.525179130798858,4.809672599216547,4.055820198924163,0.04295816109988179,1.985160164683723,-3.0672503767643517,1.2902139228431644,-2.3807131237924826,-2.0971621247169656,0,train
5.991036690662218,-0.407658417980723,1.87806810682875,3.1271591668902428,-0.9641108898704123,0.0071004380844037485,-0.3143968731712669,-5.964562161379162,-1.0831985497058738,0.66464275474609,2.29858400318639,-3.376176161272741,0,train
0.8298750806335775,-2.1002804225877667,-4.750075686481876,0.17680163075531308,2.4442398936746503,1.174298003099174,-0.7045762320028851,5.398169589202045,-3.1598071553015203,1.6459652451225786,-1.706519517652884,-1.4522509383998528,0,train
-2.9992835134182347,0.6988399696680583,-0.65253467281071,1.3731292567773146,-0.2062708933802353,-2.79586780921336,0.8619777898197346,-1.2142255809537126,3.0221681555977202,0.1127321331166509,2.1758090288437737,0.8729627107844704,1,train
-5.786354160572956,0.9089702933876793,3.6868888958368173,2.792734740217127,0.8614600715602472,-2.07509778115994,-0.6986507271066003,5.457735284110244,2.3414252917613703,-0.7696146464179572,-0.1701136877538274,3.325776234687047,1,train
3.783703083717266,-3.3007844731542066,-3.0344686209457086,-0.036988183015445486,2.321560242261056,1.0896305794490675,0.25025205619618535,-0.12253614721012651,-1.7218357707615577,0.5280183995461992,1.1184908147311914,-2.17035335817426,0,train
-3.3619339153808254,2.0859576905858073,4.216352084043758,-1.7842516957132073,-0.7917159830849774,-6.056377683205141,-0.446850798655317,2.152314333244947,2.4577826487275556,-1.0393579344900936,3.11608190698214,1.7117675637592156,1,train
-5.153360847168394,1.352155107991907,-0.015268175152481245,-3.3232449751956397,1.5897344650538505,-2.78055204510679,1.084191705258137,3.219991798156112,7.473003554633525,0.6971660214818334,-1.40034738554504,3.5441082491673948,1,train
1.5796725933145395,-4.475627770823725,0.6720821595798541,1.2416480275893282,3.4144941634556285,-2.8170791165808424,-1.336185116332493,-6.4994127485749456,-1.345621214937921,-0.2521751188363085,0.2618375301362106,4.1906832208634395,0,train
2.142595661088441,-0.4739228474544397,2.9180827435602565,2.1901103121809498,3.2369306933524733,-1.2618118297784124,-1.7264618354715329,-2.548595168760244,-2.158771398381016,-2.7400724074737752,3.3758304393296186,0.5161444283671117,0,train
2.129743295545013,-1.7427090525522755,1.051133129330598,-0.08859779813218793,1.283718460657923,0.40457306264273374,-0.21085516245185787,-3.8694908932263647,0.668773450880737,-0.014578004698667772,1.4324486244791315,0.8730730361154588,0,train
0.38629032338633973,2.3161812894577687,3.443643401039404,7.8981257180236,-2.8380675979015964,-1.147372842800879,-0.19350384005890103,3.3697906371493653,2.0514584749602216,-1.49642387624385,1.7841215272139739,4.016457539403992,1,train
2.7419042800704094,1.1526939337272895,3.1691781374266954,2.637945741669841,2.285565953954552,-1.4292256801528995,0.23903911192688604,-0.8428119241767671,-2.512263892431346,2.081611586357885,3.3498816575827712,1.7098594348424445,0,train
2.690567288550752,0.10411812687457545,0.8343987630073393,0.3454989450918624,3.8745970497495326,2.8027182434974414,0.23561096103532292,-3.9088685760439015,0.7476368391877588,0.6714730510960055,3.0017022783776572,0.5618654795163149,0,train
-2.1149354478243505,0.8280729579890358,3.042431967568928,6.950993033137697,0.3020637041701333,0.7625247357071863,0.19878010744343177,3.8039404143586895,1.6018265687252145,-1.1933048304516864,0.8803384410965582,1.7678182494151427,1,train
2.9816158103522237,-0.7725716769596158,2.746881509644135,-0.522078576409017,5.308755677895136,-0.6257653690463065,-0.16578149134841122,-2.989106219093286,-2.1340405005892102,-1.476824090482304,1.838035389593339,-0.35260958154782385,0,train
-1.995079742210695,3.3260967432502087,1.9873684991970948,0.5797901068890519,-0.7762012385279515,-2.807438466521707,0.883919568142149,-1.9076302300907682,-3.2788948417745876,-1.1770396963183514,-1.0591259248173364,-2.0916720378608473,1,train
-2.8886351838440265,4.4192166747555515,0.8867167726677936,1.5678109635129949,-1.7649599296791352,-1.960099840765595,-1.330305493089617,3.3276783611987604,2.5680623859923903,-0.20774488972194058,1.5120643569915062,1.2583471766699983,1,train
0.18618989403051778,-0.27757802227419237,3.866097566855514,1.0744719750045864,3.488533597303644,-1.4139892263377007,1.6709655332898667,-3.079559883200015,0.03520088847939595,0.6077408491747215,5.642562023663771,3.380149299228834,0,train
-1.2214511628529867,-1.4983747642261478,-3.7677193297701694,-1.288569910677583,-0.9187123340011323,1.9823890948969445,0.4615638411075089,0.36682536183173675,-5.269210448304779,0.33005901631565393,-3.374633984147852,-4.971224205151894,0,train
-1.8935988840767877,-2.3549859008288188,5.096536324099063,8.740468881991255,-2.03004285282279,2.022732512291327,0.21826947605655642,2.5186122281950287,-0.48353969948159525,1.0763412248045048,3.017396999955302,0.0152937392959962,1,train
-0.39949019845064626,0.8107947049750497,0.7161336960534206,-2.756701689656949,1.0921829721974405,-7.216007762751503,0.5409470895043532,1.4982804522018758,4.084420363873113,0.7898998104522549,3.13572095215214,4.80037671299061,1,train
-4.569745147654747,3.0782167135111065,5.292473829531965,1.4331098430918405,-2.7803259530006286,-2.3552392410579865,-0.5716384516912407,0.15858985039015439,3.5423611582934713,0.9016214488730445,1.0987391187391828,1.3711740503564331,1,train
0.7367088690068191,-1.6630944093974374,1.1869714890547263,0.6832959890463357,1.8536731082528033,-4.558480652550335,0.29936083951715325,-5.639802061004908,0.21131106191045745,-0.5051809524892901,1.7992036146638117,4.693262510407365,0,train
-2.0277422222283277,4.166667717904211,4.410837224965037,1.5914698615319718,-3.093092442935968,-3.8386083779606626,1.2196504132452213,0.3553231913545445,-0.01114009328528276,-0.046064336882796084,4.121076783338458,-1.7838449985135827,1,train
1.9287137452403333,0.21470881338048375,2.8305255707531396,4.684210946985016,3.647402365107977,-2.554617795026934,0.7291135044643474,-0.7593049132795013,-2.8112180176674255,1.2393947567538912,4.098839678040422,4.343364552995375,0,train
-3.234342148147139,2.9805153080960665,4.261092666081945,0.49967292864313273,-2.6253597671066715,-3.204771982411394,0.35726045870873924,-0.829649781519719,3.5495040466438166,-0.14215603235501512,1.3680460445230256,0.8734888321918493,1,train
-1.1917100758748884,5.198130743864153,3.743860830020516,3.921706965505018,-1.9836446405075945,-4.639359522656811,-0.04285561520503688,0.7790496506956159,-0.5981841866683482,2.3614475843482845,3.95248660548074,0.36070841126170716,1,train
2.367041468195798,-2.7889111034343967,3.9038378558206994,4.8714441033236024,2.797845517459362,-4.874237216016709,1.1834972616055626,-1.0588331221042864,-5.732949609815863,0.7253784472765333,3.2801573629705763,2.599095413628147,0,train
-4.657415971697635,0.5568159571647384,1.5839282761356457,-1.564465890439667,1.5167638984380045,4.333891530932307,0.8516390986869766,-0.2253667825643595,-2.912058172941288,-0.9577144622997035,-3.267512587555726,-2.3013913024118606,1,train
1.343952246367554,-2.3147727530616486,-1.9723695057669641,-3.216702288771967,2.7795864556179257,-1.7703951889573801,0.26608359587792757,4.44513242293741,0.40976161713616976,-0.4006162743555731,-1.3831614434836852,-0.30096200364581116,0,train
-0.8952431339835791,-2.098680948140648,-3.255777463819302,-0.684431095283893,-1.369115659233282,0.7957151622957974,0.27356405574926584,-0.614798310021536,-4.6492080403704605,1.0856206669816153,-2.7829630452842227,-3.4801357664607346,0,train
0.729554408272131,-6.182446974503811,3.081870491781655,4.041654097471151,2.784220106563097,-5.2566952273732275,-1.5922791733728832,0.8912435082445289,-6.576456201183626,-0.7510943785493963,2.0982495090337414,0.9449281544479884,0,train
-2.0114038141580277,-1.4274064775983815,-3.9648378849484933,-0.19278496845189164,-1.3668116132572181,1.6207666355248986,-0.8455700312570571,0.6395025069356723,-6.134333981141924,-1.351951371075737,-6.375861827412266,-2.488241758680203,0,train
2.6089199634094955,-2.5094392062246405,-2.9886987591995386,0.14455682457387908,2.7139344617091354,2.8889993661249824,0.0821375478599369,2.8908350200367914,-1.531385303190394,0.26408429431249736,-4.347503909357492,0.6095120211353819,0,train
-0.6397037044980165,-0.5503118432895118,1.5803302722294474,1.2782415560448444,0.3540458062792933,1.2114956244393777,-0.48620949302634714,3.280398549091669,2.2485161142867627,-0.001829910503843735,2.5052814490612754,2.500756217573858,1,train
1.5264745499841164,-2.364781777701006,-2.8622951606370703,-1.2026485952288557,1.24633122974077,3.236913787665834,0.44485622025814814,-1.1329417193518423,-4.4555685837734575,-0.08074254431754693,-3.792356394027066,-1.841018415977707,0,train
-0.23260204581215738,5.844056763660968,3.2364916943906885,2.675992042319039,-4.442077900675068,-5.716692350121851,1.9245874746085272,-4.040154506342396,-2.708642308154601,0.862414102548252,-0.2154877870756866,-2.5598293831657313,1,train
-0.058941442619664386,4.049861224921924,-0.507974273130384,-2.4587284299269845,-1.8496520608993827,-3.72658841455135,0.22330413198541263,1.6863129194030646,3.7287427376258404,0.542210480343745,3.219451013746995,2.863639273503992,1,train
-2.389777398156187,-0.09278544701648572,-1.0681419158363252,-0.2635823852273602,-2.8242932093096353,-1.0945024354258839,-1.0453687256589472,-1.6370755943944948,5.3841798549749935,-0.895392343127418,1.1487417432274123,3.492858180830802,1,train
0.8691742751510989,-2.316552436638868,1.3397627473972784,1.974759577392055,0.7838357620664644,-3.610423766196039,0.31691766709632374,-0.5904482105914932,-0.7326589225684681,0.7535111018229852,2.0601642735301073,2.360137470505675,0,train
-1.8780943134364867,-0.16014479799188175,2.4110342588620934,-0.905820651375469,0.1269822971940222,-2.793368220443121,-0.05618197606548946,1.882847019811277,3.7349253829615794,1.6030134903037045,1.6757628121413457,3.4696672976286003,1,train
-0.6191246143243356,3.19397212438553,1.0880919858370788,-0.21678777044470676,1.3439587580668633,-5.859084382255345,0.1743058968568829,3.4361755019641853,2.5930093114296335,-1.5708601506000484,2.5426037307084153,3.2043792030383793,1,train
-2.88516070331627,5.122174388058733,1.8271076047598598,2.2822705488061814,-3.6337815902515715,-5.377197884270322,0.40341996329484636,-5.250410628561259,-0.28264164747789344,0.4358937454828151,-0.43802947365779965,-4.172477698236652,1,train
-0.730195917086534,5.389311750322151,3.963884677137697,5.188150080265773,-1.6502754315370831,-2.054327404111149,1.4682392509780884,-4.234800842980537,-1.4943046321097624,-0.49019476441968424,-2.380501348089525,0.4807545871401806,1,train
3.3659290410463663,-1.7265242166180323,-3.427007463397311,-1.7580322519156582,0.5748876706308212,1.500965406948104,0.7289528100535152,2.195408774094101,-1.540263890709372,1.1370254446963524,-4.933491124700822,-1.8610446797007936,0,train
-1.1479312315049959,-1.5209113996358994,2.2079584904831155,2.7310619410040835,3.753954230939799,-3.698887318445144,-1.2249873798124595,-1.2265199500722956,-1.8137860262060024,0.8373975673349137,4.517307271529749,5.467896768087282,0,train
1.8956883408851106,-3.054519306846898,-3.013934807828902,-2.417325948381052,0.8443810120040625,4.416506928612034,-0.3916199960146071,0.6683151317382301,-5.365865033461942,0.2122881786918962,-4.175685982206948,-4.818156788413287,0,train
-3.022003977635906,0.36405638480496894,-0.27311089076256634,-0.7259886573932817,-3.063347527642102,-2.096493483299388,0.35638067820836,-0.8617502455962396,3.3277285845270104,1.7140799277866678,1.7739818773232385,2.7652819848833543,1,train
3.250223710174108,0.23961511079537745,0.10963286818918405,1.9511891913336543,2.5022887674469314,-1.7832856092133573,1.8345837232646731,-1.769977352396063,-0.8774653719267149,1.386488871549602,0.6350051907795431,0.9773989698538788,0,train
-3.4304589501124507,2.2981468300210293,2.9941386170067683,3.4098955547971013,-1.2268077269881412,-4.66288060834906,-1.4945955448878996,-3.3743994312288574,-0.7771686835627019,-1.3214576053218985,-2.235743788038091,-2.2629702962466713,1,train
0.31691990984555884,-1.4321402609259521,-0.15206144730760052,-4.211553904066646,-0.2959410205589692,2.6869446171006075,0.5721580077169742,0.1220990819581349,-3.1315078956895857,2.699010383231589,-4.89194274432751,-3.2881009912818047,0,train
5.243964898880359,-0.2698300389243391,2.3389271295111875,0.3743594864180462,1.9701755943716068,0.03387640772425593,-0.4716173547903642,-5.808459299978723,0.605569830438009,-0.18747004439524378,2.0523180783860715,0.14052379265530757,0,train
1.768892855157787,-1.73381459780314,3.4593452092068953,5.898064360557145,2.2796140180541924,-3.8665261808963862,0.11342025732179614,1.5402137565950058,-5.180216914638104,-1.2177516646741524,3.5438251997178924,4.659225871615622,0,train
2.406873612315898,-1.6995528922254177,1.5451256361928423,2.6974479104657405,2.8212860130595216,-3.1665624292404715,-0.0018403058348738595,-1.7971621665282398,-1.818780527790929,-0.26046409782635627,1.7649280311920719,2.8883608055768937,0,train
-2.6779717775849616,-1.4910491328145121,2.218856776613221,2.794002695093109,-0.9499191786587515,2.3142897564857474,-0.9496864943938258,3.6177204185210607,3.266990445034531,0.46418918589035596,0.4829982557885639,2.8404775496753714,1,train
-3.153158284367255,2.7700174054958286,2.4001638379794663,5.669796019385961,0.4880851241928821,-5.89858077161364,1.4296760624506055,-4.010209316697016,0.45388107347268747,-0.07439818304599066,-2.277392859142486,0.00899360269525351,1,train
0.6497756662126308,-2.2016172422643163,-4.12948777708267,0.9311486517903642,1.8786057123175672,2.1480200404764775,0.06127692930719572,1.8836799439706766,-6.521441977826746,-0.9444175327734948,-3.175644217417402,-1.866346108057803,0,train
-2.776459926793079,1.9349729001980396,3.3802814495312097,2.7798147807955704,-3.495443842811232,-0.35595163673558616,-1.1708936132550374,-2.9820766786753565,-2.771378120678737,0.7693457720503343,-1.060564586114328,-2.3113824043697013,1,train
-1.0824365511283074,-2.710214030631687,-1.757632013742378,-0.886283841347927,1.8125964230567027,-0.9555672699450046,-0.7792142884156728,6.068285154825944,3.4879713652895266,-1.3651050864371044,2.1250897857563853,5.544648333830013,1,train
2.916815339230227,-1.4655722806965752,2.392344497872828,3.1921975158198075,0.5307457302506506,-0.3161190764985542,-1.000043809133201,-1.0821761258420382,-2.4076834120889097,-0.2000467107606586,3.1984873049148206,-1.5056793038477814,0,train
-3.1163714402815437,0.7403030135980715,6.623371534045738,4.09231498357895,-1.2247115976836511,-1.4823319723630088,-1.7262243998413813,-3.052687520078731,-2.2116176208519573,0.3653232731613936,-2.064695860926905,-1.5088188009035175,1,train
1.7622779690306438,-1.6501710788223303,-0.8306638740821337,-0.7940226706903222,3.8505555341200255,2.8900435096199093,1.4028864960629,2.5581000281057364,-4.553879200202754,-0.025786418306473147,-2.5649899080966456,-1.4651074984361918,0,train
-3.730254767691077,6.348978698395303,4.683620590246143,2.362469220345924,-3.508582239795144,-4.249319829969883,0.8056108747969257,5.396124138202736,-0.05830122268004967,0.25152670965152446,3.7067015198623254,1.2318019952848336,1,train
-1.5985678558000758,2.2433610208706183,3.1273307915554978,0.6084782471516725,-1.1564482414830988,-4.185696008290868,0.6209776705157986,-2.4135565927512754,-1.940644562985856,1.4249062264644343,-0.3440469160203694,-3.144504119574764,1,train
2.4288008707381543,-2.3123366638065574,-0.3437993095070788,-4.498232134576201,1.3470053117036853,0.22796194956190718,-2.140727577007087,3.558301695691509,0.6437736786932038,-0.9821438463513026,-3.4631244883088366,-2.089843419458665,0,train
1.9796633238311807,-3.881883006491296,-4.52176351157633,0.5622841821393756,-0.4581476994410121,-1.0507257015970883,-0.7043315582595517,-0.013526105251429499,-2.0194215753547513,-1.5828989334257766,-0.9144206379179887,-1.881989210109091,0,train
3.8066914702236465,-0.31108514155679834,4.9815882888912615,5.6826395369828315,4.677653153441428,-1.6806120720992754,0.9477337133244419,-3.403364771439943,-5.237974941010078,0.9957884403858793,4.604097079936717,2.701696539484459,0,train
0.0007103798865415456,-5.501990405789817,2.68768684270648,2.357157440084264,3.544513288072886,-4.004062762746432,-0.5986986877689631,-1.162276707006977,-4.750069365690072,1.34829345291834,2.0544924178301676,4.554171307244067,0,train
6.368191384357398,-4.395724617039896,-1.7324036610727171,-1.7638932285711544,4.140383784421328,4.046122291730192,0.8021637357380101,0.5758271318432442,-5.734819712908912,-1.6988572156613866,-1.0953152594213575,-3.652793304963514,0,train
-2.81975919556186,2.795316431805166,0.15609783936846933,2.448981589700626,-3.1152467573336606,-3.4730438352962767,-1.0992833309388188,1.0412120113274024,1.9533776354078594,0.6536676545826788,2.6873273394999555,2.1929379612903896,1,train
-1.0962372888626182,0.14548707809362504,0.6133536443902505,1.2706693684867725,-0.7414113617531803,-0.8808834254894042,1.4756752310439534,2.975579019631341,3.150346773343682,-0.8593141450908164,1.5361559781652419,3.5337337211789617,1,train
-3.9202709925042223,2.1446474685538965,3.9625125856202095,-0.7218902433810079,-1.7507669554411267,-4.707375882953132,-0.10560478336319155,2.6591744123256382,0.6336933815240373,1.216555912569543,3.0470101450680365,1.0979085655449803,1,train
-0.03772965120805072,4.9988354819719065,4.241650762271111,2.6323202189587214,-5.088763002740573,-6.150573931888777,-0.7656118767866654,-4.430978668567997,-2.3559882817934317,-1.6488959610230973,0.06477438389948142,-3.702888379649779,1,train
3.8658240404206663,-2.0403530888462846,-0.934710854657538,-1.043003024741999,2.8040272531481247,2.0933004443118386,-0.3022786797740059,2.0290611298659047,0.12114915490211997,-1.6335384446063699,-0.5983149483092032,-1.2152080399748215,0,train
-4.312782848112364,0.8389228736599279,-2.1743613260226216,2.638000378166856,-0.012853680159648384,1.3382900319706508,-0.46031883767288206,-1.5688235794316343,-1.7492756786809256,1.3731308640658821,-2.350139742589666,-0.516750608785385,1,train
1.999398321862452,-4.2284700542687865,2.560721313220321,5.931549018505997,-0.059782191448608746,-2.412666274330323,0.6538917951311995,-1.7386434917524953,-3.4900113356379787,-0.5258119468876229,2.9988865077338884,3.833472190686189,0,train
-2.3988224582263555,-0.13967987302081353,2.2422665720583725,3.324944596661524,-0.6071670208743802,-2.1766270124319624,0.6403504904846904,-1.1323784672690749,-1.2351411116142867,-1.3566420410999247,-4.284626244846923,-1.4715422315352793,1,train
-3.319479292381987,2.3141656463504345,0.8690183669301523,3.191377924249738,-2.9838277071295707,0.45688400735572854,-0.2093396663627241,2.591839407631568,0.3727431054422623,-0.12862459432130352,2.825673650972187,1.115808729107592,1,train
0.1638879171250216,0.7917781700446911,3.4564827545274426,4.396883964359067,-5.208038256356338,-5.358591569302368,-0.2281149554717766,-2.4409701652247895,-1.8644080877094058,-0.432289719498616,-1.364039376459663,-2.644000516153366,1,train
-3.3162124274349813,1.0280509611519895,0.5415248158778279,1.645187555594,-0.17092754746460104,-0.3874611705270552,0.5779086443510639,6.739953082339336,2.991061628436904,1.0157511423211774,1.0251713162167653,3.6294825567100713,1,train
-1.1380861988088107,-0.47404425715739107,2.980646421520247,1.085991380009792,-2.6656913598041774,-0.49932349658944064,1.3131557453087794,0.49303010754924825,1.1804521316441647,-0.7104961382103948,3.5490320366357504,1.8454378849165105,1,train
-3.6438325348204113,3.0033651262964645,-0.3935887014211903,-0.007814118715646856,-1.0889366371283613,-0.9632021104295314,1.3662198173524658,3.0968059497876053,5.1135283385969315,1.21998614348698,0.8049016606744583,1.9558454045161293,1,train
4.7620625222763735,-4.687841941687303,-4.80392621217938,-1.5468040516212205,2.805175599997418,2.038641123003992,0.5103564892365531,3.1230897470581347,-1.1002740523528298,0.09186084598822021,-4.055133744717812,-0.20636006168326304,0,train
3.639197069054719,-3.5661102288480495,-2.0759231995640466,-3.0791684457937833,3.8893449984961994,3.247724219969439,1.7171473460823763,4.828953115532345,-1.6935660465853695,1.6007291265942851,-3.499324926445112,-1.4226790005578107,0,train
-0.7338686241982859,-0.38303450170342,0.6880584856734222,2.9235725249465685,0.11564807322260329,-0.541262088713004,0.08320816877902334,2.63501768034913,2.0326997500256163,-0.508703290208633,3.785370634253748,1.158385816650319,1,train
2.422195086250142,-3.151630923147963,1.9543776467820893,1.5793566120828237,2.941201805377552,-1.3595825071233358,0.2774594827446683,-5.285654431371208,-1.3863374101617771,-0.7150245360023024,2.064278681686032,0.32030363719952426,0,train
4.615028463028823,-5.153291290924399,-3.3702475969426953,-5.207912828705474,2.9769799524877336,4.054875975266137,0.5278464372946434,2.447567275807425,-2.9163958097087703,-1.674799966723786,-6.268778982186253,-1.88978142125199,0,train
4.27159999054726,-2.8303543671154663,2.213729527206905,3.119809487941296,2.5331875934316694,-1.7850339829498858,1.915703594142944,-3.3659900707846337,-3.1067084781983976,0.20248565389238526,1.1698354328239386,3.2245570503617786,0,train
-0.862996559801452,1.8651509083447675,2.193740497941983,5.084537157881998,-1.9202556074713957,-4.371017420637928,-1.9941845130735836,-2.0039786011528467,-2.032742567468381,-0.8404430187368378,-1.5651868513045388,0.4595886498933561,1,train
1.906857687843921,-4.3292704000608255,-5.983373603739295,0.4589603987500346,0.5860627654001822,-0.5182589204680927,-0.269114947744924,1.973464560487281,-3.2233411623702493,0.3040325507964854,-1.2644229843632393,-2.7355815518327216,0,train
-2.2648076419122583,2.7990282145250283,2.2243176873385138,2.2288391304075734,-1.69708865054656,-3.85022589974094,1.0635717372814537,-2.7981759868222875,-2.327091893842434,0.6594790408994818,-1.0037538265507995,-2.305641696028042,1,train
-0.772963498500022,3.7396374573462934,5.735078096602336,3.495949214116961,-3.5256784628285622,-3.3455119652165264,1.0939221692224452,-3.4799723584670548,-3.3946548369472156,-1.2431248428543422,0.4484985559299828,-1.3137465080104276,1,train
-1.6377168014435093,0.33358688695484684,3.856558701372313,3.842015007007382,-3.815824568937074,1.0494293408249233,0.46944107446985417,2.0949544803232407,1.8573280214976065,-1.0666663604887847,2.4083798052378143,2.113153208753685,1,train
1.6627764929721702,0.7331660177971195,2.2842112460344906,-7.247924086714365,0.2978697741237948,3.8086854663478373,-1.0438156380158061,1.6292198813277814,-3.1494440462525013,1.0672256239831925,-5.778144231273803,-5.873513330883891,0,train
-1.2409112100067343,3.6581109632716666,3.9961969853647323,0.17973569793951194,0.21275744989813195,-4.608288483450088,-1.0630032455878442,-0.18580281671000876,2.021150067014168,0.5948509688363617,3.5557344572777376,-1.0485821396573987,1,train
-4.33281468244215,5.441411496189598,2.1572683553400536,4.742324090899559,-2.357682555942599,-1.9071829760894765,1.0034484913780355,3.5579397526651535,-0.8181144980849142,1.380134924684863,2.5841550228914447,-0.9865820795675782,1,train
-3.9851741318504494,1.807414271754291,0.4624856925311769,1.7275754570812571,1.3704368103724338,2.2299525211721507,2.320916948419509,-0.9476783534994471,-2.032182063437419,-1.2651499528446408,-4.275115590698936,-0.07156401968958326,1,train
2.080157796680636,1.720716540056868,3.521183925465774,2.8726881255035632,-1.8127831196636983,-4.807827190878703,1.666440816744377,1.0480601412277908,0.40617606353525937,-0.8743609588932986,4.659007506214325,1.3505773593717927,1,train
-3.518202246665706,0.38961110936016574,1.0393600220698296,0.9334734137194831,-1.2672529683048679,-1.7414331501327276,-1.0433519761929835,2.2777565223537284,2.7814768665861185,-1.3581516611098785,2.4136898776687814,2.113138627537674,1,train
-2.199984637303234,-4.224037222986988,2.92399869119315,3.747897021944469,3.0046718015650917,-5.609480537154003,-1.8892817003089712,-1.5672004513925923,-2.630100519844531,0.014728585661331544,4.01666704213503,10.159744330905184,0,train
2.9201190041800698,-3.5576425881752223,-2.2028717600588927,-3.847527770495147,3.088349077585497,3.9332854127514887,-1.1678624251696217,0.6449650343715123,-2.57541991626038,0.22361588061292692,-0.8466751518097542,-2.37744416032172,0,train
4.322132475455259,-4.335566104765719,-4.012820086310013,0.07902258213454738,2.028639382376446,0.3931413360874103,0.4452903379535047,1.098694390606047,-0.9371886417333015,0.6591918136918944,-2.8967900326802534,0.2187237096828727,0,train
-2.727253160340275,0.7292730894240806,2.2638022357087495,1.6182350032952169,-1.939359759852272,1.929784834188692,0.6688886519485457,-1.885765880544834,0.17247824719269067,0.37232311118229117,-5.455914051875203,-3.252072070763566,1,train
2.4748043472715,0.4265916475052922,1.1799166031514183,3.4371950404038754,3.6307539394918154,-0.6391687385544393,-0.3075798042144707,-1.5155641715609276,-2.128045012733715,0.6236820086908867,3.139224577409607,1.5901386530931059,0,train
-1.3958108919115841,1.6107246449664636,2.9306017571968903,4.377054645854658,-3.558752737540526,-4.084993100326223,-0.6842556902297816,-2.509317170993671,-2.7473513464387374,-1.3722413574439614,-1.0868503511813552,-1.4290856701570518,1,train
-0.0953290528232702,0.12631103895196905,4.765808541318178,0.5838908568517915,2.842911470233431,-4.0175653096814585,2.276464700114412,-0.8488840738370689,-2.369951662872981,2.6285109580857338,4.112809684852088,5.970308883356444,0,train
1.844289955332399,-2.127954977324518,-0.6346687124556094,-2.2287566988375023,2.752031097030104,5.315851743639748,-0.38714294505762314,-0.16525423817314255,-4.357141147671444,-1.2059641297636894,-3.8300655788100437,-1.6427749491160717,0,train
3.8770654307115997,-2.0771112176357778,2.1990183286642653,2.1018579549061362,2.0340421794063888,-1.9160509189315245,3.017556038129446,-4.359159151749627,-1.8631085095220707,-0.5792830003321205,1.589572997466253,0.06716165051894896,0,train
1.5480632615720034,-1.8447199707358761,2.16976264880007,0.8856115372020639,2.707541943193705,-2.7517861755114508,-0.4066753545642742,-2.881759148130016,-1.2871756537628112,-1.1606258515205543,2.182847009337166,3.598814602889961,0,train
4.501622062263268,-6.310951980229656,0.15264096207582156,4.225018711994365,-1.2598629870143028,-2.7339827282842135,-0.47515835136119394,-6.008133636668564,-2.6248250997208893,-1.3258662219572064,0.1373443494984521,-1.407128090373499,0,train
-7.493199523070929,0.05131996029549413,6.93354148092785,2.723218712365953,-1.3616733049900995,-0.4958035153035234,0.13192639853743404,5.1514278383362875,0.26124549452415047,1.230804104789037,0.05061374913513461,1.5808019647256826,1,train
-3.0263502112410374,2.7804616895082277,0.21668380234890638,0.5934538945702934,-1.7544927657479246,1.7637021807187776,-0.3559925830496047,-1.4757987121910672,-3.1047220009463263,-0.4807575381907678,-2.1302836130760583,-1.581828212357626,1,train
3.1019549009255734,-0.6617451658342677,2.2903331140135057,4.612938993034125,2.0418084192897035,-0.3833367181393217,-0.4403408979959849,0.4675769625841122,-3.6464696354065644,1.5288779887616861,2.7933981730189723,0.5079389600382274,0,train
3.931485609312648,0.7470914820509962,4.430808161505728,2.364180221333503,4.792130163189659,-3.258208180576674,-1.1124809123735566,-1.971863550461845,-3.8387705244341954,0.7053440809907436,2.7985854065160485,4.349825410163479,0,train
-3.9418835651305706,3.769802746054724,2.077720908079414,-0.0744124282197749,-4.32752613102862,-1.7079903753344492,2.9186456264756115,-3.6575109512557606,-0.8582324171360989,0.32823051475686255,-3.9219994412577455,-6.120904483652215,1,train
-2.642117570734494,3.8401373627734596,3.4483562708682944,3.1469165153717458,-4.401904128173148,-0.5633391132921857,0.44830958567121776,1.960595283407321,0.46836494659568273,0.5828679849259777,3.1050656158936154,1.6394166090511404,1,train
1.4962210888050989,-4.509036673508167,0.0017254124927883474,0.6769884849545389,0.6421522111161393,-1.9461065602934309,-0.8383452909265015,-2.488593048234083,-0.6029394482705981,-1.1961108524037167,0.48277724946507017,1.3382472660536076,0,train
3.4321997679300695,-0.3779147939409675,2.607038089238603,-0.6595404552745725,1.977618908913291,-0.5970752901161487,-2.5237790802172784,-1.0217808135537632,-0.06759424406778214,-1.5407006858566452,1.9293161390208131,0.22609756563011052,0,train
-0.2454419265253056,3.733866251329956,2.4653116624123976,3.9156201036094114,-1.894841545536792,-2.7981318987686308,1.4425026111920203,-1.6803417370989662,-1.7281193616137003,-0.6794835265923481,-5.394685702856975,-0.29040356959647884,1,train
2.5666885522382725,-1.9592719729940324,1.1161071676099978,1.944384705888303,3.0757630057220497,-2.9419893224990967,1.5547334179302321,-3.2687556232848047,-2.831661959049183,-0.37464793787219336,0.4494578860594596,2.514722392648866,0,train
-1.779444418858997,2.093240692511072,-0.37873091127200853,2.4020526771748094,-1.0893838979566466,-4.121183095703972,-0.37150426615057486,-1.2255182102180928,-2.8077211576915264,-0.4359626170590592,-1.0277959155574932,-0.6907443770389043,1,train
0.5109187492811498,0.34586342830536543,-0.6197843694701324,-0.756343889114176,1.1501428310797033,3.4631272777399946,0.9864070924849886,-1.2674179220804445,-5.4211035579707865,1.7214681243105256,-2.1875316700211087,-3.7360487542175704,0,train
3.155913906012646,-4.69858742170332,-5.038468600638764,2.349153514593426,1.957664346921053,5.930184823317536,1.1820114673483173,-1.6758525797557655,-8.935416708955337,0.5493187245271365,-2.1739273382203055,-3.1907635877046885,0,train
-2.0702128582327926,4.625152531679971,2.258001426071397,6.17921839504125,-5.447738253511869,-0.5515330843315307,1.5462905095370933,1.2061057583787527,1.5355783980739353,-0.6998678693296364,2.5534358900447276,0.8454046668286426,1,train
-2.3792973152536367,6.876743402967776,2.9632383703767244,-1.1441386049943136,-2.7546382032555448,0.387065742206095,-1.671713348715695,-4.23730856057405,-2.9788950551828304,0.43374696790951944,-0.3774258494828584,-3.710424870322598,1,train
-1.6832245810331705,-2.919592748560216,-4.553165708718053,-1.8222335661434963,0.6729543876648258,1.1323163202294506,-0.5725700657034033,2.9008166281795473,-1.8874966735375813,0.6444564075313615,-3.686967602996047,-1.0871678840767793,0,train
1.5237143396691424,-0.4886398967888237,2.0547851326633926,-0.3675945704585786,3.9614120180078425,-0.500971700976186,0.9620056415598063,-4.5047070053779805,1.6128159990432422,-0.08404906112319341,3.489971711471662,0.9943753379143381,0,train
-2.6587715472256055,3.3216721096908497,1.9980173571336357,2.223719681685379,-3.4628264797181965,-2.0214276170392256,1.9478668604207459,-3.7478102311669423,-0.8950609329507968,-1.1609751710191105,-2.2083150604929767,-3.541688163440056,1,train
-0.942924239231413,0.44873218710680995,1.807948218371534,1.2228547421304001,-2.1951603161635265,-2.506124655326523,-0.2539294702096058,0.17882237969170411,-3.7691640900685854,0.12507514295234382,-1.7293905917073666,-1.5758287119334229,1,train
-2.6469088195298647,0.15649372117179183,3.037772124104119,1.5538642752685068,0.7513367567583162,-0.8587497075121477,1.8008756928514105,4.069670640071298,3.3600041731553443,2.5390920927671226,1.4521843564134163,3.3657912805674206,0,train
4.25908475373274,-0.729247549032237,1.6885935590737446,1.3561221329568185,0.008337394100303541,-1.4776516010183742,1.4114920408622305,-1.7066982457820479,-1.0492602161809599,-0.013123663398079749,0.4094531736487883,1.4361436356264812,0,train
2.16484214343851,-2.287428557681163,-3.4779400915754595,-0.906806099815185,1.53062788806929,1.320022911544144,-0.619395160157256,1.904493948406675,-0.9654336445172855,1.1429809978970746,-5.994556123206261,1.1992858269245987,0,train
-1.8642423324789594,1.931843644128748,5.013737760767189,3.7196005261927416,-1.3299392997574817,-6.120478149693641,0.10837978170385483,-3.210719711039183,-1.1130366319082787,-1.4281738440415448,-0.32647051549932815,-1.6169853549894246,1,train
2.6400204701604184,-5.246380426318169,-8.029623163150877,-0.407456397023654,-0.7526594289472501,1.1318402161584862,0.717408366349065,1.1548591083504878,-3.541995377949041,-0.7830433639417812,-5.953829602237562,-1.488994328833579,0,train
-0.849996717561273,3.538034251604477,4.006788151581748,2.6629243856818237,-1.2460629267089978,-4.63020004437533,1.374733800936411,-2.945366610365504,-1.1134159898963312,2.24754043135458,-1.8898507423005062,-1.5817650075580953,1,train
0.6875077658022175,-0.31882995916688417,0.3189639382290048,-3.139387076820704,2.804732280198723,4.5911735734901296,1.2434503666684942,0.9302584688052207,-3.8031855837540305,0.8197048405384431,-2.207101761858252,-2.9152872987432126,0,train
3.815329865134096,-0.5623924476243798,2.549153494471306,4.4764784519201655,3.696608760008415,3.0078842372077323,-0.22998583410955123,-3.023291268708418,-2.199731544724189,0.7108048629520882,4.343128883077499,1.2122952858897473,0,train
2.8918745139832844,-0.5586887543654626,2.877521541560662,3.152211445693331,2.713862931384924,-2.714163885771918,-1.085923514604835,-1.7047054562489234,-2.9724219008554793,-0.3298751515478033,2.694882671218168,3.7744418812725975,0,train
-0.5081766122067863,0.7240893216190387,0.8452220313417043,4.1941652210000555,-2.7070079377154475,1.4349311530592028,-0.40546593822567384,1.8849149324227976,3.517100749092996,-0.8903281039562276,1.0386281523637468,4.603442537482804,1,train
-4.027103183037445,3.4316729569984012,2.7064766681840267,3.809401332456692,-3.3461622417050725,-2.45079695858836,2.1703208150002773,-5.209846168939116,-0.7013549258937501,-1.3400246028002318,-1.5875286517206055,-3.4435780147187347,1,train
1.9948552314470493,3.37379402469662,2.8881288977660873,3.003595538076607,-4.677644449551828,-4.943298016340821,-1.2062838139597734,-0.17889202443298036,2.9384059609151185,-0.7896030984495395,2.9432282924001427,3.3230503404399747,1,train
2.818902811264186,-0.7435940361477678,0.20261411647221905,-4.401874235882538,3.544546249644371,-0.6228558403541333,-1.8467475637911146,4.229301800059583,1.1503322601319685,0.2708689951476801,0.3385200854889172,-1.8519884964134743,0,train
-2.8633919022077468,0.11523692576159617,-1.5885681180868345,1.6689644487850914,-2.106666417864943,1.0975259146014453,-0.8785854263441775,1.3214554126613614,3.009668737639881,-0.0439240285056945,0.5091761846189526,3.2852471782999166,1,train
3.7135867486825664,-2.173652276196129,-1.140712738150673,-1.1405000720471579,1.861308125502874,1.8892058430093197,0.7093438747218275,-1.13327309480685,-0.9024396759539404,1.9365569043143749,-0.2979117931532631,-1.651975366131207,0,train
-1.6192603113294672,3.652239146989757,0.878479483611051,-0.5419772680654997,-2.1134421450530603,0.8372009800999836,0.6442472085861372,-1.2122020492308807,-3.745952946302613,-0.7189137329854416,-1.958394043011625,-2.3581265117371,1,train
-1.0363351292112186,4.5906682476607195,3.908920728786098,4.196407386944938,-1.654387891485377,-6.604947909395678,1.100710680760253,-3.7302547908635324,-3.758635634496361,0.9230449700003244,1.37555257282889,-0.21864776753726423,1,train
-3.0003755849433995,2.4134906223677675,1.4673387823814001,1.6856612130690332,-3.3123154787558073,0.13853545770886688,-0.6159522748490589,-2.6546416686223893,-1.5600400550493516,-0.535472180508159,-2.640389834974459,-2.979783442627248,1,train
-3.014425103442968,0.1611438065622557,1.0289362118817842,1.1315919193399389,-3.797894844930754,-0.8135478961616063,0.5997227755147775,-2.476639920536502,-1.9810336619656905,-0.2398155009421841,-0.6858497264504724,-4.550226711047836,1,train
1.2266746229370606,-4.183666510379707,3.1192569389907776,3.6523621952452987,1.149997834487647,-3.8863414493288078,1.346265535447081,-3.1041077032805973,-2.4645738306724336,0.6133919976485932,3.6162332384858837,3.3662094690256494,0,train
4.988837449505017,-3.619388493150298,-1.1204182685319073,-3.980961347397773,1.1273022225151375,0.5609179766908305,0.5896131373693707,1.4409896666953728,-0.17485040309408806,1.0757736392630437,1.1744512585967786,-5.03100526172094,0,train
-2.13658727686059,3.308378767650926,4.681512725341122,4.478093651103966,-4.436876681997763,-6.33642915772017,-0.3038770973802158,-3.7628734451523114,-3.752868576354077,1.0597127484953237,-0.055688431382740156,-2.104894723423861,1,train
-2.054971960651463,0.8554269278856399,1.6009350936862612,0.9144374616430013,-5.86122989135095,-0.6920182278768074,-1.0898849957349228,-0.490956668653761,-5.3220332808390785,1.7076673761762056,-2.0038115730962627,-3.48663154965583,1,train
-2.4084304547965454,4.218562555879393,0.9225955291570083,4.22452778374214,-4.109106928485554,-3.1003276120274443,-0.40769788208639446,1.5176313773874002,0.21667065388641027,0.3431638334486469,3.4621171179591315,0.8819923448115159,1,train
4.7656347125856975,-4.1972567167103225,-4.553886551538197,-1.1059002591253466,3.8123780649658343,0.8621271945489761,-0.467204296080964,3.60259360093258,-0.22375094318420663,1.0603420677490842,-2.984817355034399,0.8934976972556639,0,train
-1.6152717569994097,-0.6226245855820496,1.2549905926379388,6.2681627596940075,-1.946143930090235,1.6168680625940701,-0.9831251889372321,2.4532006548398817,0.9405887700159938,-0.08946968473279258,2.3554595821643076,1.8893432027949506,1,train
-0.7469019969569752,0.744072154198222,1.6918227669945964,1.5196269818017534,-0.04569922362691603,-2.495204727064245,-0.7999538055354496,0.41488504234656975,-3.1064266114254937,-1.4178988673497894,-2.742213580762315,-0.3971215694839012,1,train
-2.514203196572489,1.0930494224145157,1.5933054987909923,0.6744325804180118,-3.039219747263897,-2.2451694617529436,-0.5030277018759771,-0.3996836515001574,3.6366008497418,-1.779089702790992,2.7092039634555722,1.5616969501945897,1,train
0.5394437117252369,2.0389965704244304,2.32978226622763,4.32881586228372,-1.6028435082737036,-4.945366637040356,0.6104066171293386,-1.004262960088793,-2.5198347826073704,0.9991363213179519,-2.652403047388033,0.28290996071465946,1,train
2.438244332924434,-3.554853742291105,1.159186311451797,3.547046666570843,1.6776413615392687,0.2412704428472927,1.3603176070036709,-3.4619730433535314,-0.8501966469526696,-1.1963952512210385,2.975022346629447,2.5972148780439412,0,train
2.7725288375358925,3.3820777137193607,0.8993772608934245,5.683986376512909,-4.895508668258646,-2.689816574897365,0.1560395969271826,0.49658258450815707,1.1775048775329022,-1.2410938119119137,4.823326422503584,2.0857698615826736,1,train
0.78029471158988,2.0694343904738774,2.759653944755661,2.6566939066699233,-1.3786924461330419,-2.8761976770622812,-0.624813353049642,0.8001867299206633,0.7730730328397033,-0.48041089117481417,4.177256678370325,1.172942626856829,1,train
-5.370739988171485,1.8218535448381867,3.9662743298500636,6.383678691087066,-3.3769112446403504,-5.517770078388861,-0.6032993633937943,-6.7742801669619235,2.2145792394681028,2.9025948828623185,-1.965558860913734,-3.9072860478557683,1,train
-1.2391030083533972,3.6820144705644218,3.121345661515509,2.7516245013616376,-4.90843907503163,-1.422335906430039,0.2510538403006135,-0.6660107427211557,2.4772383861959915,-0.1468628339189991,1.813763323655836,1.688889039475303,1,train
-0.20198649145549719,1.2328368424864073,-0.08630444233149026,3.1562334405479495,-2.2891918551487196,-3.2829063667311145,-1.4130661663655961,-0.7793671230504029,-1.2229081103109118,-1.7680167966941602,-4.730736282931535,-1.7157346419583852,1,train
2.9861557334112647,-1.2752000177836744,1.0079836594412912,2.4845793056164736,1.4529526646510422,-1.0264282471761845,-0.6455999314831234,0.03524442375790349,-1.5431361883111259,-0.36817127809900707,1.2276880724068087,3.2060826303000725,0,train
-1.0809960013444386,2.618126120018417,3.6502608437319175,6.5714889236936065,-5.942019637841221,2.1626753963665752,0.14510238585170074,-0.5157744680446457,1.0303370800201765,-0.9406066222623536,2.178159152906632,1.1460555298819286,1,train
2.4367923882631,-3.5178309564050556,-4.130404906340898,0.11549625337434799,0.6335921678942968,2.0036535850922235,-0.0058945179650831,0.8026561541024217,-5.583760188105295,0.39376688991072534,-3.970054693990617,-2.4838063021973396,0,train
5.123879466581324,-5.002591601880152,-3.847511438112714,-2.6020278532653847,3.103584166585139,4.437689796981811,-0.6702973266429492,2.634044306272198,-3.3874069454232067,-0.5317574101089945,-4.282009784888864,-2.4741037858110584,0,train
-3.3460378303478002,-0.41919179879257396,1.277646249169384,3.3588603483389017,-2.288615113025635,-0.5666418132333186,-0.050089824191411225,0.5189823824382043,3.8996075469632867,2.7275849143053694,0.5417778965647986,1.8133058662427697,1,train
0.2825360127810461,1.2826005221136811,-0.29197022158105757,-1.0708833279621999,0.44195280432140605,1.465882833983617,-0.16877301733350528,2.2847777268841565,-0.5223781251748392,0.0710043748151388,-1.8957223661949876,-2.528453940470143,0,train
-4.184321196454717,-1.2272993057604755,4.223864373079959,0.7430940934830561,0.9115603715708618,-3.1681421471600997,0.23441565115994362,3.665564657536419,2.7754995861559566,0.05015585015444552,0.3723360168977585,4.279946229233969,1,train
3.08100099307566,-2.890952692791876,-3.1913338442001953,1.12803569034706,2.510204104714015,7.8101489074916834,-0.008207989275123577,-0.22798683288467148,-8.244596360321347,-0.7063781806336761,-5.141272278437793,-1.8018893407060472,0,train
2.543626597329389,-2.8749239119079895,2.7687158712291415,3.4477387457483384,2.032392206619192,-3.4418714130442214,0.22000735109657193,-4.240673807038924,-3.106938605053442,0.15507285931181844,2.5153494642650096,1.9113750171268329,0,train
1.9054142555229379,-1.2969823674276173,2.067447843325859,3.48538593153578,1.7188994809987297,-2.763897434100856,0.7899345984145273,-0.5777043348579793,-2.6078684090352504,-1.0904328513746095,2.144955890618845,4.505694800034549,0,train
-5.098988459972578,3.9292518855143808,1.5994772456758977,0.10078952343252023,-2.2035967709734567,-2.968326846915452,-1.5675655360837963,4.15781590313997,4.1761727675694065,0.1044092564120277,0.6169231253619534,3.684603162639756,1,train
-2.7314991235532764,1.3501223512415357,0.8524070725940154,3.55303301967113,-3.8708758639774956,-1.1454958115031393,1.6738930475004992,-1.729358063660448,-2.813193799078638,-0.16539499452360928,-3.7493782256803336,-1.9211152260967785,1,train
0.5970140316746047,-1.370723947288222,2.1244853165850506,2.211584542272695,5.039270233283981,-0.6143234703410214,1.8038798918815835,-2.8099670385369935,-1.8753086812132986,0.32855912672640203,3.954728480525291,3.348310022286061,0,train
-0.44987881035289434,0.5297207252618825,1.5243839798588672,1.069037743961786,-4.393823123527546,-2.049694058581364,1.5357760981655673,0.4127751943546474,-4.091934377904284,0.08583270827600228,-3.2381635545532825,-2.6733744094745626,1,train
4.004656974983552,-0.5383147578867977,1.1719685117941157,-4.970045070429347,3.9537451185085564,2.109229278511103,-0.6046011838718117,4.023655072443626,0.5922029094067067,-0.3543075393282634,0.12817407546284887,-3.6794995580076972,0,train
4.894105303189219,-2.5523145339005944,-0.7389155527068965,-3.976673029038926,3.2531003593691548,-0.5745132399054205,-1.2220490363109944,3.963511666380505,2.0080807032956507,-0.019384172212567,-2.2731581436914894,-0.4858441074525819,0,train
-3.2772187608924686,3.988611326929503,2.253042014632924,0.4475608414166117,-2.923110427544216,-3.559852595866418,0.26432058783263584,1.3688813636606652,4.083232006882545,-1.2175546452179344,0.49839996236352424,2.7458649396893784,1,train
-0.5574340853969855,0.7862429967402909,3.5722832197307026,3.635344493088969,-3.8266301684970134,-0.22990318654250097,-0.006222024882793851,-0.7648261395555536,-3.1452886826404023,2.2895118678133977,-3.558521594354601,-0.6894266682725376,1,train
-3.887482292852589,1.1209138916447792,2.8160656248648985,1.7168315507738803,-1.541026081748661,-1.1985058845978713,1.5829791826836912,1.8047527582536629,1.4997654527896422,-1.7425851323999755,1.987505691204175,1.7618596152117463,1,train
-1.6031091496062624,4.9159229103531565,5.166979138935878,7.032827351290038,-6.539061025537223,-1.342828760943628,-0.2374840725064346,3.953124902107352,-0.5850559696082684,0.016444483994082174,2.966318834010669,1.5979362975835256,1,train
5.611402450629312,-0.7892966189009234,0.38082767338288326,2.0961803181038134,-0.3658355155069519,-2.476230142259045,-0.1878991934044159,-3.239620619142075,-1.7351134057189905,0.49280996287102513,-1.5161756645465498,0.23840213155083068,0,train
2.3585540616638956,-1.8872374938008085,-0.00983284792187078,-0.36240475368968106,0.7230112963048334,-1.2622395998994764,0.6559582388454375,-7.105926523184537,0.9172310304526774,-0.08641178834355288,0.6286612828156732,0.7098526265290506,0,train
-6.440510222827337,1.0857000986035097,4.52092116013497,-0.9568260083685121,-2.5114104168568328,-2.187096969402107,-1.5296084259183362,3.845065875549899,3.2167598809999585,1.6013955777596163,0.01851464372743239,3.3313086212058964,1,train
-2.0120594062592754,-0.3795498515564901,1.56971174820158,-2.779695116525569,0.031580916617410804,-2.992026330563574,0.04427955806774739,3.1769587705516895,5.668310443996322,-1.8945254194469303,0.4691149973514832,5.222549861305936,1,train
-3.7618651580551825,1.5261588554048269,-0.4477617262278688,2.4522101760231556,-2.4329731268348675,0.09447293570375415,-0.9740164517967959,3.9348904314056536,5.762936267440111,0.4099464016372668,0.3296253842976129,3.725431414477237,1,train
-2.26436689158001,1.5184566274275786,4.705531802582557,6.307911973450165,-2.8509943963258895,-0.08397173600269214,-0.9054295044267586,3.439738342949119,-1.3262076140137027,1.0325391491182967,2.9048289100569855,1.650136714465958,1,train
0.14919122721292455,1.3695048506707064,5.373713575218325,3.8708020789912077,-5.531500646154544,-4.0980220615224505,0.11937147142926403,-0.8766224214289393,-5.415169565143251,-0.9637124514252463,-1.7423194595798004,-1.260748672184631,1,train
-4.968561150128644,-0.4970452243020853,4.2368560973613585,5.869547467490022,0.3750817268964104,0.4483000676181561,0.18159420120834588,2.7504584266601446,2.206209975374751,-0.7585374210079052,0.20623966965419682,1.6220075512399332,1,train
-0.2702333700172095,2.107719518885493,2.5736240028606927,2.1997695679457716,-1.255890450454207,-4.252124493789949,-1.4445224331017765,-0.7128379320924461,-3.9741649791254554,-0.2315514774570317,-1.0155066646945834,-0.4125167520908959,1,train
1.9187245810153932,1.4299009225703068,2.5917247304322464,-5.489686292594885,4.658245943583656,5.268260668254255,-0.9747392295747839,4.034119093112014,-0.8839441300613298,-0.5246226978803563,-1.0734650156921384,-3.343892724824065,0,train
-0.3506977337384751,7.054485864191267,4.005520033092037,4.707092472112461,-6.689705188830363,-4.531620001588861,-0.9977456614144491,0.7946412300239527,0.4374675527097531,0.773266381768076,3.555723295437132,0.4589219457919558,1,train
-3.9848393688184798,-1.9720261014020002,0.0494436952288706,2.7003524678524826,-2.8225241564492083,-1.8233295336533026,0.33642182957034084,-0.8653327543192131,-1.2660281809423706,-0.05282660849227056,-3.129947036023443,-3.1291465541174817,1,train
-1.5745733393260488,3.664173252707733,1.8876541743703186,3.1661109443308924,-2.844320830665195,-0.15055854585935036,-0.3328499455504052,-2.2078340423893126,-3.1782248307712955,-1.4249173935407375,-2.6775013343695333,-0.40693012682538865,1,train
-0.734338655880282,2.2515640398135814,3.822856550517351,3.192860765893985,-2.736454980867328,-5.1235813229383815,-0.7480612792520357,-2.3760711172031814,-2.436508487778137,-0.9409447792526789,-1.2223131394991615,-1.8523584444018093,1,train
-1.1713060568886697,2.900878176669464,1.9498423886466154,6.269569206074653,-2.7543355523080484,-4.202579460112538,-2.1859039233766957,-2.4717771422469257,-3.3606789183348855,0.2201877355336015,-1.7707864631961545,1.094220829752568,1,train
4.668758044020447,-2.82159392189011,-2.624212757505893,-2.818419110552015,4.912331156716888,1.8107538665795613,-0.6392003230120743,5.636678183066248,-1.8054483594663417,1.214026185319456,-1.926862698231256,-0.2460169450841505,0,train
4.112483670757742,-2.8788202211879477,-3.1996346785874787,-1.252178538746934,4.025250072890143,2.3707506428700267,0.3224328500646904,3.92154751227649,-2.11884575519643,0.7627771305554101,-1.1398145660222907,-1.5548315102965766,0,train
1.6738006823031943,0.05473464759659974,-0.17654892845476633,-2.323012664193474,0.5787825612247934,1.0052211226355352,1.1024492916008404,0.49387913548172646,2.148992132974919,0.919603400043076,0.5874052866450787,-2.7552620529709797,0,train
7.273450816249741,0.7902247055425171,2.0744178243998714,1.9012839884082275,2.2798878210107865,1.0631963150577604,1.0072082819876047,-1.2141522422794193,-2.23827182244654,-0.5416639087409032,0.8365688343380895,-3.0026195280505075,0,train
-4.833453766975785,4.224008755262924,1.8852164970746228,4.510265562605207,-2.54385047583288,-2.1450300664703907,-1.0306320635018853,-5.843650442579132,0.6583051818818566,1.5565797404998112,-2.236232614723483,-2.7027096043757615,1,train
-1.8986262848849358,-0.047742885267773705,3.5908126709106507,4.17355538522353,0.8413256298639351,-4.008023999905451,-0.5324677030241031,-0.588736978955398,-1.4020441541464908,0.5432795748677265,-4.803041595296172,-0.12523657195454163,1,train
-0.7987146825215963,4.836713432655807,0.8263603169589406,4.484494809438589,-1.0371290515060292,-3.130386573799193,0.16721389123091504,-2.6645048841795287,-1.28459171110518,0.5721277909612733,-3.515747117222168,0.7549721556510769,1,train
-3.568287700093102,-1.3408552467891095,-0.589833035592874,1.3492745955808552,-2.6094903281393056,1.0411362724341786,0.0036857213475054522,0.15167013432984433,-2.4800378331203765,1.2887237339993667,-3.895241423454574,-2.579766479711788,1,train
3.6020603387537653,-4.40589700167029,-5.2881374161892065,2.3737068226785034,1.0726407475927195,0.8986269497686912,-0.9475902232422818,-1.5591561599365167,-5.168082377561541,1.4863664623574406,-4.016447331506635,0.3230611852741827,0,train
-2.6148044276414213,2.3470502005693477,0.7041974208773605,1.7983083357607634,-3.9945817273090567,-1.6831930968909998,0.13116621107769622,-2.880868256088562,-1.814954492524587,-1.1313527056730224,-1.276579583275124,-3.4664395301885182,1,train
-4.310592731511937,-1.517762918896283,-1.2040795916170968,-1.2173570989245772,-2.195728264381224,-2.9360158559739955,-0.04634714065457071,-0.8729052075979187,-1.27059870552368,0.9910247005612584,-2.4926986464957412,-6.620904374375536,1,train
-2.2257827934265912,4.013369077596623,1.0159438675571464,1.3716411291693351,-3.2721389106538767,-4.106759065262251,-1.143986391710906,-0.30406597693331827,2.6773720227302227,-1.424859384490431,2.502855569159553,0.8219035236731165,1,train
-4.190555780574654,0.4481324275640943,4.945618740731127,4.605690558924483,-2.6798409475393044,-0.30632995653662975,-0.2288361471224378,2.0211013264558018,1.0021938050455514,0.5780249320185844,1.539815351165599,0.8935661974337199,1,train
-1.5251636583756665,2.4626836633963647,1.9250334513216105,3.7743249797181178,-3.590080008857066,-1.3901598817692356,-0.8438731870996518,1.7586299589490915,1.047360155258429,-0.29980665162245523,3.0289789948329235,1.3823636232298395,1,train
4.679085631100461,-4.219694282560576,-2.3883695688318753,-2.968078345340123,2.51464704237664,3.250038422592728,-1.272389070990744,0.16905098217640813,-1.578873451617073,-0.9592621571812611,-3.9195213520634775,-1.2618103703118697,0,train
-3.060089109351065,2.581972111216996,-1.270966983400104,2.714487692975603,-1.2458416167623434,-0.15244118910253768,1.3872312975164518,3.73017465496739,3.2228767241880902,-0.47831887225993464,1.098097230058714,2.506625067504353,1,train
5.621520622038532,-3.4123952467751053,-3.139542400113434,-4.35088336428569,4.591991984429944,1.6015793616475786,1.8045504175841403,5.366307563369255,2.697999740884695,-1.0180453070613453,-2.231909903073348,0.055163979064277946,0,train
-2.662268374353424,3.879897470672673,1.2605162088651873,3.113869017087968,-0.9546213301858812,-1.2065419962482875,-0.5926442029110615,-2.705656890006258,-2.5720403374541663,1.5311207669864915,-1.6742648222035972,-0.12799594858967467,1,train
5.2491924698845835,-4.514352849369736,-5.463192500546089,3.2445176081800104,0.2007137226044542,1.1149640946395987,0.19941370680165688,-0.0903967069355529,-3.0056253372730533,0.6643747495076969,0.24228384048956997,-2.6694624940194807,0,train
-2.3136111862691564,0.0605676502089767,3.0374655356781313,3.916931238722762,0.8524227120735999,1.5995747392827124,-0.19959370261414522,6.834750766384105,0.30420773176986793,-1.168591440994131,2.0717986072091055,1.9644571491690277,1,train
3.7321474702849686,-2.6419806050261423,2.417138160033395,2.239628938558862,2.10312557055131,-0.25642623696557454,0.24991396153142276,-2.225494054658076,-1.8200411457816628,1.491902470014874,2.3249450149784643,0.0017182855430415422,0,train
-0.5234180063559402,-3.261046833233542,4.530426043108696,3.567076624856214,3.3472319259599708,-3.0345464726355535,0.5199046521352122,0.7077641395042997,-5.130622928353448,-0.33609920971740065,4.735312484335784,4.520226715077694,0,train
-2.9771291898279193,2.459167760246107,4.567106267644082,1.1121631966291228,1.5467475772132482,-1.3551742536729945,0.6191087397932667,-2.518903498681859,-1.4414659540459454,0.12091254252064873,-2.1903525566216424,-1.7101228961936248,1,train
3.721738353272988,-0.35474891077450965,1.8523486550553308,3.6994358229600453,2.787826312786324,0.09689156846649905,1.111277975768789,-2.7994190139490014,-1.5676721058792435,-0.43034195784999174,3.6242642523851405,-0.4601076245297122,0,train
-3.484439109072762,0.02595581000592384,2.82519554187615,3.8038899070450127,-5.416065862703428,-2.1899525788978926,2.4035731712157915,-2.4711638912269587,-4.494016426217954,-1.6288262132248041,0.9157822058341352,-2.34945081996405,1,train
3.7367259644323987,-2.0451448225928317,2.719078265645727,1.4259692417159615,3.2791197877526046,-1.2366745351858086,-1.6483932686120981,-2.399183828731747,-2.933126436571729,0.5456964744277484,1.0660603597289713,-0.3808682643946075,0,train
-3.5454725069914286,2.6303878483829664,1.3331400814375411,-1.46757964156969,0.10706620242884979,-2.8460269675985748,1.5810940091335242,2.557649606044866,4.458337631807993,0.6136120966650845,0.5560737389660801,3.552322372918255,1,train
0.8035712009355822,-2.9592777125006213,-3.5168586656695373,-1.752591561704712,0.6993143606699876,1.507699413099694,-0.43567995703827456,2.0538561843345335,-2.341355584457787,-0.5381282190428518,-2.767985206122178,-1.681580655160746,0,train
3.6869084033931068,-0.4626771691581566,2.27177346645029,4.454906525232873,2.6033148835830424,-1.978988409526754,0.45282525450155936,-0.5998819667046302,-3.3716268946555736,-0.6146559114669332,3.171243511263924,1.1662943188799895,0,train
2.503544920094398,0.2674099063376456,2.8281929681540854,-0.41673316217529077,2.672556956454764,-2.6743488370659962,0.19155891028584066,0.5937632667394861,-1.7988335001930902,-0.4809037330054383,1.483098170529982,0.5320900206311336,0,train
-4.2727732224189126,-0.24983683209964047,-0.38265296681111227,-4.849863201884421,1.003137803894481,-3.291943080368047,0.4941071478310059,1.3975860017629393,6.19330285950682,-0.8809147796309631,-0.5511357551964142,4.547135190993424,1,train
3.3809054017012237,-4.160838448124143,-5.573084920088435,-0.7172136222091245,2.999336974775604,1.2249527016543058,-0.9468969250236281,4.816290156980951,-1.7671232365083809,0.7835217071864427,-1.72973173227422,-0.7974753854813876,0,train
-1.2467444357709256,2.021708948685729,2.862414083654108,2.143171698478961,-1.977882463542931,-3.116920172113145,1.7945611598149374,-1.7609737219945463,-3.09349886401711,-1.366728065647119,-1.1930647504746,-1.792430229343238,1,train
1.724945115863092,-0.26215251016214625,-0.8109470707823532,-1.2511785498701826,2.36920757367352,2.027814105788568,0.26527948512792826,4.102953037761546,-1.255670576410417,1.008425793704744,-1.7665435294792717,-2.294573655667319,0,train
-0.5636624505343386,-1.6368558370404602,-0.9027915445169921,-1.9006392550468592,2.305850129237634,1.0900840561246914,-1.0470363519570263,1.9377855372334603,-5.242914409375661,0.7711185770217412,0.266374316269558,-3.8661438927637217,0,train
-0.8693117731697311,3.3585070457741852,-0.2666506853546058,1.5818765250881146,-2.0757092563271367,-2.006520853789553,-0.38843724519700157,-0.9670007831915759,-3.5770186563906816,0.41035813801597393,-2.1965432584443048,-0.868615252196415,1,train
3.2204738124138226,-1.8509383514423454,-2.484760967932588,-1.790296158436386,4.078578383099642,3.8955098541957813,-0.4378484855902953,5.0998849687966175,-2.39649074013696,-0.20315362657847902,-3.010082782621331,-0.507533550349929,0,train
-3.929343510335845,0.5992682635367155,2.409624038738345,-0.12694948522753835,-0.6361916097440419,-0.6183174392269741,-0.365321137412898,3.270713195214255,2.623168756862126,1.1667179858147796,2.14727873200424,2.039686448476705,1,train
-2.112844184854475,-0.9537086188922475,1.0976526586590707,1.458190229080962,-0.8435344089305401,-1.8508158676934823,0.5903102158845082,-0.38864700759675275,-2.1012632748563296,-1.9722893853683456,-1.5795970572556928,-1.9061731749106186,1,train
-3.1186095351582646,2.4856429662752513,2.1326379768711394,-1.2158645612432788,-2.7921125240131057,0.15886701895738353,0.03523764472101435,-1.8187779195770992,-2.160249681076376,1.0183175763207184,-3.6084043736720512,-5.04065530092005,1,train
2.088005645650533,-2.12278193190433,0.6754861840673629,-3.932574778874452,1.117907914124121,3.6692880465476017,-1.451498387074691,-0.5387983263919973,-3.6067484795139046,-0.9170211476829058,-2.4502737124952056,-4.657458665114843,0,train
-2.7241330681744125,3.5578950479777376,3.6417752818680387,1.130923947482683,-2.261406552975136,-3.5974695453115135,0.4709371350348876,5.722905882848284,1.985871359368443,0.22519799151514622,2.9214467576472893,3.3508266825424915,1,train
-1.1452998531788805,-0.8268128688127194,-3.4215280078704042,-2.9061866729894277,3.5598048748399873,-2.1193321118357655,0.5507746281099538,6.85999951713963,-0.7210426466428299,-0.2276048596449719,-1.5582000586370286,-0.6386019149132951,0,train
-1.41766101242882,2.359598665821647,3.7778530980855196,3.380703196014851,0.5576987570035965,-3.8368235848539163,-0.295057599174326,-1.8230195138521623,-3.2252657273197984,2.2919355029692796,-0.3159618187161515,0.7510403438540014,1,train
3.470335407417451,-1.5129603791940633,0.22628376623968194,-3.2981750377908705,2.005190668427952,3.4337122887171567,0.519133491631354,0.5302632552501938,-0.8460329106109263,-0.29917480456960993,-1.7744362732730203,-2.6462521296037513,0,train
3.9405205822743046,-1.386146021798503,0.6176730564430222,-5.074610556250388,1.5247919292181273,1.9331501455933373,2.205508458135023,1.7828370402469578,-1.3072885953375994,-1.172785751156755,-0.9221907311426911,-5.821135038752798,0,train
-3.1890599444594536,1.3470890058479768,3.0629636501825583,1.7703573419762724,-2.593819565676922,-4.27832681430912,-1.0713774828013238,-1.5981326027710543,-3.938179030141893,0.12940115323386236,-0.6450655502420102,-2.4916603518494123,1,train
-1.3452347560819198,-0.8980620530971501,3.37412093870339,2.725726055538895,5.01512013674976,-3.631893691836373,-0.2889077755048301,0.4402976258890403,-2.419427239639705,2.272821923004666,5.093153705764525,6.559520147415183,0,train
2.9908849848094574,-0.5343729915861797,-0.27572962459581585,-2.4007546390817587,2.7081821627662883,4.291872053204346,-0.03653027157382283,1.4680466238031957,-2.2015782926340464,0.9137368801300803,-5.057751083866304,-0.2831161217389857,0,train
-0.9274534958666083,-1.7441298056635586,1.9439868304421806,1.629201870895909,-1.9583052793693723,-2.8913805622649797,0.4438615932859771,0.426756762079342,-1.930021954024203,0.5062320226694175,-3.719258395413927,-2.8400353590542773,1,train
3.8084002936356462,-1.7945854998419475,2.749837324431495,3.9314041256338,2.5766795347038043,-1.1744799740445897,-1.7302402684460712,-1.2812557043785526,-3.33469093489456,0.9065589804653987,3.085456981640287,0.40378856406687547,0,train
-0.841693211680326,-0.6137305964588733,1.0107744919697548,2.0114576245091134,-1.449753325645167,-2.743995663249573,-1.7042814596567855,-0.2918140790786119,-1.7654527129798705,-0.30103054823766556,-1.903737034947361,-1.6602864313430845,1,train
2.7155042050746174,-1.2496996798440902,1.6478766482965501,1.1072467388870724,3.9354020109346486,-1.8549259163281588,-1.604059115627633,0.42620741906001713,-1.5549537998960994,0.8828371519804411,0.7329986339469068,3.803605317485882,0,train
1.8242615685556602,-1.352012663191362,0.5412751152841861,4.947737143769778,-0.6788114329495039,-1.0589160159783488,0.8238482938879602,0.26863461047708936,1.9183292996709151,1.142048191355348,3.9657505044818917,2.492160968370787,1,train
2.5974894218163507,-5.232647680629705,0.7434132031118381,2.694150568556983,-0.2424065926634258,-1.0485968048593295,-0.27127905064912505,-5.124499407694814,-1.6977200687929472,1.3398362696394988,1.5373323126096823,-1.9657666897165909,0,train
0.8045811948611499,-1.251733588507429,4.321558548488902,0.877233707859356,0.6119187474198096,-3.810412756017272,1.1758374499225575,0.025065416749595837,-3.158112086559746,-1.0261564362340816,3.608764531019224,0.4569129731071637,0,train
1.6909301824105398,-3.953796000405068,4.041738572333349,6.059350889188529,0.2233560305161293,-2.6507227660431205,-2.3881731389549756,-0.045223252511293666,-4.101531620856502,0.6574515860073362,4.171274573700996,3.786149710260524,0,train
-2.200570257106641,3.567594154818165,-0.5959384853730976,2.0899426257623053,-4.563002022242401,-3.3097997876978376,0.11323793797232524,3.0031456052810217,4.061409127256881,1.5786221726305267,1.967355950306179,4.525694349390591,0,train
0.12220247403463391,-3.2769309127335116,-5.254566470723028,-0.4866853334603527,0.07081272230472457,0.6875530049510434,-0.8140402974164334,1.24491405313021,-1.688291262380944,-0.5798302191616752,-3.6707188860850692,-1.362252532339602,0,train
-0.37834678263404076,3.0466750131461833,2.0900656271069145,3.3486200798964227,1.4053008421384265,-2.1686127871832057,1.175332862928672,-0.31690518234238785,-3.4465955063860965,-0.809466649688132,-2.578511752740648,2.7014646838950425,1,train
5.006641065142059,-3.848179878064909,-2.844948191103,-3.152498868650807,3.025855256751466,6.559305906122713,-1.0615416374575428,1.831210950016093,-5.804815740852955,-0.3669201587064221,-7.0432166327748185,-2.7959091019521742,0,train
0.25498749639673957,-0.05485117202611978,1.9684622409761183,5.529418103758283,-2.3337757816386167,-5.492995401078733,-0.3050715832666366,-0.9917700011561879,-3.520605388287077,0.9250178716291256,0.4190636208577727,0.9263039708478416,1,train
-0.4271091632454489,-2.6728871293041356,-0.1762622014707791,2.644722452846299,2.5448673979179133,-2.557371174537307,-1.3319414213479037,1.1875959551272817,-1.3587300216969087,0.8133410802986735,2.2947391273809656,2.0522937813729767,0,train
5.765169661221188,-4.683586942776634,-2.345330077738227,-3.5068079180247027,3.1409537882008447,4.986468215448669,1.6845369751361172,2.2766859578563774,-1.3754180988893965,0.2513255517607951,-3.6867549387505014,-2.051526539891043,0,train
-3.5239734658666353,1.4952754028768929,3.1398063722195495,6.484147614440557,-2.8775161442823416,0.26059712607100227,-0.2534686081382995,5.272866338403147,-0.994932600242906,-0.807796096496816,3.0911559884912765,1.268381341058571,1,train
-3.247153349754846,-2.215101442255431,-3.4064395921521937,2.5854409120151853,-0.8052371617138827,-2.159265589772409,0.6326700116253614,0.405619565721115,1.2276283404520814,0.5738335814621356,-7.317964620952404,-2.787520400219319,1,train
-0.995693488228452,-0.669283149160594,-2.1944791826459,-4.38152092633843,-1.7690805965232013,3.0708702310055163,0.2594232933116563,0.6003297076605998,-3.505111815097086,2.930684989919358,-4.508109685208825,-5.1717063886220425,0,train
-3.194256809695592,3.39296020947807,2.128903322467368,4.817326021239094,-1.886910082337999,-1.532118122849798,-0.43853280713462894,2.250054456939996,0.6431798277597964,-0.5794316191824679,1.5424836697885655,-0.2135362530037721,1,train
0.6794684313818176,-4.016301622960814,-6.144106276497945,1.2686797460051786,2.4720034831386792,1.4482778919438863,-0.3479937913306027,2.6604443293423614,-5.330251333029264,-0.011818483931054127,-1.0280535241710589,-1.8952158729183748,0,train
-2.569277695294117,2.6800181269383296,4.022791419569672,3.4473386198220446,0.16429891963445886,-4.040028603899768,1.717658472264355,-3.2041047313078184,-0.06629220505858813,-0.2543397514044299,-3.112601875436874,-1.4586058640966646,1,train
-3.284550326729361,0.9738432723871002,4.593210588622104,-2.688102607796977,-0.010672672736462996,-5.191509455236042,0.005214713707708798,4.531977962650394,4.159988416241767,0.5591055962118473,0.4581150430307981,5.159162399703404,1,train
-2.473723061070422,3.0595032284996853,3.3110936253252037,-1.2469976323914311,-0.7024525929154151,-2.6076953355402726,-0.6694534753444699,-1.1588016212587031,-3.8532982581179804,0.7079030157359274,-2.153529628691569,-3.3805020459478508,1,train
-2.3972996901492785,1.4537108913310446,2.928659173453882,1.7037677336208055,-2.3654957095613005,-2.5590162966891756,1.0129483192905013,-1.9465262327435617,-2.415376285970847,0.8861244999470088,-2.0269063739391364,-2.849106624647971,1,train
-1.2675904411285384,1.1571369566926166,5.171453192324531,2.630384647165465,-2.3965507488792217,-2.8775634334609097,1.0628309738400032,-1.2446988761699513,-4.067503308781124,3.119331947238189,-1.488004712870902,-1.3795402368212204,1,train
2.913968840715562,-3.883839864258725,-4.044292830181051,-1.2326160996968745,1.3614350852254469,3.48171649947881,-1.4795290355556003,-0.6070313468485304,-5.173066329849854,-0.886844373980756,-4.2890304908006,-2.3807225381364745,0,train
3.1668787241538894,-3.50668738572155,2.6200474106675236,4.547635512684025,1.5199957537050008,-1.4822838219036985,0.9531139059416205,-1.8722907095974097,-3.8032277812550195,0.5745310220816133,2.717536477794179,2.327780047054526,0,train
-5.623313050464203,0.11486580612491304,0.005365738159925915,-0.03881062859980933,-0.8841364441163226,-0.29605449312856824,1.3261866146750005,-1.3189829999020515,-1.080928564298755,1.1505495046405223,-4.374111778041213,-4.268291501045569,1,train
-0.9353720803983798,4.499744658998678,-0.13308642602246845,2.8906484682375324,-3.00962691193306,-5.5486497382983995,0.8596553602550808,-0.8788262686008661,2.9458192384631756,-0.5240162521294183,3.1312316560018685,0.29483847649038597,1,train
-3.594984569772483,5.764179855166811,5.718532771938687,3.792625895350517,-4.660156732352409,-3.484515558824178,1.8710031485709357,1.4182114064921267,0.2665319642192001,0.05238411855301449,2.7671042965414,-0.46551463768019863,1,train
1.1852094899694916,-0.8400778484391025,0.3753879129687925,-5.839825709569629,2.636272833886825,1.5716103567190873,-0.9483112233188111,3.5182291076954115,-1.0259140551669905,0.09663027407747111,-0.5244699055352582,-3.4459278735732073,0,train
0.7528941520288917,3.1124372696735474,2.578342618030435,2.041696210083784,-1.4625259569948061,-5.274998789528068,0.27444980377024,1.7310654915208352,2.0543806794608592,1.333615076871583,3.6022286010758444,1.897603033183786,1,train
-2.3153292371282377,1.6604874282547408,4.452788215735115,4.169365369458313,-1.2900963140447914,-2.9323806819200096,0.0882363880441588,2.677840320919413,0.8895190910400581,-1.0862511297449575,2.8026265237199244,1.67224813301875,1,train
3.227604262312658,-2.8208958465763185,0.16603899650521248,2.164427483455426,1.1995400886691792,-0.6772950112606653,0.38637020177721704,-2.8611155133882433,-0.8377516206105857,0.9950336216788989,0.7566451149201907,-0.36162702028044436,0,train
-3.88968979439633,2.4536714756964098,2.317345811516408,2.362451952011369,-1.0665348338309804,0.2087962815390756,-3.039472651550784,-1.913198269815573,-2.7432999317552382,1.1656231443695662,-4.028050654548121,-1.4492568927172211,1,train
2.915877692798386,-2.8358287929635573,0.7105621196060437,2.2890189258140015,0.05998791179847984,-2.065516130745236,-0.8678364504150612,-3.707033328121648,-1.1639373155973067,0.16646433636339822,1.082231857646672,0.48084185743208785,0,train
4.5191198042943945,-3.7533013997599074,-0.41772703673532185,-1.7320441651376077,3.3443389637125014,3.317593025538195,-0.2797516114952785,0.5735790706806265,-5.422351414414656,-1.399790224025383,-1.417856243961185,-3.5289675672645715,0,train
0.6583233425191475,1.1753933375310122,0.4182566286796088,-1.6815897449587367,0.18468384277679917,2.4025560672088524,0.31727718110701936,2.143686603529748,-0.7263409345565293,0.6786161992694587,-2.455489002145849,-3.572500314358847,0,train
2.7837000172669772,-3.6039414628712794,-4.298545748342871,0.10734188797244437,1.7624639760392393,3.0434476270155546,1.3161102324145926,1.640746971140795,-4.421499976169837,-2.084610867225164,-3.9840460496043932,-2.181745536312219,0,train
7.36315498336961,-3.431245886783231,-1.491421324390531,-3.3250191444294606,1.2335396682071256,6.689457159901888,0.34949502656107306,-0.8293550146316693,-4.169631301268696,-0.0887403977930936,-7.006075183461299,-4.041389399768516,0,train
1.2754356770595154,0.8555534248675207,2.674056626542309,-0.652684015865928,3.2982898353890175,-1.290748542335606,1.8523551122572763,-3.3352549832778418,1.2451702750193117,-0.39936061562881753,3.248084100801353,3.7383080719049313,0,train
-3.1711596276178193,3.451199124037129,1.114788055685264,-0.5493142902915196,-2.260095317448061,-2.2901153331151307,0.29299838796571864,-1.1875520308097909,-3.6602870254138953,-0.023469787701032356,-3.674396726380875,-3.6530302041075124,1,train
-5.869243215976493,1.6894170369684554,0.756699907741935,0.9875620178328255,-0.3010358788090932,-3.386631917327154,1.0359486246720429,4.928289363945655,2.6397622869283097,-1.3718127761946823,1.8694006179694278,2.546744189565839,1,train
0.8576653287186824,0.3492117229760736,0.790648536248383,-5.593001386441273,5.787057029809215,2.023419041652891,-0.8189566141921059,5.736728989351096,-0.4354777250698909,-0.14457828128979752,-1.788474416143118,0.2597813611761888,0,train
2.5710352726740795,-4.665435432247923,-0.4208419453689789,3.7346843288974476,1.3602159940388145,-0.522785131956456,-0.15088086011833898,-5.119373828767625,-0.5381573828705664,-0.18521314570769773,1.5149647475582286,1.5599098067440074,0,train
1.9818384855773554,-2.3891432139787607,-2.7903802784198795,-1.5416355186332105,0.6957269575113607,3.2246935519703035,0.17695563657815194,1.3333168052761368,-2.400274757919491,1.4356592275241469,-3.7398773399481575,-2.425621976930279,0,train
-1.0684981035797423,1.574467345665755,2.5732567128655712,4.143378297968882,-2.5155356971212086,-1.0137315971827379,0.3532826896254848,1.9733508232394312,1.2772079975887038,-0.3418866853535722,2.681991404608267,2.200455508491931,1,train
1.2003522183605284,-1.4639968813080086,-1.2241867079865798,-6.615879132348076,3.8360274531985654,1.457916928034587,-0.38085001773594274,6.4414205512789176,1.4076796342443707,0.3040397846881921,-2.5983489537650364,-1.7899934243687687,0,train
-2.585939766850843,-2.1931591726043025,-5.240795648837281,1.1171503767053457,2.3289571219021683,0.9282365707887696,-0.6420930275942291,1.88958545172689,-5.22142599821696,-0.10532476977779817,-2.3307843279053206,0.06385429504353723,0,train
1.1004766069657046,-0.7944792480725495,6.2751133250881095,2.4738835732549336,5.140660816851712,-2.090997016671846,0.396206731406116,-2.9440491954801202,-5.009385335167254,1.541986446995453,6.234988433193614,2.9301787963968824,0,train
1.5263139709670432,-0.731235775930023,3.1073075238758383,3.352173198518898,3.880830338071357,-1.47301611657065,1.2291128225159713,-0.5390214884142113,-1.89189028612181,0.0260490166916093,4.498408237448265,3.175903106904667,0,train
3.318064410264431,0.9948166468988089,3.5897132028726553,3.974838018811149,2.856999295626995,-1.237427819885874,-2.2610650683419378,2.1998437997438653,-3.383280620084183,0.1958298118856144,3.361306520896605,4.797173399897449,0,train
0.27554317519332283,0.23147440890989923,-0.8175486219750732,-2.6437572795507256,0.22147049448208866,2.5584126041656545,1.7837985668488354,2.6201510855502734,-1.6031163899997476,0.154274222077635,-2.9792915485052003,-3.597462969951326,0,train
0.0009243767461244445,3.18617499339197,2.501625183377753,1.649384409922547,-0.7210664040735513,-3.357326310576071,-0.9923451575283061,-1.0786062592600134,-3.32426763449882,0.36688195456624434,-1.3676484186710958,-0.39750791713997424,1,train
3.5316525748989314,-1.0060360348683117,0.485511089854485,-2.257978536728923,2.6890298400254844,3.588646568089816,-0.23504040543402754,2.523774699308547,-2.8308982558706752,-1.190662150429336,-2.983115797001825,-2.8284195558341363,0,train
-0.3421505179782591,3.064522802336298,-0.7503986799329785,0.04236080241358797,-1.4660543850357097,-2.7661879007187586,0.0810495050454358,0.18969923939003408,2.6544033665526237,-1.2616821607399824,4.122150908670015,0.7174224509443174,1,train
4.416878616748602,1.0501826402244334,5.64532507811365,2.52442486777917,5.118838097696392,-0.4596560176560316,-0.8819504920379694,-0.3423996249580996,-3.5581970070089772,0.8157079744422596,4.067715568849422,2.422944771971429,0,train
-1.5045797690789637,1.221188824409781,-1.5219694062001436,3.864471788298103,-0.6617333742078977,-1.0076186583737157,-0.4371523152937024,4.346496274251102,3.0546730427669315,0.2795634620238524,0.5282415156725035,5.599016391026465,1,train
-3.4959805811653437,-0.9705099786823377,0.2903751842062192,1.0318021352488116,0.9250095510701626,1.3956966549091576,0.7458242275655599,0.7418472976166819,-2.0819799931522094,0.010170764456099947,-5.637131589114489,-1.3503818031252734,1,train
3.041754509019036,-2.8855017496972186,1.6278074171192407,3.683556160469349,2.967947906901067,-1.5345877422633791,-0.3969418712467669,-3.61394703799198,-2.5065367314391716,0.31068006240100055,1.8841566788540804,2.698673266449722,0,train
0.2651798231824636,-5.6378713988124876,0.904560834526781,2.881180235776269,2.738786202191854,-3.215722639316448,0.09352088822047526,-1.561725618563331,-3.3026927546013845,0.3272734135723106,1.0042979356370063,7.496701874582357,0,train
4.825831209464377,-6.269580671335274,-5.164406800526547,-1.7257726402522877,3.662857949258999,3.0571987784595436,-0.27292930644266694,1.5859670352005328,-4.935164114332558,0.7424045796901452,-5.205738787029562,-0.868048443825371,0,train
-3.820348416242731,0.6191990753901235,-0.6166584040782079,2.695084728980729,-1.882522922285268,-0.8482626534663915,-0.07901771093681988,-1.4501820499264295,-1.8367529610777233,-0.18726766311405624,-3.676337482344099,-2.0370976755097554,1,train
4.783093062339159,-3.7617021436829043,-2.518242534402796,-2.5038107748482803,2.8856598210630655,1.5135267153350886,0.7047313624524897,4.134051764101132,-0.24079638385528912,-1.231225570719655,-3.007455312948178,-0.9747739697290356,0,train
-3.8824874519309773,1.1048453029094791,2.2045843449606353,-0.07479219108094703,-0.5839076598403599,-2.8572956650851995,-1.6208301799505898,2.987015656775615,3.810250386365678,-1.522124107135723,0.8188949477711711,2.674473639496673,1,train
2.6733874441993337,-1.9547670218144082,1.029514868213744,1.2746995379052817,2.063629366870891,-0.7809255878349941,-0.27506351194961254,-4.0350907460995735,-0.2812898564706787,-0.8820983899777431,1.8991280258800256,1.089633131965128,0,train
-0.7683700268642064,-5.19308406420917,1.7841419846888869,3.488947654486072,0.22841263747076135,-4.7494506065071285,-0.997077349563083,-0.7737727762364257,-2.8255441904638867,0.013394059624746123,2.422255871674694,4.450399467147822,0,train
-2.8837383803999908,2.973786359016092,2.4830583280539544,-2.2337002783767312,-1.9694691675205358,-1.0049562727376884,-0.9045125780359965,-0.8606587144004936,-4.769310751815184,-1.31705131729249,-2.2138664183657686,-4.21750058400942,1,train
0.35252797727569685,-1.2408148035705087,-2.1172445865499374,-2.3129600441480367,2.348307995155349,3.2404200914585726,0.32857876911667566,3.3689233487460206,-3.0290803840581546,1.1054456855592327,-2.8530583899899025,-2.1507220053769522,0,train
1.4169405507222876,-4.74220174157006,-4.165185308629132,-1.9101841433063873,4.012272835753298,3.182691525867888,-1.8726047436336242,1.7389096465605012,-3.8311990652468007,0.15729608866050604,-3.392648601788089,0.18885027054172188,0,train
1.5669185773113268,-1.6511666929467497,1.7761276256244123,3.058160236014449,4.887018097291511,-1.6601083452302168,0.4126504801329643,-1.8255223131607052,-1.350738778936492,-0.5539110243467185,3.5463804400593513,3.4445666836001356,0,train
5.519818839450753,-4.458669194436467,-3.912762079877777,-1.668943564733607,2.7817001995136468,1.6609843836632416,0.31907210007309444,1.9338909324439983,-0.29332012912855787,0.9168445100311571,-1.3565625242870738,-1.4510818787029862,0,train
2.307454340186409,0.019468180609726105,1.2066263737394896,-0.1283071169270431,0.5120759234747667,-1.2126617735172778,-1.1217191579649333,-2.6603734585051853,1.523205223108179,0.25617872206417935,1.9286459101207223,-0.24682775929899758,0,train
0.16380297774710417,0.5818071200194108,-0.2490495783711375,1.3102230751219937,-1.6934402660666044,-0.5154803074956884,0.04501070283409013,-0.004249806930794353,4.470123232957135,2.1017970100860452,1.9695079418948263,3.313733418073508,1,train
1.312509134299165,0.872563561614121,0.5795571137448237,-2.0449752272632025,2.013747654717558,5.054547146219958,0.05865044236973008,2.0488571111329508,-3.887663459648568,-0.8597254625939265,-6.290396816921961,-1.6613452886086337,0,train
2.673962846594474,-3.0415587834479565,1.059872138128017,4.932852509898869,2.0558595626205554,-2.2558251530402678,-1.2937562044433433,-4.184070058126609,-4.289248240288773,0.4334282529849413,2.0782884606640017,0.547327301201411,0,train
5.2747160972253,0.223858659697739,2.836831476789136,0.8500403316040646,0.05799867460563313,-3.094246293093007,-1.4210312999630468,-4.220385160790546,-1.1059314913492078,0.5679693647236718,1.3872854340672611,-1.0643811361876891,0,train
-2.0731817158547265,-0.5970007339542982,-0.44471862899251713,4.249359867439338,-0.07383570579914744,0.053991724355478166,-0.7883033177099864,3.535163220471852,2.5844585967007254,2.6329551293836655,1.132330458565394,3.485629899336065,1,train
0.2618517577237536,-0.42347722961614576,1.9904208043348668,2.7514076832258265,-0.8726962878625772,-2.0083708103577766,-0.2016955341135986,1.4138386251353507,3.1328878624195315,0.9985997769789886,2.111514434641518,3.3706088888202816,1,train
3.3253894463903855,-3.2546399928455028,3.0526672070126524,3.1303939995723935,2.992848559802076,-4.344386396172478,1.1742189727473078,-2.398652971346561,-4.211973126694817,0.08645587295312104,0.7819142480268129,3.6133825712754026,0,train
-4.533827931909946,4.968781888744605,2.5824760801666935,-3.6343955448003733,-1.2953617709526086,-7.683636039748734,-1.999859609246531,4.154065381731131,1.3082217962100993,0.8019619016158521,3.430805176596166,1.8770815571251733,1,train
-1.572496750427586,2.3708502437891417,1.0752285840016147,4.460456015630303,-2.3163778746434405,-4.21093159380923,-2.102824222858383,-2.156909552106102,-2.057759560742198,-0.1771049743003801,-2.5869640448535383,-0.5355389430079307,1,train
-2.7344352547007786,1.1071610892837476,1.0197353852735416,2.3648004646045027,-0.6997820169660318,-1.1884548969323725,-0.21111469964199645,-0.511872414650363,-2.223180979262005,-0.03556718646223714,-4.903753308081206,-1.0303214707646646,1,train
4.464492075720284,-3.682723208857148,-2.046789675988172,-2.4112839897922083,1.5556983340082327,2.6504200217772413,-1.3489625426019562,0.8967930370695922,-0.36953785133093486,-1.361809792761289,-3.219654702510084,-1.9515185633331005,0,train
0.6980433882132304,-2.7056050252623107,0.6923545999296823,3.0150725719454066,3.0241742598661303,-1.8587911516742799,-0.7937080549249076,-2.51360113145076,-2.281670036944013,0.07676512499627675,1.7150482741806816,4.272152835161067,0,train
-1.4999259776408391,3.2673149960579675,1.8864505820110473,3.9444666752715536,-3.950323981778083,-3.6288505659119283,0.3169434937252409,-3.0690403658961487,-4.084965422141576,0.47420715434625726,2.333618967051767,-0.14206621370644124,1,train
-1.3491681005830327,4.757990652549878,5.350128838313828,5.18903390836927,-1.277314910355864,-4.878682157956124,1.5046853326737848,-5.657580055119302,0.12718894009125936,0.5974751331135573,0.36959776321329496,-0.5394310130920648,1,train
3.6927630062461723,-3.8287429650628773,0.99607181981054,0.5973753096772705,-1.7821039927060336,-2.6954507680578055,0.15475940680566397,-6.421315258390752,-0.7826744074669834,-1.8527574420574242,-0.40963051014891194,-1.323427320925374,0,train
3.342843355497017,-2.374781789208198,-2.080872822474605,-4.636271809389411,4.371332626178167,3.578478661336648,1.5418538444797343,4.258792853597628,-0.5482593734525674,0.5926514083384561,-4.28892576500037,0.3421818763052831,0,train
1.9122861273661642,-2.691071945552708,-1.5597300128740867,-2.5168151201860547,2.3252011996644337,4.808694019255661,0.6877848283827066,-1.5693672214878456,-4.24791505514705,-0.7397594901169134,-2.3253846533333262,-3.174084174089335,0,train
0.6140194401876715,-1.730191500980486,0.012990717488173154,-5.552183664586847,2.0652052389189857,4.705342712958424,0.7304300075999517,0.33357699730773516,-3.9560599020139957,0.015727823020439194,-6.829714509719321,-1.8767458218059496,0,train
-1.3355002938487197,-1.5543272303946463,-2.2071080417112543,0.5107874485567079,-1.1752304152955286,4.9374479658774675,-1.925765084716972,-3.6191562160314987,-8.71722575249751,1.7697818135447523,-5.240856641655822,-3.346328178808911,0,train
-1.2891978379854565,-0.3889721960003687,3.592426462074232,4.383556187056225,-1.7546543758882025,-4.856553301564761,1.1267369907349216,-1.5977831309859925,-1.277925460376941,-1.889150820022219,-2.1958718383877875,-1.261799455371427,1,train
-0.01678119535860967,0.289200299216678,2.8037875412722477,2.706765008495833,-2.498986837922562,1.392176553109767,0.2686774601544989,1.0090694514442868,3.7349137757410893,-0.05868883591142943,2.0651762501990922,3.4125773097144068,1,train
-3.0176847399064286,2.771891691561309,0.5567654209936168,3.1015665472581153,-1.9353887646548682,-2.2764836312113848,-0.11225374891454322,3.5468759813030073,0.31537328134173603,-0.1293827659035623,3.7544089840682497,-0.2306741530159031,1,train
-0.7737155770066297,4.263945229588613,2.5931700715748045,5.589687297962124,-5.615440287130065,-1.9040402084228247,-0.6916413557407454,2.8452986768233743,0.168641054640025,0.1697173214866269,2.9078767700814163,3.506414190657971,1,train
5.345244761351529,-5.507128027110728,-3.4406447689034483,-2.8440798158144824,0.7849262630193905,4.829930889450083,-0.43180156828938915,-0.3359329228018413,-5.666228704071795,0.9973533236710808,-4.268691104269826,-4.899720725237014,0,train
-2.900510402778777,0.252271567885509,2.788518798491441,0.9383181366675593,-2.8871627332111247,1.1114515033061285,1.4877777058500534,-1.1074327769359673,-3.321810108472623,1.2087680789253787,-2.5128740497127353,-3.023817164013816,1,train
-1.4158941565110896,0.8823516893721681,-0.15597051190391387,-4.044958557260713,2.57690691043617,1.930374704008396,0.6234505023885931,3.8709513681232464,-2.3825349124917086,0.8411712969858431,-2.2186809147237763,-2.84242665457464,0,train
1.1047207066306914,-0.37481262365985923,1.4071633667137737,1.9408713923511893,3.2203568934733773,-0.8861240788091898,0.8788583648367096,-0.8475622939580842,0.028796353038492928,-0.39396270557244767,3.1351499944446926,3.7396090602072345,0,train
-1.4522204195076367,0.6883971006888101,-0.6573761586876445,1.6284778153796706,-2.0741154314676598,0.042065435109479576,0.7268075731609351,1.2797018269342049,3.7306030340989156,0.5209878689509608,2.141275028274605,2.75418915198344,1,train
0.02288530475962247,2.1309247684658077,0.4970413499779409,1.1295579520650847,-0.07142715721106097,-2.957635748530821,-0.25703269034243453,0.5200105081806776,-3.588574213260576,0.3537663352736767,-2.918828808861531,-0.20121202203921218,1,train
-3.0639653999404786,0.6312887652980994,3.9508406937459144,4.585565566876326,-2.0126761513629523,-5.216134810708616,-0.32308716695497725,-3.3277741103128173,-0.5241395310942691,-1.186357017293737,-1.9051229140117412,-2.2833119304269927,1,train
2.9397872789424033,-1.8706193651702379,-0.21110550827109775,-4.887087819768855,2.8315578959645458,3.977707197351516,-0.935151460565391,3.821388321506455,0.471466752988698,0.26011842004522134,-3.8465272512137654,-1.5810590503677089,0,train
1.8725881617951068,-3.4369489155068136,2.8181446345005767,3.3526175157917444,1.9280017280140738,-1.0302120633653669,-0.9347358843993192,-2.521802329152545,-3.192152769928734,-0.028392935553521313,3.4650284652711205,1.8216648485955582,0,train
-1.2355399618403329,2.8150353955624774,3.0869070926174365,0.6154780717097945,-1.7490501106011929,-4.888784292548055,1.1364233001008195,0.015258529612652172,1.576897856376628,-1.1831808534657324,3.4483565809548753,-0.10431396761548051,1,train
2.7052033896148675,-2.9874584032406983,-3.0972708491207643,1.6888590454996968,3.0734214998631355,4.624449376457906,0.22044210992762972,1.6006286097144986,-3.411796519695933,0.20542479485921813,-0.8579902247603903,-0.8526441101282638,0,train
2.9333115078546776,-5.427682507705976,-5.896785191494411,0.7476185791279488,0.16671304532671627,-0.42886242194244684,-1.1855364686964474,-1.3852516424427481,-3.5221260621516928,2.5490544947406173,-1.2508478926918336,-1.6217797551368376,0,train
2.3544588387105794,-2.6581104590687454,-3.6378601447959387,-1.220383631991941,1.3432470732773967,-0.029615692621593137,1.878327042133165,3.2441943319226887,-0.1566369487738548,-0.6394243253478377,-3.5682367880491865,-0.0668673105912716,0,train
-4.6876266748136395,3.044094888702054,3.2225865074708944,0.6168721179415548,-2.433088311467673,-2.203188798311096,0.2082938133070232,5.456059699455638,2.1507879400532848,-0.3070867214361083,1.4792659935902517,2.5078928866543175,1,train
4.377996340504895,-4.853858998696921,-3.3460511126148935,-1.1496554173517195,1.9832656837993108,-0.5690801475809621,-0.06639710111476248,1.802036275486968,0.4901263961056368,-1.214008288977504,0.8067993110057228,-1.843249079873542,0,train
1.7414394846369032,-7.9001271873405985,1.1135113543881112,2.4955445158569103,3.598867689988083,-4.412811504233106,0.5994220846545342,-6.430560336396381,-3.9657368143899223,-0.1407163746986141,0.127625668184415,3.227919931443213,0,train
-2.12392043686165,-0.29700431179540177,1.0353341824622204,2.216934439502076,-0.7231438399099102,-3.0354452646480263,-1.6684830377520898,-1.018456897851256,0.20654976174453843,0.41847173432579,-4.626073011937555,-2.790214425235847,1,train
-3.141750482095086,0.25624058997223265,2.529670293702388,0.4949626433484917,-0.3132586395842023,-0.5220328896424458,1.7782474941463298,1.390165344040571,2.5613583514959215,-0.866645775449829,1.9828793683189778,0.12036307199590013,1,train
-6.65026447321305,4.465011003047498,1.0708021886051113,-0.5026234479054281,-0.742012129065041,-3.45954338822236,-0.3439821524462468,0.8707540352193726,4.234108971438121,0.5607516626902264,-0.7316356589930773,0.6853760911626208,1,train
1.3026154181238963,-2.0961615610170785,-2.481546918982063,-2.8862284962498386,2.7834991391273607,-0.7949398516850406,1.6615248261961106,3.001341157943476,-0.10057191553767941,0.2724148761377511,-0.018365220047733555,-1.2685193029644806,0,train
-1.5640424988423147,2.4101560440241263,0.4740386436405577,1.7441776142237133,-2.827822252021264,-4.067980461265805,0.469435150462458,-2.4687586036635216,-1.909215830491887,-0.9200321557078255,-0.27644519954975477,-2.891719132620638,1,train
4.64990694401866,-4.3163466885879735,-3.7949600610321195,-1.0393643891738822,0.8967203545313904,1.4043144089750577,-0.008172664766629456,1.8429559195987288,-2.075564746252532,1.060693616121753,-2.0787702674312714,-3.326860562547505,0,train
1.1172885952690408,-0.8273304856829207,-0.6257707249381317,-3.3782865781344977,0.6515248897726065,2.5044266194038016,0.4332349074949224,1.5505649225823281,-2.9906163216738615,-0.5757119670588993,-1.8833743476161606,-4.944961403752526,0,train
-3.6739610752470764,1.8363242955285646,4.955259938175336,0.48093638273704475,-5.811099321697133,-4.040292499515278,0.351752741265588,-3.691239972497116,-3.366443590826341,-1.447279686406573,-0.04331907085122122,-6.480572365537618,1,train
0.6309744036445883,-1.9989982883200972,2.69605525871421,1.010833825365453,4.214049270082221,-1.969655736144657,-1.8132318916716446,0.5910859293760153,-3.3499321639970954,-0.29621319691119585,1.93963861900715,3.5066573721758694,0,train
-3.2774763992653666,5.423944944394499,2.434820069963561,2.012147227422755,-6.376019469190687,-1.9966966532213413,-0.011373273496590789,0.8645575372077612,2.213304919914909,-0.7890178979399965,1.9401569961681675,1.5007521670415933,1,train
-1.8247021325645094,5.552996369592426,0.5261856620788259,3.187952984191294,-3.645185994428381,-2.4612658596653265,-1.8084519796475946,1.3186725289392358,1.0910385920108314,-0.5075043120617362,3.107569372481105,1.2286341716007634,1,train
-4.113060677040829,2.697410225901832,2.8730518160043363,2.2259535667757713,-2.9061506972692284,-2.2729578945482896,0.6553563302389465,6.087344674146765,0.2132869529168735,0.8464824257859109,2.1702231715069744,3.2512601240884704,1,train
-1.9717158631960725,2.9629603914721443,2.859004364509494,3.726193575158603,-2.4140151396583365,-1.1409253541334965,2.295215961243801,0.5995471950672608,1.8110920043149197,-0.8893967678955392,2.037340537390378,0.07881756521748384,1,train
0.9235561358040507,0.8124593380951983,-3.681385061173767,-2.597219319977345,1.9775068313542068,-0.7133174962317552,-0.7068402964483168,3.72683550456265,-4.782115588261652,0.7672968905650959,-2.4658717649772406,0.29276908570099947,1,train
1.9467916186284497,-0.530058197210302,-0.019287745893465047,-2.3577731891138183,2.7678860233503366,1.3350330315620422,0.3166753902107795,3.0783615610063464,-2.123663632150319,-0.7415230314089999,-1.4145178973739763,-2.875359553760768,0,train
1.4973975273162252,-4.469561534897192,-0.11279031099387904,2.5619217484490795,1.866306113195019,-3.3401665168011254,-1.1256514662428063,-4.621442434974812,-1.7020665933027734,0.4301600610839381,0.9606385306508098,1.3371015927139411,0,train
-3.6230060340187062,2.380510053410251,0.9928209912321313,2.68542198381671,-0.027039299714390896,-1.3510706096642817,-1.1373407356060277,-1.628052415514691,-3.2946160356577536,0.7171510492559674,-1.4297205863074467,0.24444510803925779,1,train
-2.2727920092863765,3.0764356690250847,3.8442725057709493,3.5767828399229944,-3.8256667457652727,-2.4931668867519687,-0.7358760678733633,-3.7041840403325734,-1.4046761153477183,1.76017461342376,-3.1543332494396665,-3.021879588926936,1,train
-3.7752392182391072,3.6487993094057987,1.6994013215623571,2.2792978460754934,-2.4634856360222885,-0.9044951788613138,1.4659576114403885,-4.084026425654612,0.2809565636717499,-0.984204607338998,-3.5915019521765177,-3.354051292818519,1,train
0.7306249198898593,-0.2734127854223962,2.7578704558263984,2.5016413733249583,4.018081214103067,-1.1491810542613567,0.4436940207969476,-1.9309669170675114,0.30798215443024723,-0.25490150077987245,4.928066206830016,3.2679128084897595,0,train
1.5463279616872816,2.5368429250403,-0.36095761766025447,1.8457370802715698,-4.147498275985875,-3.1663592071715962,0.23835612508823595,0.41228318399363695,4.254013657633596,-2.5086009444214152,3.5876813692875205,3.6192116397287872,1,train
4.976544864302008,-0.9405210734811607,1.7295579122318565,2.1800209060295566,0.8228921117630783,-1.3798446938434639,-0.34114509838633983,-3.457733921103779,-2.4994842969157083,-1.2529618417880535,-0.036028530996754515,0.41415851704133044,0,train
3.6600516471363687,-2.1056852319842334,-1.7200723690975428,-2.507099904993389,5.600816877280816,4.718538434387355,1.068703592582172,5.829680020680563,-3.4951309425767763,-0.7273538037750252,-3.3148661456870396,-1.2451560333517007,0,train
-0.2119449665298916,0.8700552697786141,-0.3475888347018725,-0.662379452984351,0.6201266775699659,-3.493960277094298,-0.6236761080260737,-0.22306672269612537,4.160752133543031,-0.24580510968229302,2.4819148332634167,2.084860458979862,1,train
-2.4032407278461094,2.0063811805835496,2.3991024316915706,2.9941060268693414,-0.3528193478693855,-5.337859203438546,-0.8961362174625073,-3.7617929060640316,2.010890452406465,0.829497977257896,-3.493636474618452,-3.3845618706515035,1,train
4.044284820649178,-4.585138918779676,0.030230066326168537,5.4745078859079435,-1.3336310177884458,-1.3923144348888492,-0.7128326377033725,-2.857617806903984,-1.6693385981017896,-0.11515688021583648,0.5988786540898168,0.6530582745468032,0,train
1.5856769135958126,-4.857366373555449,1.3651575508501086,3.0692024554182655,-0.15187732936700016,-5.32413122533203,0.6826647328777912,-3.94387542427339,-2.647430235638932,1.0966666510468308,0.9804797013826796,1.8946770029499216,0,train
-2.79997836037534,-0.1961084062258749,2.086517561366438,2.231161031871669,-0.6857541868236374,0.7815280065939216,-0.4003218594667624,-0.9628060774878713,-2.2401119494685027,-0.45669311041766275,-3.369234087133007,-1.5299043188802632,1,train
4.514057501161636,-2.9193488847723614,-1.1083115431915718,3.8744985264173506,1.2741963359615576,1.8971771644038204,0.3685326160839386,-3.7632448473196156,0.3670198776757241,-1.3546074278546159,0.8025947308013641,-0.22868324521724892,0,train
3.728358492619148,-2.1889866799389153,0.06645143031707423,-0.9108282942125356,1.7597205464449635,2.142385449786498,-1.357652255633366,0.690467762531966,-0.27305660702050605,-0.8021264213566819,1.1936817457173734,-3.8849783606254884,0,train
1.4163242711020279,1.6968601954477713,-0.3410278809106648,0.05968763092866736,-1.7042452582445984,-4.247448762082655,-0.40389273947954074,0.20742723254945883,3.212324304439176,-1.7114449381238932,3.67555275434961,3.73950255362649,1,train
2.5075653223952026,0.20571626089848127,3.628824317594967,0.9760128087636093,1.2045570056580823,-3.6148492644727854,0.6204097734433511,-1.9915001773586731,-1.7359232065337666,0.19787606382814704,2.7584985632420524,1.0972593403641826,0,train
-4.672637554630388,2.7094933003947697,7.241518070561995,0.7020675793873417,-1.5417868038826188,-3.2799732616911994,-0.054695569892997356,-1.5007241361551906,2.910522229511606,1.3945222405606463,0.44061903707993966,-0.7941857371383412,1,train
-1.4421407448502932,-0.3185161089697912,3.602455942134423,1.5229018404819348,-0.3246506465040746,-1.098605795851686,-0.20011962743688622,0.9518236754866503,4.022679795182102,-0.47697507928426247,0.7583045844324869,2.435170111348939,1,train
-0.6817954246103268,3.15336542566793,-0.3559358525269043,1.0201678718149492,-2.4612364582051716,-3.9492799380407115,0.772822441228119,-0.4888738473069778,2.678025020554968,-0.44037140164142047,3.6722076893022146,1.2542181471670975,1,train
-3.157445910263789,-1.3676849117206227,-1.782704265795156,0.5120277880748569,-1.6039033891381596,2.1718977261515118,0.686804919904106,0.9764310502436238,-1.7811013698804066,-0.47470879708921726,-5.843775592869447,-2.638742672653688,1,train
1.4625480814134852,-3.6964304584688916,0.9694200322973181,0.23996798235200711,2.0642916871307824,-1.4031075362312033,-0.8281611621716792,-2.7210145792226177,-1.3934654706243847,-0.3450160324759937,1.3445561201835532,0.20807025629003917,0,test
0.6565134896007125,-0.4889369161741599,2.343422723993178,1.7675772785063721,4.683396101109992,-3.597455849191072,0.5187934611843728,-1.4569624234860452,-1.8631976826943464,-1.4387505865554395,2.6027931782581746,5.861362551035877,0,test
-2.9773208653217784,3.265057663420185,4.916875123568029,5.196538342212975,-3.4914778099325017,-1.9223393722628879,1.254151768881751,2.916839564565053,0.702849774358766,1.176205798804742,1.4674465290116832,1.8020993615525558,1,test
1.642536793908676,-4.2776584566759315,2.75611867584613,4.937372501020086,4.705631803080868,-0.0052789349467099456,1.530767862954601,-2.9463878532434187,-4.166189011085171,0.8413285348245039,4.760317040451266,1.9957844652403365,0,test
-2.5134121009371553,2.0986081353801818,4.115304665256098,0.1714950510225619,-2.389920625394536,-0.016757372684387928,0.37514230794207065,-2.6437130877123796,-2.2444179600221936,1.3735327483113402,-0.9042102778375731,-3.6154892631498803,1,test
1.4350506338482734,-3.1052059181226674,2.933256264167237,5.8306051491572735,3.051822374949656,-2.8403648829977697,0.873635781346316,1.3892459892242748,-6.140140218455136,1.16388855789532,2.4981932569841665,5.9996409382521785,0,test
2.8718188562435767,-3.0738902674875463,-3.448690383265781,2.0509350554946506,3.309173339961145,1.952123442545933,1.0422950322700015,2.528621043349552,-5.365457558155956,0.5008613214154859,-0.5582767962831814,-1.2489067066426005,0,test
-1.2562253571621582,3.3986622018513915,1.1746118031927937,2.7658180573413667,-2.2628020813758165,-4.55404889701551,-0.42448677744674823,-2.7797821016132245,-1.3926143533327227,0.41328238359203495,-2.4019165897353982,-2.2177696205871267,1,test
-2.7716610128837322,1.02443029674912,1.9466244758345885,3.5818642599559447,-2.437339547911732,-1.804617536991112,-0.3643203559072919,2.360849951139934,0.7894924520200384,-0.704301196805666,1.6979963906555156,2.922456739161931,1,test
-1.8893091009457919,2.639658082101876,0.0787132838287401,1.0497658722597034,-2.6544450663588393,-2.825774450997261,-0.21599950165893653,3.326935857370919,2.153630628526467,-0.4418116943177042,2.905693691013909,1.996118519640963,1,test
-0.7865319170932419,-1.9292985091140409,3.1227279309003686,2.2521791284355666,4.874938497481743,-1.9566956749714253,0.802378908747476,-1.8425293219594336,-1.4431281712271193,0.4777586660145685,5.582361338757628,2.8069711687153047,0,test
4.1156596046783305,-3.954685405544539,1.1670185395792108,2.5623782563338304,0.6682416925339689,-1.1889004777319754,-1.497607632841235,-0.19397414919885492,-3.126189412647123,1.0409180179089483,0.3665761263622582,-0.7855317047387675,0,test
-1.323880065547458,-0.45326178067165834,2.030425785159603,2.3620609445159855,-2.3986520406266947,-0.5937967299672553,1.4480256050757976,0.8753818756480563,2.289908435693124,-0.15776918872463974,3.036613487873787,2.297897051508046,1,test
-1.7052700024640706,-1.9237318051287726,3.130003204956152,1.818971585010376,0.811289214242708,-2.951770938887499,0.8267990498615344,0.6180883890059463,-0.9483319588436705,-1.3316401235658726,-5.648849186953809,-2.1637721045100395,1,test
3.803366049159168,-1.864414425717444,-1.038909205001199,-3.9177865328460455,2.248258614275103,2.8665477597863425,-1.6061413959277595,2.069461768217094,-0.7355593763708126,-0.7471576310428043,-2.4524447406151855,-2.294649221447972,0,test
-1.5368193650416577,2.4846422564357677,3.8665041146849375,2.1004601843121047,-4.682043251896613,-1.0161942587500814,-0.5515930764393236,-3.8819159291323855,-0.6192953774806178,-0.07069642330372543,-2.0681752991491718,-4.550270989519037,1,test
-0.9660364839700588,2.543657779878275,1.8198093947195229,4.732806485422476,-1.8427023040083905,-7.172162788248768,0.47282566919657465,-3.0546088940325977,1.0926299170616347,0.046905150942835844,-4.122329864281427,-1.8778215504004776,1,test
-5.964913178304836,-0.14590268288044284,-1.1324585748469547,-1.500664092990045,1.5709076185900726,-1.7583541064903168,-0.5098292772756928,8.760631496601084,2.5781539885581375,0.5694358962175781,0.5316328720005987,4.707074683652245,1,test
-0.36733782966087336,2.86793557955249,1.3427924777025533,4.430840301655527,-3.4940520680289007,-1.5437692776475802,1.6270191851501234,1.6995585750952462,-0.5927925874538102,-0.5769974928555482,5.493086814274248,-0.6669046178772806,1,test
-5.169229757804851,3.486274534166971,3.1692639354466787,2.075723474524203,-3.335260106333294,-1.5322124590443893,0.663829612585976,4.245310899557907,1.4056167554726737,-0.5525997830529438,1.8867687690245067,0.9514581373554591,1,test
0.6696585418434124,0.062324757438628975,-2.220361588288342,-2.518109424740965,2.6459959098723234,-0.6348567957842626,0.025762257774530485,6.010332757977986,-0.3708355388836535,-0.645715159616514,-0.5985228007566126,-2.1203915490089416,0,test
1.0018531657568912,-5.13443922716589,4.043860982125441,5.851507912195336,4.650791893067881,-2.295518033949567,1.3618865566762246,0.4488636128586321,-6.365524963015522,1.1844052203274749,3.935965784202229,6.030133068036193,0,test
0.4034965667257393,0.6133521485616249,1.759402909057231,1.5139745137243397,-1.3879884224910977,-3.6448587093420217,-0.1050160129377141,0.7712668897478738,-3.141778353110231,0.8992652014322302,-2.5428708408567426,-0.7463472060105074,1,test
-0.8695862667212277,2.371289266416079,0.3904389555635468,0.6037516706367025,-3.1599925256468557,-3.3637969713305327,1.067517093201196,-0.2369039722667341,-5.931094473149133,2.7186963215612097,1.2623836673290159,-1.0960276852050803,1,test
-1.7381179060565004,1.0302534614407928,0.5636927769337712,1.7460419479095977,1.4892695860226621,0.17619153643153096,0.07770208641136489,0.31063574720689546,-3.5302803763723603,0.5944535707906667,-2.836745720883947,0.8908666548956434,1,test
-0.944689811683729,2.9827737680057163,0.51686279103956,3.971511222500047,-3.1831843015261345,-0.9703610875298929,-0.29040639582789013,3.721968383024703,0.4819156709033112,1.2219300078861297,3.579268190481012,2.1619187989315987,1,test
-2.177379244595479,-0.5631640866637628,1.3293602655689196,1.0084418616914463,-3.2971756096182245,-0.783059137550566,-0.9909313446948862,-0.8869128617963047,-3.3500198000196426,0.7136404819405882,-1.6613521646998248,-3.741245871055211,1,test
-0.9250674903475686,0.8400021456881073,2.588994940028521,2.6083478734878667,-0.4758110214495115,-2.409223181428551,0.13572188254267295,1.4783617176147485,1.9480850457735774,0.3149830512488556,1.9778918670239158,2.7516339240457137,1,test
1.6043411320905054,-1.5393216523046758,-1.5155555843697992,-6.086999878804235,1.2065916993674752,1.9166324022490266,0.9899697966325922,3.340820559000216,-0.14804540249846587,-0.8853970147128472,-6.63584862163597,-1.1642888843138193,0,test
-4.554674581048797,5.309388192979625,3.6920083907446335,1.2037456732827048,-3.2702860100501967,-2.850204860824772,0.3584789184961008,2.0905543151726595,2.440334215673829,0.2732038185412045,0.3917991830437435,2.647345908221992,1,test
-2.8616915238852405,2.7459191112388224,3.907743660997835,5.400774961336417,-1.3601394956732924,-2.728271302245323,1.4280624901613446,3.223484655256393,1.3620155041568758,0.2802237550317004,2.0305724952844417,1.878176794701273,1,test
-3.8968981319885194,2.527361594717449,0.4183580293694702,3.1807429080033662,0.3274516123766942,-1.452756814928071,-0.10588706126180872,2.835231848001636,2.8166575986266547,0.2342955793168263,1.1672806847700927,2.099242714503593,1,test
4.391324769645305,1.6472468785203334,2.8535794508477745,0.5652024811849241,2.8607044168919793,-0.5761020560463477,0.4646627493483873,-3.04029596842674,-1.2841629743180745,-1.7424059253506035,2.3610521921140997,-0.8625987417217655,0,test
-1.1730897073755333,2.3378296208960316,6.413259486635839,2.1707881598717638,-5.335687150307034,-6.641804759361173,-0.49948455093570937,-4.548834837661728,-0.8484499385906512,0.16259150150201557,0.1557577666008032,-5.611681624747392,1,test
3.0265934862624646,-4.665547735650884,-4.056760223741151,-0.7546414563910988,1.468489795303267,1.8076695303820205,-0.7554179420589529,3.4402294686206254,-1.5186422532269306,-0.3028215498299791,-2.5187609133410245,-2.1088245137789148,0,test
5.207976700733568,-3.3629361050990507,-1.1038443176765098,-4.345385411091899,2.59648942021484,5.161599056849708,0.48671612707656364,1.6768674781729382,-2.146093655634512,-1.4657958123882588,-3.942819239714475,-3.4129467703163656,0,test
-3.6748637272847224,2.9313512353101236,1.1835453001450615,1.0833509765867486,-1.1345773343127048,-3.724833773950206,1.5876598484894646,-3.93337899733551,0.6860796732824199,-1.1314509276042455,-2.5104256794928013,-4.45111378060767,1,test
-1.407223749980997,1.983925895557943,4.057696578956332,7.7130737601302215,-2.6117355510219875,0.3399760479587508,-0.15488420492940347,2.866627768869124,-0.32607996310848364,-0.791617866597555,2.716800429769135,1.685059307665043,1,test
-4.580155085815537,2.9652788791242246,1.0815363105303708,1.26189438962104,1.4637294036702833,1.9041329028295308,0.84325333931798,-1.9459698779189092,-2.977773138921636,0.7054705837144308,-2.3433129125025545,-0.21062455705818772,1,test
-2.841530128552697,0.9253047311490725,0.4394923022057682,4.789834527138042,-1.3088667952711264,-3.276221485275097,1.5503464890204957,-1.681532474778982,-2.620117521572456,-0.04894668945946978,-2.127293158310422,0.0988233274010537,1,test
-3.6027049709052,3.707400571761518,1.0102161356671997,0.0777847678691006,-0.11901541152597872,-0.4987761831920712,0.009495819863472402,-2.539817297248489,-1.4771959260167922,-0.14156648938843563,-2.482344260829238,-2.6498718090832005,1,test
-2.510062812393928,3.7770737268690926,0.8414361632330247,-0.3860182017122007,-2.641627962608746,-7.098786953282982,0.5770697825703602,2.8236258806211256,2.9752767994847744,0.17551090115773027,2.092496517169568,5.668749933473382,1,test
6.235808846670839,-0.5861518290143468,1.5991159981121785,4.249057854931627,-0.709300339608129,0.3577791610706802,0.0792997191194151,-0.7166347987319981,-2.2892223586962173,-0.5511873089919165,1.4525280438952581,-2.2193014729071665,0,test
-3.0404746987321154,1.068853352542,-1.7555849530110081,1.587699643369604,-1.263837667460004,0.6722246173933137,-1.0228350316525707,4.707364229300794,2.8082075288079618,2.488084073539813,1.7964709683758446,3.776103477907734,1,test
-2.5285260679530803,2.914863343304933,1.1602168015171999,-0.3101216708202119,-2.2312891373640236,-4.319499928651105,-1.730314792677087,3.612148952671257,3.0738160173213718,-1.4344463282701831,2.000534294737147,3.6443686065066134,1,test
-1.1059141836342523,-0.5918059249558931,-0.4871299340833084,-1.9483577405742913,-1.362473513235133,-0.5286593171772653,1.928398783677484,2.6551223604350085,-5.4702106685323155,-0.19587531966125973,-2.8793987365244984,-2.5625952164644636,1,test
-3.5984624850296916,-0.2874091924306117,-2.5622527879443897,-0.44898016742306757,1.098461115813119,-1.3044089283282867,1.049043857620598,4.770676566240212,6.649574380398192,-0.08527693709913786,-1.0017141786854982,7.052780094034873,1,test
-3.6815581524905467,5.392927691775741,3.142658185550166,4.209775097513674,-1.827395175349363,-4.702672185326174,-0.42218735160848836,3.8173797102729665,-1.8920664368297757,0.01567530962796799,3.3316241390286803,-0.6541812763047177,1,test
0.9345297698296986,0.9797832139760008,1.602854142166019,2.016419545169294,1.8730955100649092,-1.562354252311694,-0.41032012786603844,-3.497253515385358,1.7259976114798232,0.7489139198149785,4.842056912249838,1.6763678040580499,0,test
-0.1651728183159178,-4.100210233808484,2.9000737488085475,2.841700721330011,0.8404664697533244,-3.4035511012931723,-0.8334880359511072,1.0163374338837223,-3.1241411578898544,-0.5088570957043183,3.005438649662183,3.7025484835140903,0,test
-1.7794685548329134,1.375320010786289,1.890905790413698,1.49410862240242,-0.617973939694523,-4.275483475554896,0.6226966682254779,-1.744389166701296,-1.471703129404756,0.1342597172596314,-1.9069074965542063,-2.644280431211334,1,test
-1.5323037959496635,-0.2824946981507783,-0.6480326095525757,3.8294186335029234,0.6500466458356695,-2.5038447085623985,-0.9056627367881489,0.31774895986700624,-2.335377859871809,-2.2256499171698656,-3.563889121460897,0.8611761244302105,1,test
2.0694584843446275,-5.164624403767453,1.7989652717598859,3.1630386353347957,-0.34222905481975685,-2.3949237243233856,-0.01041470071115167,-3.1374566406608477,-2.886706457236217,0.4781926553300138,1.8154088248057192,1.4478321554225486,0,test
2.9739149139894963,-2.8057855870402277,-3.3764652527574652,-2.8545166134460365,5.208873846255205,0.3557375943333878,-0.4719821818295419,8.07711594444783,-0.7644587912855836,-0.38533303675852765,-2.1318862501674913,0.07118460666534165,0,test
0.10483983625745363,-6.339026322074081,3.666067228876588,1.157200554995978,1.7605418499166743,-6.160673688774125,0.2810470635942169,-2.230483447412673,-4.134900887932222,-0.04850116442370858,2.1105059796450156,2.176294970746101,0,test
2.5967233467734308,-3.221282309947572,-3.3697682441294523,-3.9208919246219622,2.055430937939284,-0.4369483478764731,-0.34669234186129966,3.1584786307206283,1.6587948559835692,1.2421179115691332,-1.9964696185742126,-0.4024914348279973,0,test
-5.9718222038307145,-0.0792230928063451,5.952657128480718,3.384367130296747,-0.7178571940510783,0.22637921701496833,-1.0110047934063968,4.672872636465286,1.151763108016099,-0.0752868736777071,0.07571823286506074,1.195767744719772,1,test
-5.157595631107915,1.0502375508570134,2.058564988145759,-2.141573210591611,-0.19028335221511705,-1.9415121825153234,-0.978548356261002,4.722964366021071,5.408525714626325,0.4804406388061744,0.21117559721683654,4.404417145848582,1,test
2.197816907923125,-2.14696431606667,0.5816238414522736,-3.0842184814061313,1.8145671269080803,4.025932018287429,1.0354416508143458,0.6236978599882415,-4.204581483338264,0.18327616022511523,0.09182700286994239,-5.396172669170187,0,test
0.3325000335654815,2.628318198741318,0.7768531863359072,2.9483936773002197,-2.2633341839259775,-2.598233487523512,1.5598173357273162,0.2524895629772894,1.037046605630256,-1.7128310028469884,5.125607982230868,-0.22143742479106088,1,test
0.7609445179722836,0.48976978031463947,1.4754603470616336,-0.5983352383704621,5.775180126584222,-1.0560645938007405,0.3329164203689452,0.10461549432280437,-0.16438997686290202,-1.0873728463789698,1.911107955468501,3.911469309000163,0,test
-3.0088263006555476,-0.01741613581173862,2.677170176019853,0.20171323338913383,-1.823218984011867,-3.1985658237485444,-1.1477226450811273,1.8560856515304294,3.7405678839109737,-0.6081700114664184,1.339203020123745,3.787297565911726,1,test
2.7066586699697686,-1.1590332356667392,1.0030837097224246,1.6478633336646853,0.07052602221021775,-2.2739610438403917,-0.508834197194947,-4.771169371106007,0.03456734920599924,-0.9838386854717107,2.1523208569153085,0.11325666275668533,0,test
3.562434698939575,-4.011874412088945,-4.452947983158858,0.0816558274823116,3.066119049751913,1.116143024164129,-0.7472015111173163,3.683642441556911,-2.1171629100555704,0.11015254310249012,-0.40374529852367846,-0.8585426669540481,0,test
2.455645263032923,-4.1662652790711725,2.7608747373122244,2.2131598281220275,-0.8926495012358742,-3.712835828714417,0.8065447863555675,1.3967285116210726,-3.9233982252981976,0.6308577875367478,0.384735717194606,0.3112626145006909,0,test
-3.6506531811480007,2.4153290784786914,2.054044371868258,-0.8824643956164366,-1.1335326573890834,-4.9881926203894835,0.0851106051303893,1.4264975007507106,3.5278637871373766,-0.45919401193814596,1.580549952854735,2.178789489019925,1,test
1.1801297576904988,-0.6169634704415936,-1.491014818012851,-2.06246256943324,2.807344515719194,4.216967537437686,-0.46323466047493794,3.2325882490915125,-3.8914173710142648,-0.5169194108459625,-1.3785571189036312,-3.3799940973838676,0,test
-3.224274717012511,1.480604773419456,0.7462669691341741,5.090356500680738,-0.10732233452729023,0.6927176802412691,-1.7075357493721468,3.2441974400684837,3.119371685415497,-0.6232156012282596,-0.5590545141535253,3.104540796707057,1,test
2.1898956401611036,-3.695282086681305,2.331526532393346,4.246087838159088,1.133995403707458,-3.5477500878851584,-0.20561963800830774,-4.2354182443966355,-4.628531648359503,-0.6841636621333747,2.313961381413024,2.944982468786821,0,test
3.8596388783234374,-4.833385153907759,-5.654564916362639,1.8033970821303011,0.5804411181621141,-1.630439554265573,0.5964967695089661,2.7889446487507206,-0.24061372840367445,0.8102950328366896,-0.3335034440099143,-1.3210806587714643,0,test
2.63515558134751,-2.7057456844309984,-0.9380531522192541,-3.7167488441604526,1.2961588080094115,2.275039991642574,-0.04274831283703607,3.5645506285258164,-0.5244924119900325,-0.6003964169003567,-2.0248417170216433,-3.475715196862385,0,test
-2.8185346243433127,2.1735078846201135,4.224889734229343,8.936462427689877,-2.1902405280829287,1.0886696068274135,-1.6888410832448815,6.287951871520686,-1.655551926484765,1.4330868585903815,2.5961400739926104,0.26993542496669853,1,test
-3.2569819790891597,2.7128661040642377,0.8764460489911445,0.287747581026069,-1.3009869846875866,-3.6583752662835636,0.4874376764461024,-0.17972795853028423,3.4488919596659997,0.15892685701644121,1.7029341436648922,1.9618752146193181,1,test
0.41606875041932856,3.125383985961937,1.2627309105270643,3.9210402669497153,-6.641747169959838,-2.719291757342352,-0.4004446063678225,-2.199108488851987,-1.9563279408054197,0.6738410100387024,-4.362986848363127,-2.655434928894945,1,test
0.19539121081316635,6.351056252654965,0.02839542288496455,0.8630748618947741,-3.9082798311924973,-6.555251069193103,-1.0626444979488803,-1.1058431267452398,1.7436796013017408,0.6782858864162227,5.32895767905836,0.6063812619350128,1,test
0.15096283408698463,-4.40933247244053,2.7789439492616212,1.8895920651487437,0.8870256420385476,-2.8470910571712142,-0.738143954929181,-0.6505009994453188,-2.1394272450774325,-0.2702578809284516,2.7130461706375244,5.067683568310716,0,test
-1.5364152307975254,2.1273527039909093,1.056442451092785,1.9211515995944417,-1.5324685303219305,-0.27655543596516763,1.017549911505523,-2.1749140424204394,0.46754701915782615,0.04804737986344639,-3.873675468993838,-2.3158316213125243,1,test
1.2871580304224473,-1.6065472160327912,3.7035350707343833,-0.017965564225038477,3.007263955364419,-4.9674094542320955,-1.683376272158809,-3.591512870931308,-1.97213522718243,-2.0706863451641575,1.7928268895132111,6.901127307552116,0,test
-0.4068997266689749,-2.9683795673027644,3.51340604943477,1.1278628206745587,2.4533927774716497,-5.217079005358107,-0.2874743191299474,-1.5189985009616223,-3.1649503753185244,2.036623538017646,3.301387651632704,2.518797297793619,0,test
-1.8826229457701187,3.3056761485450563,1.9149390085728917,2.8711034169342713,-0.9583785576796495,-3.305031458547391,-0.17343038607594077,-2.7009868100386365,-2.646627355457066,-2.1641940063231386,-0.7337718086953824,-0.8213781719498023,1,test
-3.2491711524005202,1.2756089778480584,2.9036665378398125,4.34547902382724,-1.7861101693735288,-5.004836811382258,-0.9789180952399019,-3.279331625723344,-0.12375674025749461,-0.3066786458567846,-3.5231340268609554,-2.6672991383060642,1,test
-0.679680387297146,2.767223169102454,0.5083296674178941,1.8089937394989575,-3.088904884972914,-1.8127478440370792,-0.3944483327750761,3.7039648708538797,1.6664709536750866,-0.5559612437347662,3.4075820942300226,3.9624817553341307,1,test
3.759403258969299,-4.8266885475799235,-5.083560453750696,0.9449254699267766,4.741671577566255,3.288031255504994,-1.1427250106540245,-0.08815421454106342,-4.5688098772421615,0.5879539132103384,1.1037210387992653,-0.17765174380823678,0,test
1.9520123390054906,-3.931193001464444,-3.8701651974763998,-5.6065616451995695,3.8116183645236714,2.3468907683658835,-0.9590818522806187,6.136768885604377,-1.268643774585568,-0.39617897343427566,-4.200876758798234,-1.7346941383665335,0,test
0.13448146826541985,-4.843867052213644,1.5996303309710382,0.087531497686816,2.2258586950687045,-1.5008726556853345,-0.019762189078464484,-4.192838138118821,-0.9029647019855591,1.0364631580421286,2.1474232329385288,3.607716960334023,0,test
4.217162502386332,-5.247515149458704,-4.580408577280664,1.2235501301855058,1.736479442223263,5.556290147816833,-0.5359116644844989,-1.8963689369966295,-8.922418157593654,-0.8749414995369573,-4.268212524410563,-3.319639753737537,0,test
2.7468225337557515,-0.5213861084802593,0.737362234729557,1.611355315035278,2.5209988146914752,-0.5549673154293702,0.10215811606796299,-1.8138214426703247,-1.5587394114770214,-0.4031759056282798,1.359868392943521,0.8112831982989774,0,test
4.5646054079116904,-3.5442126376699505,-1.520630577365616,-3.663886703247079,3.1914619900881025,1.8377369990093295,-0.30475502144388655,2.5087328049850925,-0.5460647637534279,0.7647029626105556,-2.167213978869729,-1.7167830083588957,0,test
0.203207823677372,2.8431947000981337,0.7481956997624684,2.953974009783906,-4.12708101452731,-2.9036563698319315,0.07464548925476994,1.703535866490259,3.7988198046606776,0.0010531114401178742,2.1756919428943937,4.634342452889983,1,test
-1.4910369788195816,-6.03274963694067,1.4750634063846828,4.831635892795155,1.7144447995225356,-3.4815911544032163,0.3811051287468896,-2.051063945593942,-4.532210975700837,-0.11986127214504302,3.154436505916334,5.5127892454310246,0,test
-4.649571426171006,0.6491802047631086,-1.0809523631477136,2.784861754269451,2.2764817735841705,-0.5911801643338583,1.7259757139068954,-1.6470865856979224,1.0038249316607435,-0.611778988807531,-5.4913708488684865,-0.9592023245153243,1,test
-1.798870039305576,1.0955699117971598,3.0504328358435755,0.17166384798711354,5.582482739814797,-1.0682639757681969,1.3658951168136504,-0.6009616882022357,0.34975889092916335,0.3450502063711706,5.68141153685522,5.916673360981566,0,test
-2.285202146296575,2.8962307817681374,-0.8360039428058319,2.7707845397562143,-1.091374197588207,-4.077897253073401,0.06340245780750343,-1.6018644314950685,-2.8481318680948124,-0.0685089355567821,-3.058980621215708,-1.311105638592477,1,test
6.865588796420802,-3.404261848557706,-2.8551035785095,0.5336771240091949,3.4481966756971008,0.23003219748042092,-2.022619200376332,3.48904302979998,0.218643992930307,-0.2177253318509459,-0.28320518089965563,0.3223411720064693,0,test
0.09137166992405943,1.8496676198910933,4.481855976266877,2.489865285843992,6.7462650595265305,-2.1546084289172924,-0.5835176222660478,-1.3644139684388836,-1.8973160310040584,0.7936320861921679,5.372287779580033,9.025588267703409,0,test
-6.46565683589118,-0.14010994525034448,3.1024528927801702,-3.6532922928869818,-0.26082317473388406,-1.2251379623385237,-0.29940393728511655,3.0375298890085305,4.362408162708617,0.7016368756210793,-0.09500072424118144,2.761105159359298,1,test
-0.1274335915557745,0.5436188290447359,2.3528800626469195,6.401211090240775,-5.577186635484219,-4.04811192133358,-0.2985547131694772,-2.1312855448645185,-2.10252726885804,0.8673847750002226,-2.6900750750152556,-0.9276600154980998,1,test
1.0587423222195986,-6.054963467844454,0.6438396755926046,5.199963191395312,2.871353078745199,0.22144482153332268,-1.5863270501603886,3.2051064244732794,-3.8800751456695584,2.1666100456695254,2.0230792574345036,2.918871849009021,0,test
-3.4554912134175506,2.6409996944878116,1.9700465956773394,4.026132416701621,-0.6862065452448052,-3.013511462735872,0.6898319880120478,-2.866679953076253,-1.3332173881587672,1.1485522167368485,-3.0629524114237325,-0.7450629121225825,1,test
2.1902014741894176,-1.717240163337351,-0.9124046546214659,-0.7661251395590596,2.14021214127163,-0.8390595261987841,-0.3277544299815278,-7.661745397842027,3.4387292435265513,-1.2525227209727765,0.5067554104304897,3.814878512044471,0,test
3.6924252053419577,-6.090062540826587,1.5855884626538386,4.7576768078003955,0.5706012101873676,-2.234406522411394,0.9185834558610858,-5.781764464149759,-3.747035560851252,-0.19806942351839388,1.118473772781491,1.2561881529430412,0,test
-8.199260842161827,0.33921107855732147,4.089825086981939,0.5494022015362401,-1.6164128387380021,-0.6613562364720094,1.2215460586607274,6.93610704779249,0.7695470610141146,-0.003886957166559383,0.3169116486114234,3.1017390545911407,1,test
2.7113272522355647,-3.318890856362359,2.6900833976880296,5.188295055502351,2.026620947036747,-1.7571360128857532,-2.209809987900599,-0.5526953991408978,-4.609666415659934,-0.8341857800643822,2.968581447177601,1.554749523121031,0,test
-1.9676942679846963,0.7824017308265854,2.1976700565343283,2.899688282317185,-1.3655274310710785,-1.27083924180485,-0.9063161356508446,-2.3968249021014136,-1.0991754288843338,-0.5789764513319955,-0.8466038463632786,-1.5605424373382952,1,test
-4.486672256329442,0.4058257152733602,6.157278363611734,9.775902669515325,-4.9747218366254735,2.8406777487817134,0.1133043160421985,1.8131040447531235,-2.0564920505491786,-2.114621199121596,2.589604627987105,-3.340002638681513,1,test
0.958702332428784,-5.311687644956685,4.540709746179109,3.269798641855009,2.651116907599925,-3.335597361414999,0.07562121579484726,-2.3497773148258085,-4.1123445546253405,-0.45732106936191314,4.154222592126811,4.0013680359586745,0,test
3.3499586605632206,-2.2053941860008566,1.543787722411715,3.486394797842156,2.0089575832730784,-3.6749354230305578,0.7434005517224747,-3.436187323314458,-3.424540014141133,2.368023731158123,0.1085337767042458,2.4668594388558995,0,test
-0.0028399576550377503,-1.122638768218222,3.482288983115641,1.6541648771948116,2.862562508697555,-4.01552559490891,0.21994663238409076,-1.584420434743676,-1.0547647164337162,-0.02727629411586263,4.707263826564827,4.787155990782853,0,test
0.9410129493351977,-1.6108315523352617,-2.0883293323813006,-2.3488304606226307,0.11068178467895518,3.8810243067976495,0.7888360732847058,-1.0381513036571506,-6.658688108518401,-1.557682088586399,-2.8227803610647246,-6.536327154786426,0,test
0.39457625237500804,-4.394349980120811,1.7162866962136665,0.6932371713507102,3.0115794438067054,-2.630144346639529,0.020418345753160965,-2.088786983840827,-0.011131939314514838,1.1263212321007237,1.428332278979883,7.61050815817624,0,test
3.1166716889883523,-2.7223770361142936,-3.1066857658485665,-2.053785982890296,2.541187310840368,1.5016417144229939,-0.633874206647055,4.0644943664305675,-2.4011068831317774,-0.1882609592008146,-1.9246220641191645,-2.8855554430877453,0,test
-2.7548292825011718,1.956034699402565,3.312209446736457,3.0444236124790174,-4.56268362771684,-5.079822737856677,0.029162803797546506,-3.2528252917634837,-2.3005117890660127,-0.10982214385357973,-1.5818805044219637,-3.9286745506735676,1,test
2.7338056576514105,-6.303323729798018,-6.403130488444214,-0.9362733515422232,2.2542877236552443,-0.06172239249063516,-0.2925876617402142,2.39424571892726,-1.3204392143644126,0.28114254477034767,0.3348349812868663,-0.7701644177232145,0,test
1.2020921281068064,-0.5588991155105307,1.5132836541619135,-5.506709227296339,3.900624327485172,4.036054858859138,-0.17876942461618706,2.3886612033458317,-1.8879483205533658,0.9903111263724167,0.3776272976056778,-4.716177539278309,0,test
3.902199718242037,-2.4931479702848653,-1.3277021593275165,-1.9014028798729772,1.6000379263276407,4.131365020385605,-0.34014023431162094,0.09272642270992781,-3.969243018533671,0.41259156273432085,-4.867271064293123,-2.41468984107955,0,test
3.551604014502161,-4.601219592846267,-3.4314719478618625,-1.3245503082270074,0.17557987979492706,4.4495020806754795,0.4329667595043809,-1.8295873064324253,-6.391788499489432,2.013359075976993,-3.882787374347397,-4.74400859862515,0,test
-2.554034827556425,0.5678187865733153,0.6799405760417327,2.5656063024756826,-3.786282918112824,0.39935438341059015,1.444635010252395,-0.968076368478233,-2.929108891354731,0.2617005541438904,-4.2635412515514455,-2.383717863035457,1,test
3.411306603019015,-2.436078760009673,-2.392155640760072,-2.033078595509296,1.0272831981658987,1.1111549211933136,-0.29213823192779464,1.9742780977062002,0.9835725221865927,-0.5142748042164724,-4.461684565335594,-0.3558538460662337,0,test
-1.2564437578605654,1.296165742104909,4.352953719804699,1.8655393515568206,-4.605690218540522,-4.01671287768917,0.02050183105509656,-2.1049633551572104,-2.8968337964438287,-0.9652418914634678,-1.3741067292444318,-4.003715886717084,1,test
3.444938852801063,-4.2201564869318915,-4.365139666785467,-1.4430348131903905,3.0922465520922353,0.6173159529887062,0.6944528719786739,3.0508530647200085,-2.134881589423502,0.5382409907864589,-2.3970277163707667,-1.0250748599245276,0,test
-1.0110524533864198,-1.3247027377127742,1.1023272686113477,0.746693034582123,-1.9449753671299503,-1.273987124963776,1.6358707693990366,0.7250499996087147,-3.113666626600101,1.4742584273282886,-2.990001223918284,-2.721097673908393,1,test
3.1022254222308345,-1.5201764424349635,-0.7618008409577077,-0.7569355349777627,2.5225496069388638,1.9742671178413507,1.1748087496450488,1.6085470039428342,0.66775915910925,-0.18022047854957254,-1.973699983459594,-0.04043737647677714,0,test
1.7855241736463796,0.633264483988107,-0.36276388445259067,-5.74572451857375,2.2143113955271763,1.265703633190339,0.7018183993738754,5.541592031792598,0.07775065929143077,1.4212789351154091,-3.219407481063266,-3.879874932102471,0,test
0.9193669663459083,3.6539083773512147,3.558094415940052,1.2391565793360009,-1.7163692122247836,-5.696128501480332,-1.8986227732509366,0.5008456733011108,1.5677368366872793,0.2573056252793684,4.5768937223892365,1.1080206751954023,1,test
1.4674822001308359,2.0784897483610227,5.269014795036114,1.905138785477793,-2.801966248981131,-5.16013869526342,-1.3085138594198207,-1.1134899105291773,-3.207791355523299,-0.8166355680453375,-0.9579959606875539,-1.6979703986979562,1,test
-7.203060268953363,1.0035154849433277,4.695817076845956,-0.8284926061416398,0.8431304763192311,-2.456859274850218,-0.01116386360652989,5.587676565758191,1.3302298565884016,-0.6539527857262014,0.2010090421638413,0.9490876327731224,1,test
-0.9986607708887922,2.922276351155432,1.2489437859989447,3.515667345827822,-2.572211796027412,-4.823037318718734,1.0867097001039854,-1.544265431616447,-3.315027151427432,0.1671030489065139,-2.137313171905233,-0.5810158297987673,1,test
2.289490518816029,-0.4021659623291576,1.572465974353611,-2.177721170126595,3.355900147630707,6.184982421261897,-1.3777800256721489,0.5500397100842163,-3.378872306090788,-0.41088440069720433,0.25866414703851204,-3.7530530476764774,0,test
0.35255833457709507,-2.2991551196079762,-4.075288583784645,-0.5562226203837761,3.1461954257328753,0.8672065599755092,-0.9104508025769376,3.3924136222841907,-4.248325164440633,0.24108432204506597,-3.745117938941641,0.3382906377543189,0,test
3.256503418486386,-1.007113858964565,0.22104319502938052,2.767602420934433,3.5001045990122384,1.3140337933100974,1.1178530577589314,-4.330163941015321,0.6704615195337413,0.09955034293585406,3.2250772048124543,0.9303724844078423,0,test
-0.5388271000165221,-3.9352996841669317,-6.204183725031066,0.24176483972375484,-0.20820219282592367,1.1782907686893103,1.881470886009632,-0.22169768626635156,-4.967648025003368,0.5006394970760428,-3.622778398978258,-1.099457987265956,0,test
2.6818920352989686,-1.1680525779119562,5.5352376099646765,2.7391051373464927,3.178402172481989,-3.72041006182133,-1.0794012258516454,1.181240720321456,-5.460818502904494,-1.5042465202052109,3.5016388844380524,3.7628954601988127,0,test
2.1216938498115505,1.1056446772578816,1.9703648140300547,2.619617203826021,-1.1005904018493429,-2.9354253642083705,-0.5303514955086623,-1.2686340612625435,3.857378826923686,0.3850110015270891,2.388085411274368,3.1371840673420577,1,test
-2.576046076638143,2.506274277290729,-0.38017356169421035,3.0350471579267673,-3.799413527136311,-2.764962100417965,0.7835131766283415,3.331813945041874,-0.02730572772037343,0.7730976997176806,3.727852974524255,1.329185084974239,1,test
-2.8065287418259772,1.2537026593252416,1.439449941714627,2.7268405452921627,-2.8415218803072038,0.9043827027548614,-0.5106913253692184,-1.7736056928910235,-0.5606647349658718,-0.5496438095535212,-6.493272004583691,-2.84311051717025,1,test
2.5084555515731686,-0.6121205142188741,1.6220581529916536,0.06555484362866393,5.089959222051686,-0.5785754059985062,-0.08762115254422685,-6.060608148788049,-0.0832727337429846,-1.7452781262139565,1.8798798631325266,2.1784424005711527,0,test
1.2233855809966456,-2.58592225594668,2.5151009927948316,3.395129672200174,2.8624442875387803,-0.9845515338303694,0.7288310676376552,0.231145063770553,-3.6694224176764823,-0.08519716641517254,3.2215871138705436,1.817237354587702,0,test
5.260979835567808,-6.135098257515924,-5.2225707890703195,-0.7762915403058546,2.856505711646766,4.121511717367396,0.7408463760999141,1.3573014075067726,-3.4061488378259175,-1.833816409310872,-3.520890570668146,-1.2964785058224237,0,test
-2.162505678260539,2.3478782327976746,-1.260573982953383,2.55316775950123,-0.4128269591123406,-2.4861324190504255,0.14608434098770354,4.0005746658601264,4.3057436862339085,1.5856871119668683,0.806137566670321,4.441631042525846,1,test
2.516424152462087,1.8194177520854071,1.4737448874860566,0.9364884186496376,-4.050691796212032,-4.17322258283209,-0.743784121082258,0.07624844546949427,0.9920083111152769,0.43241481366176343,5.92737480031985,1.7912376619547756,1,test
-0.6208255533368228,0.3905745437336876,2.7436308574969432,2.250807683182233,-1.6148559953459058,-3.167700857639278,-1.2785110726927897,0.23059856799146772,-4.540416352902946,0.25296286657292605,-1.5590760078993036,-0.483624633473418,1,test
-3.173244429406238,2.312668103687643,4.48349164673453,3.810647258783604,-1.3691377242062035,-2.508962563949625,-0.9915903873374873,-3.6998041374244,-0.16537593695218122,-0.2648420082550713,-3.809770087614911,-2.430900302795454,1,test
-0.6739373973861422,1.607278323352248,1.8891551103920312,1.01615967760007,-1.5965843986414385,-4.387843844252847,0.10599065513254873,0.6651975609501091,0.15831515360543635,0.9124336529314592,4.48588592969905,0.32246165592538123,1,test
-3.78745287418062,2.19112801144908,4.434677961652804,-2.363986517350776,-0.05611063264404503,-2.9870793087639673,-1.0591001702919,5.63307225517046,3.3946978375608685,1.3897779422828795,0.9003573905664235,3.5500852134007475,1,test
3.952557298715935,-1.0060478998310742,2.870885307148952,0.855368977231169,0.9678406226125849,-1.8291343186573745,0.11429172495703954,-4.919018378776617,-0.6430537703847725,0.5373373494733025,1.8016816872922017,1.4942317679174066,0,test
-0.4151553902068752,2.7921811240452916,2.0243110044991135,2.5903414337941553,-2.912510047187255,-3.1427564072242347,-1.100358484759881,-1.912391203942238,-2.5930568354678716,0.7570541617967802,-2.4075721693940695,-1.896825280641329,1,test
-1.6032077101839626,-1.795551280691582,-0.8305158860270336,2.2649077819755483,0.6228337538583335,0.6524509399832539,-0.08295599602314327,1.2828790143534943,-1.756680140737293,1.337901963829088,-3.7938295026610946,0.39928772305857674,1,test
3.4777975266457277,-3.0473817377923282,-0.5133285597707915,3.2839116218337443,0.703410072895313,0.7444742113118674,-1.0511072364406473,-1.5505266066292074,-0.6595196407664525,-0.7156846776582155,0.6562105416734973,0.7895327240647392,0,test
1.954708130792972,-0.7088000759711204,1.2775940806168995,-0.4205932602964091,4.619456171940306,-1.09803692289399,1.1450429893292227,-4.774249960025664,0.12467051088667658,-1.3349705488079184,1.4846912208056473,4.940727188468683,0,test
-0.11442153618669915,2.5064659666558677,3.2782227342397916,6.67455808691946,-4.140106167042568,-0.17172726065111377,-0.49884581080326273,4.310058970046589,-1.8115869691104916,0.835810714542267,4.773568950923523,0.6562244585870352,1,test
2.663875099293842,-5.221528831800745,-0.6901841401773634,1.2862895384187447,0.13382741309790802,-0.6037254184429408,-1.1842332845073633,-5.957912221219365,-1.1170429847618037,-0.9052404510497649,-0.8093464274554374,-1.1432150219214567,0,test
-3.31380036739792,-1.1947266944109232,1.343243113532231,3.7952485634898543,-0.11835405264487298,-5.763229067946267,0.2295371569748534,-1.3687644046656773,-0.43597787966073165,-0.060173661346786,-2.8963870663697384,-1.9250802917875456,1,test
1.7086408523282544,1.3698384860307655,2.5459047664008145,-0.9241658507135697,4.569266829209651,-0.20424417493865787,1.0764724751660624,-1.3750303584978165,-0.3221041811152765,-0.3702404868130482,3.196139343112685,0.9233519145351385,0,test
4.695112900802507,-4.1497917079533835,2.0281482576635925,1.7070041722959721,1.572294407771624,-1.6446836541149874,-1.2319221293518148,-5.079824343985738,-2.8163489087370173,0.4796111659671491,0.5994909888102153,-0.2874368954872044,0,test
-1.0230735406488591,-3.5864291240907575,2.147540768367943,5.048438683344183,2.9225360084651926,-2.156859790385605,1.1470789141327178,0.31717817189764697,-3.214811973946599,-0.2642087053276233,4.09627989553859,7.978425921868737,0,test
-1.634892312852279,4.014050442200896,4.391467959881327,1.7846263617883125,-5.688815964586339,-1.0981506375507377,1.2387276388503436,-3.314686426809304,-4.1369800413020394,-1.1696000106424376,-0.5561950071890667,-3.2742197069302943,1,test
0.5616692278817259,-2.8356066088896448,-1.7735805806487601,-4.093972052969025,-0.41219962743166727,2.3671237969456667,-0.30119346500502703,0.06516980452876009,-3.500784865065945,-0.5830561071631346,-3.4806820439035873,-4.635727983727267,0,test
2.294732947781374,-2.9471937645820194,2.2531965884046485,2.58006798412806,3.493081123306896,-3.284624657000212,-0.5679282747689884,-1.9947089857920082,-3.104897761432917,-0.9274710692776711,2.205477622466216,0.8861556741820975,0,test
-3.236576536765888,1.6756920213563826,1.2586177191256462,0.8599388296452117,-1.1835897970260383,-1.1727431318766783,-0.4626669118291272,0.6183311149414468,4.4241561276367065,1.334476057246417,1.1750328386598667,2.1263415419690155,1,test
-4.964707055577375,5.7413546197260565,5.33661040506097,0.7079681729279199,-4.350624657327442,-7.865069856821305,-0.07524330128934398,2.8708977301271172,0.598056400405677,-0.27543422274494134,2.9879445420887962,0.7430231553842519,1,test
4.044458523844765,-0.8386563218171055,1.1837189046356347,-5.562596743262475,4.273982510960568,2.7728812624793537,0.5540243148989451,4.919557140030573,0.7617491631994469,-1.1105256856928154,-3.410219672489365,-1.264093249444938,0,test
-1.3324257959360843,0.16687287223327818,-0.5049521518194835,0.3629811030752901,-0.9217192651919865,-1.2740829831539742,1.0008458899563808,0.5180799396026807,-2.658314767727139,-0.23227849731390926,-3.009924661249896,-1.9539714695375092,1,test
-0.8172095144333871,4.194008083118305,1.04971114649419,-0.01733615475975947,-5.545670122179429,-5.902787619457898,-1.5987611546107874,1.429491712912466,2.601737508662183,0.12070971774407267,3.0377672098007373,3.9205993484997714,1,test
2.1893300071666024,-2.364288661083874,2.1829811398061807,3.294160348238976,3.1786217972973554,-3.6817214192261414,-0.28929734620669545,-1.9341936910685122,-4.4135626546972,-1.082027555483688,1.8312731136235862,2.0288822998320897,0,test
-3.7925889532261774,-5.176689033340905,2.5278954749845903,0.3044516912688753,0.7587706489637633,2.942875263517295,0.09482148139032147,4.298302051352978,3.619699908047502,-0.7672391762863308,0.29254530804520296,4.715091691727589,1,test
-1.5812697706239263,3.531004800944131,4.878268681654324,1.7738258341598274,-3.3914466577844102,-2.02038486113536,-0.8721553301141033,-3.685088191049748,-3.1722673841400866,2.2707303378718073,1.0135485041637144,-2.71843358780268,1,test
-6.196442984230524,-2.8240133141091865,1.7497487532225113,1.2597015545982084,-1.0013718914363876,-1.8134064776930767,0.9711787057229656,-1.382161540246351,-0.15065854212947194,-0.583640798320439,-4.392568018341857,-5.144686162852931,1,test
-2.3490691870197993,3.8238998551931545,2.8736094167420054,-0.2486359886347409,1.418607396400306,-3.3133889633021587,-0.27068471756039536,6.03521057831258,3.3084239944092255,-0.1997973038992395,1.833517192295688,1.5828159964296238,1,test
-0.8980212273871604,-0.7063935851398373,1.340450179502797,1.6595140132802206,-0.6742262107535637,-0.8621127481247435,2.0486372460241036,0.5373731675220459,3.9900713062486473,-1.90288720156693,1.6372235836377211,2.8463413033781277,1,test
1.6975670867673514,0.20107764966950237,-0.060846626451324326,-3.7766159099051153,2.0062404647988354,0.7658621900488207,1.3154589349863952,3.3583933450889276,0.18771554259111145,0.8488082242863914,-1.4462023685939625,-2.7099826928701845,0,test
-0.596652197026573,-3.4799438480743667,2.7542723749890614,0.8590527150489284,1.5413035366373018,-3.8314359232161515,0.5111864116277812,-2.4004471463726054,-2.015349881918893,-1.3799540972569255,3.947427156826776,2.8640381284354754,0,test
-1.2261376963720685,3.1726337271948397,2.726285602840055,4.989670900409671,-3.56016493964582,-2.6088938165048194,0.2931495762834352,1.391067655420125,3.171036966752953,0.027141447872158928,1.1558466232363485,3.323621569584456,1,test
1.7849577077236076,-2.437143359802602,2.622285475730771,-0.9388892435088332,3.324128411283842,-2.474714299665317,-0.5952767590300705,-1.738694663619382,-1.6699726813709947,0.8730141656026286,1.462498322373883,2.012384706250699,0,test
-1.8630266605067975,0.7895317975809719,-1.102755183528537,1.7903306262007714,-2.1339218473132253,-0.22246198119103022,-1.2662453365368163,0.1993238871533669,-3.05668644484813,-0.1892007029219388,-4.082596946293457,-1.2495403342171896,1,test
-1.2326906130347601,4.640441723716453,2.6071288865028013,4.2614533908390975,-3.0624353870047205,-3.418776692365638,0.3434871602812989,-3.0072623197557506,-3.324945807838951,-0.07385281334238118,-2.9491600181132283,-0.7477369598400714,1,test
-4.726434950675449,1.0898581818259268,2.2853666796528986,2.7165965784212767,1.1288165166252457,-1.3693335578427577,0.42526006331416843,1.2702030882221826,2.8878911291799985,0.31409137189415054,0.8959436724024896,-0.22612535441042647,1,test
2.3497313247628426,-3.560259041232209,-4.342170092084896,-4.154162813210791,2.0957203337483508,1.08518867397863,-0.5436245969239912,4.2335193181536575,0.3746236862048189,-1.4528747146814451,-6.223668497134044,-0.04295846881468046,0,test
-1.3019906660944245,5.401496514838149,-1.4141443588946747,1.9353004721080946,-1.0362094637742327,-2.7394424394047894,0.5533215822464749,1.2520977595165017,4.076180548454785,2.934224162672207,1.7853948183188142,2.4451546915227627,1,test
-0.8228868566429941,2.3983688019747538,1.6587534527199224,3.9263569615046796,-4.201637389815254,-1.7348273887765275,-0.2515279554053352,4.285090218278973,0.17242744286467504,0.3114706585395366,4.297728847193721,3.250637058162331,1,test
-1.5915677532165993,4.383259834752659,2.907043717600118,4.040520595019417,-1.407529020894248,-0.5465494458891713,-0.7438174726380663,-3.207255988234298,-2.608352585976196,0.0010828280742152896,-1.5848249587643204,0.6647982090290632,1,test
3.861853594055294,-5.0508431972609165,1.399782944677735,1.9776138800105447,-0.18231391919364537,-3.6537325694172367,-0.26300782156752006,-2.9403572715901456,-3.6315412960639444,1.7739725516085925,-0.9624845689243271,0.5923811331055338,0,test
-1.3735798262276047,-0.18406806236323447,1.953516183316479,2.796800283391138,-2.169224582186445,1.1412774757898245,-0.2207550162933434,-0.1520391390730924,-2.040947751852922,-0.16010101101486246,-5.004102930252524,-1.2250933732330702,1,test
-1.6029938620612327,-0.5232296551204842,-3.066615723269061,-2.226562210224277,2.819698062639132,-0.2835067378826355,0.08046399082755519,4.126558976571568,-0.7214483619519652,-0.14034319906382453,-1.409901046826303,-0.4249007280329793,0,test
-0.4581958991515196,3.8066193638812855,4.368706673709624,2.586378322756629,-6.179558105513529,-3.332728414566914,-0.6046658097144967,-1.975186073093738,2.3026594976725305,-0.24535555188111655,3.2640112016815612,1.5762899456897288,1,test
0.5816390778654814,-3.6286263412718105,-5.278632252945716,2.7491228791314892,2.3195588898482624,4.542633218306424,-0.3908909857126365,0.7098229920470576,-8.840748816115017,-1.0346479567793587,-2.0758236265221703,-2.6296731930073105,0,test
1.6544282985028929,-2.4311953567089106,3.7401018627784306,1.9551593115428116,1.1626199903429242,-3.077851041810617,-0.7545781134897545,0.10717067165470828,-4.013169550691873,1.0294705253072107,2.512571008321996,-0.08193932565976159,0,test
0.22838768288214473,-1.9706479631699687,-0.9481002055167891,-5.716921543850854,3.939210059523174,3.91631926403214,0.5279633645581985,3.511170364902605,-3.3294409446150572,-1.431203299948862,-1.6083271455884156,-4.0805671658686435,0,test
-2.375979256622633,2.7624283784671975,3.234115557552512,2.0505024475714424,-1.1319205866167867,-3.1796557336461158,-0.36420947683904775,-2.992842410272949,-1.0698361740538118,-1.4360943358203802,-2.156073056276941,-2.5709012423121305,1,test
1.108637103916149,2.658069326148907,3.5239148901337085,1.6041494915587067,-3.209822199777288,-2.8206573016508547,-1.384923385377202,-0.9689298415777909,-3.930198130062002,0.9313739539280605,-0.5763889649631251,-1.202804236566558,1,test
-2.0939495106288755,5.475885831235367,3.938394111145174,5.130621076075313,-5.922862787326552,-4.950737212471225,0.27208888985798463,3.504581136075652,-2.328597632058206,0.639302137189739,4.904673656424068,0.45647497007735716,1,test
-0.7559392926132404,2.1173221347013356,2.167047634615128,0.15284199641829943,-0.6539290369206585,1.6080939231827491,-0.11196503547546606,0.4459580751567338,-4.603061402174444,0.2572407957048237,-3.005259612879445,-0.4161421043885536,1,test
-0.6640128300650394,-1.7172762709362523,3.2837962198594774,0.4126225097022975,3.625767950765532,-2.278888119292483,1.0793331926464496,-0.9583419716748154,-2.0167987953178663,0.23641557620836331,3.590842292233865,2.0691281411536657,1,test
0.3796275291255635,-0.5939605960798038,-2.303994024113809,-1.6397352747915188,-0.6922737351574928,1.0109146052377382,-0.21497469741514513,2.0822391727618985,-1.7284654697609079,0.7498211912928175,-1.6928676544182184,-4.713960992730709,0,test
1.014038850491977,-4.55660895262161,5.06133395664024,3.5088422850413377,0.1432891081655563,-5.4601611307769,0.07965959967488796,0.5000464466659782,-5.525354498491371,-0.19842841978340053,3.7785010177407754,1.0104597571275498,0,test
4.005965218977196,-1.8556534783698266,1.9527645336016657,1.3979960279489534,1.944844346820851,-1.8090961623803417,-0.02107727892669172,-1.0873402553442615,-1.327965797223371,-0.04274600206403154,0.9512399985354678,-0.6996324078005056,0,test
-4.958554862094983,3.155764632852906,0.6555904503872061,1.8449970926627328,0.38974485992697794,-1.3357182114242447,-0.18567468343374327,-3.520125835749859,1.031630125585067,-1.1827257266727311,-4.822666648685518,-2.883049362117405,1,test
5.027011896781717,-3.998529999028541,-5.313832482615831,-0.18847543927540933,1.556886406465757,0.2735723152841818,-1.6021106097218452,2.894835330603752,0.17969777175280344,-0.2572204239312903,-1.9888220352593742,-0.45280345598876504,0,test
-1.6510087483919933,3.0067797189957903,2.910898378948312,1.6032051291011298,-3.370220383382022,-3.933987755927339,1.0426464067459855,1.7767604769121208,1.0580917108762755,1.9599838066830257,3.348333619120485,2.0590918903706052,1,test
1.23738212575838,-2.5875066908505726,-2.984336792307716,0.20800258623352752,2.045073356773122,0.7580293237233597,-0.35561107492296423,0.25936622106134233,-1.1234077065572505,0.042724218740865086,-0.17226137757681936,0.4298187064669303,0,test
1.6140448613152725,-1.3748924168661196,-1.0084141487090177,-4.138849594937297,0.9033424701118873,-0.6882841361737588,0.17138264706115186,4.584022155559923,1.8406770998412174,-0.7242335719767491,0.3459751967118656,-3.934394855565194,0,test
-2.2723675869632443,-1.5295058289629413,3.4026641566064093,0.15596446984352674,-0.8370188999854402,-2.520491618774209,0.3855687969934587,-1.2030582685665205,4.455454556939685,1.1375252213646512,1.0538818142116972,1.63125824280051,1,test
-1.9393525092823234,0.034287568405400926,0.7994946882555798,1.08454141456437,-1.3937999307853117,-2.9769057572825326,0.686937072195767,0.3282705424055772,-5.1998253040575015,-2.042221337574544,0.08415263965403064,-0.9440190279575038,1,test
-5.452052236597579,4.8111991363188,6.156613067360729,1.740487177245994,-3.619636663587896,-2.001500118177594,1.9681394437483766,2.962102457402646,2.0763463125057893,-0.8274355211010885,0.22608139876397737,2.1043471728169223,1,test
-1.0885701625206232,3.524876468479966,1.9166115125456407,-0.8383821767094783,-1.0709236378577016,-1.390990535510461,-1.0299309500378073,-0.6954062889396382,-4.1339913045428585,-0.7926215663991957,-1.1924274880677659,-1.8440323620417296,1,test
1.0182569465516886,-6.715487471860945,2.607583681744429,3.156221321608661,0.7529049909557894,-6.733750563819167,-2.1768960384336506,-2.3535459533171057,-4.242348793568125,-0.6342683782045646,0.6355073123403034,6.199380099693263,0,test
0.8269395635643808,-1.8879850861512018,2.8440302440551397,2.0005701043442015,4.227221177641634,-3.7231854794965207,0.2073893768049111,-5.180486055088869,-1.2807217977960224,-1.1238246035113537,3.3710283350312213,4.752485533781449,0,test
4.761149325247486,-3.0749506397116093,1.3779658491066162,2.2957604833881464,-2.299815624929062,-2.5696597745187626,-0.46824129389198216,-3.815989052358702,-2.115740033638051,-0.4713174114186203,-0.12791998050872433,-0.4199994983481705,0,test
5.679692583394376,-5.392314769264858,-5.453821393619348,3.1569002879108528,2.232288156227885,4.601110728429418,0.2752506347383698,-2.600065052094039,-5.560693519540271,2.3735250477793506,-2.346575276518017,-0.16232708694077402,0,test
-4.031176427194894,2.8631651077406324,2.70257673947391,0.8800871062138504,-0.22063078577595174,1.9041857215540041,1.0329585368297425,-1.695001684495776,-2.437837313972728,0.35836491464407955,-4.696721882434912,-1.7106559685344291,1,test
0.6369679420998438,-5.892856611995558,3.2135856001452554,1.9043247586100076,0.7312083880637099,-6.951217122823144,-1.2969913827906447,-2.3231446030551877,-3.3149733437820714,-1.3124444501184915,1.028525089624607,7.210949951358554,0,test
-1.3454401289517461,-3.5202718471727303,3.0574554088788197,2.527810276671075,3.301781151073924,-3.2699021624796405,1.0450727117672813,-0.2753879353352675,-2.319329589298659,1.3945921525881364,4.137816046461747,5.330676506250715,0,test
-1.8746093545708176,2.2453927804561613,1.199119115368631,2.227936682824483,1.1498909957222407,-0.08160145537806596,0.3216041892631319,-0.5914988077207262,-1.0624766817833935,0.946854055052989,-5.824944285770524,0.0196585143759318,1,test
1.8987765975465574,-1.5145807053954408,-2.97901971615615,0.4088836801020097,3.267424995153208,0.707566941797394,-0.3679371760726281,3.6370434351527257,-3.1467244991136485,-1.1778306927832136,-2.114557090690005,-0.8610700769580422,0,test
-0.9067747597437348,-0.20925747275461504,3.8821953567744334,0.9055925116867201,-3.9775691031260685,-3.89478571745321,-0.12184496139460137,-1.416560560645296,-3.147872182561337,-0.5183988874866574,-1.2153759117713174,-4.873686895754611,1,test
-1.5646916977633216,1.0293922915322695,4.450281480083838,3.4010684890853784,-4.4648379566234,0.0971712805491678,0.09921405933700334,2.4073061590437717,0.29613589498121895,0.6856877671418498,2.252057548864189,2.843201208667616,1,test
-2.0418561826453794,0.8971794365379049,1.1081437701035064,3.1566050095382954,1.188253469517794,-4.301486116362993,0.679110667396011,-0.5294783040896196,-1.539624953285676,-0.44095086673096123,-3.8279449267129992,0.041858242496699116,1,test
2.1093286673061438,-0.4921467074777939,1.4633353010533752,0.16639284823234357,2.5463540398217805,-2.167559328839418,0.29094330947719826,-3.157801377595825,-0.017991098180969,-0.5417451139462586,1.6762290958044184,1.5042532774505504,0,test
-0.3272916178225014,2.1752918382241595,0.1334634609392591,5.304990542873719,-3.1944703653862816,-0.5395883591598731,-1.6430283853498175,2.527515014129191,2.323091547708245,-0.15853034447743622,2.971036591168877,2.9739796394560423,1,test
-2.4421593113655624,1.76688069469215,1.5864897711844186,4.74258035651855,-3.152312073582345,0.10185040380113053,-0.5887644359067791,4.138506905191383,-0.03143090158919204,0.3226868021413582,2.815446479385598,2.497472251365503,1,test
-3.335410260413589,0.3157031176504941,1.3109401105350704,2.6194678803844798,-2.4807500869086416,-0.9164100110668272,0.4582475507724505,-0.9893900296934803,-2.658481615788045,0.9378991976416696,-4.461303888291294,-2.3653281234839025,1,test
-0.7028869451378026,4.803604057588947,4.599803804546362,4.81321553106209,-2.5016221556272495,-5.724107328522994,1.0031535658424868,-4.110722614272593,-1.4413106238631972,0.10505742646055642,-1.9684345832077699,-1.1002523196583043,1,test
-0.7576584205545327,-0.9078416470912432,2.328472004913196,0.7782361585908477,-3.021520462298453,0.4113653679421905,-0.5071247914656747,0.5451794083580104,3.5612162137338483,-0.7988765376163663,2.380300563558648,2.017064085345218,1,test
0.29056792316180813,-5.883407864150248,3.1980327185198334,5.416632032204651,1.1035040106210146,-2.8494306621746612,-0.7478516879322576,-0.9816967126991616,-5.402546366862049,0.3285149278110011,3.8756209784068556,3.673668850029231,0,test
3.3508001860565084,-2.417430714716707,-2.6293248908848974,-2.960011102262497,2.466829421166345,4.580778384880519,-0.23027890433196022,2.825173951258091,-3.500156145890985,-1.9429606528411827,-5.121113654581345,-3.224268407135365,0,test
-3.1355639187587423,0.3182465009623996,-0.5912925997575438,0.4955771257985575,-1.897890758829701,-1.6727051268572324,-0.6908554604678185,4.024783684690139,2.9331050285377085,0.17965054719351994,1.3082812522972533,5.091265678015068,1,test
4.510975717529428,-1.1514873920967688,4.045647382738861,4.734651499784013,2.0052066246700964,-2.5432082233696365,0.9823128081462317,1.9373276216969302,-5.186529363681819,-0.3113583459062011,2.524224798686796,2.1377640342398636,0,test
-1.767979808111927,4.525874705197753,3.346933430636118,4.334139285354723,-3.0871135344371776,-2.947226718358004,-0.3685162110555474,3.1118633504546405,0.1056289903595733,0.7944090203998897,4.0127832509165495,-0.14464562935229663,1,test
-0.06091609206319992,-0.4570981794224531,-1.598010040210426,-3.2927562272686286,6.2392505129803695,3.2824768436450316,-1.108046463858975,5.735904427858159,-1.0172863889562327,-0.30893240226849755,-2.3147802134833935,1.3326463298652467,0,test
3.1697935388766876,-1.0688573707698046,2.7972208969609538,2.4112008061729426,4.027504402433319,-2.1920445223970795,-1.5749537746577804,1.4088697008133573,-4.9819171962396425,-1.2539334674165001,1.4226118040317215,1.8749784258781756,0,test
0.6954232405020035,-2.586829198877969,2.4560034264839268,4.252024577479036,2.6606924003716466,-3.2783522310262954,0.3741664081057283,-2.6764626660225277,-2.7771045031891837,-1.8654872352684886,4.38776647522851,2.345572991962771,0,test
3.1340963083516775,-1.411231640897284,-1.426046966635283,-3.3737224894217435,1.675626878248346,0.8427424095189584,-0.146631847696845,3.0915553725303986,-1.109650222935923,-0.05920048806399171,-0.9777520264840858,-3.673763002577642,0,test
2.1836423115580086,0.5163616319812347,1.5597803463449127,0.06726714112451226,1.8394238528631413,-1.723290647027944,0.9314049250928271,-1.307081540477116,0.6527740641222466,1.2301731200833115,2.04255538169716,2.835722405889553,0,test
-0.5184469504053926,2.7739430654799957,6.7340778786736735,1.6112343518588097,-5.895017822525595,-1.8231652313973004,-1.1990108811205324,-3.7375508644986892,-0.1969270086431698,-0.4296136063851578,-4.098889465893327,-5.694795382566763,1,test
1.8922894241156452,-1.878113928709724,-1.7938533382138506,-2.6404067100284365,1.7106704129240236,1.288885458813652,0.2877087984340059,2.0530104307329196,-0.39080785083025393,0.6832322847752451,0.03733357346821453,-3.232977401666396,0,test
-1.365028793065156,2.7962719397740843,-0.36975941253500233,1.6695344461587125,-1.179958402628448,-2.2001742814918672,0.15478851239390007,-1.2844422027365225,-2.5579906205736656,1.1626765359540052,-2.3771109904340677,-1.2640893650772016,1,test
3.1965504529769415,-3.0277992960114606,0.6152091967648723,5.1343456225881505,1.4434872383464834,-3.2904137699705087,-0.2249250950249483,-1.576378677246503,-3.88386627497488,-1.0206900459858121,0.9076991442375453,0.3423007907873066,0,test
1.7630103269461148,-4.9002808688203565,1.6808896509937743,2.482531508832236,0.919504673720702,-4.495919063896415,0.04769152865466723,-2.3893975472522513,-2.10138721170191,0.6049850904862166,0.679615563066462,3.5640707449516356,0,test
3.4640680096377645,-3.951556597993292,0.9026190410330943,2.7960254018060193,-0.16244244858267454,0.38753677693622945,0.4625909097104993,-2.0795534358009613,-1.6372385337071769,-0.24441226461838422,2.0034343999813355,-1.7344242143981794,0,test
3.6067082099356633,-4.070508586970493,-3.087174725136493,-1.2527827516351677,2.3921995550607584,1.163414601355433,-0.9997834800267844,1.9140863676082387,-2.897206653148593,0.04695128965164319,-1.1002915709979326,-1.8005708537316096,0,test
1.3694571354103466,-1.8826865013627514,1.6335301895070762,0.23011406081071595,-0.03791217639231492,-2.1368895862296147,0.402463290385314,-3.369968301411042,0.07857230951862038,0.4710207789907319,2.1016455961845297,0.9231254498481205,0,test
0.8463770211255939,-4.198922786993332,3.5161343750962812,3.3100270128585985,4.617487129780691,-1.698752252236358,1.2026231781111982,-1.573688175180594,-4.439631300650515,1.9935274810396342,4.09273472082039,2.1182069010463964,0,test
1.8180478040660981,2.813446144312994,1.8306175704650522,2.768239520734749,-2.1742066987863873,-2.5298394952338237,1.126675188683195,3.117060186466335,1.8838064295943548,0.3833995905129336,3.6603546916951077,3.6167067806804747,1,test
0.01344219617351916,-1.4058960338155502,-1.7812827582406672,-0.6233245525119466,2.0399166318602635,2.305165288752997,0.46636311560749866,-0.15019921156456872,-5.374365360519487,-1.9272400202017528,-1.7428627896709534,-2.0978810867617645,0,test
-1.0341479319152194,2.3771148827509725,4.1104892499232815,1.506122617325353,-2.210045167716162,-1.895949961509289,-0.09074376794983688,-1.7339008786423125,-1.611715119622246,-1.3011686467221115,-3.644132712327602,-2.5600109481634976,1,test
2.866736269707027,2.945781219819109,-0.16877608696623803,3.9391939890822245,-2.997094990768069,-2.647104578671671,-1.6155957215458507,-0.31993803796563514,1.2122625235126334,-1.116129602451727,4.100484352450591,1.8522554432502734,1,test
0.1275868803096074,-1.191613808730984,4.221730153497491,2.91142119860302,4.682180975482537,-2.278012444584014,0.6625491665002248,3.9227344700501323,-4.0152583210380985,-0.22815070001404883,4.45384254266494,5.237475110259244,0,test
1.7821507272347152,-2.5542676568295297,-1.777368971025998,-0.32089752504739155,1.599875713112267,4.394950850879823,-1.3378452014906872,1.0771187489409029,-3.7971577981322477,1.0895860758411784,-0.806805571396211,-3.6233584663990137,0,test
-2.1028009453348453,3.000941399662616,1.3540404578603722,5.983060819407289,-2.612033782753503,-0.6609463380929956,1.5700137276510995,1.178460280408104,1.698526649699732,-2.9312836845575614,2.8697223459610357,0.43294444044416935,1,test
-4.3026101094368805,3.401895258521491,3.967597676767003,-0.4387717373413449,-1.4138437816398417,-3.7337939559062723,1.1911839110797073,3.216769987112478,3.724559244381769,-1.4296022538668678,0.6143437040785324,1.923836566015084,1,test
-0.5539871727258636,0.565875148042652,4.449564580155199,1.119326397006281,4.280630129002999,-3.4882543397123813,0.670094585684351,0.02719438385780748,-2.066302169858449,1.0630290225394106,5.674678416920608,4.391580150469697,0,test
-0.673658732658605,4.742369282916855,4.128243242212349,4.104145064533425,-4.45866265866392,-1.532504437969787,0.3635050185923671,-2.6753642675334106,-4.6877145804387315,0.35130190342816586,-2.043992445033454,-0.2377074658369982,1,test
4.0795806182524625,3.38370735341086,4.515967411898632,0.2731637212701614,6.149777152454588,0.39411366375949575,0.6512283861624915,-2.37546373927745,-1.3965584013865415,-0.7612820639863249,3.7040821581428465,1.3640107592723458,0,test
-3.2454736746612,3.2290343371265537,2.287941598739499,2.2000771916959265,-2.8744166812876575,-0.45877136484828784,0.09980455503150124,-3.843693277358503,-1.3471295249249697,-0.14748413777771152,-2.2066217429039354,-3.3542268037158456,1,test
-2.163966455079423,-1.0401604800475504,1.872708691161536,2.529381975735029,-1.5363192095725404,-1.1407010486909497,-1.1328877533733597,1.1077554752613468,2.080231351628331,-1.0780364636482442,2.690543968566905,1.8980782309357531,1,test
-1.334313419420242,2.6154556933713096,0.9723364791893343,2.4959987541437023,-5.195196692628384,-1.1943673745437398,-1.4586527019205384,-1.34598633006631,-4.585545678663895,-1.3514392359164782,-1.868402566341671,-1.6758917375969964,1,test
5.075768952110367,-2.105568212218038,-0.4392823359919529,-2.7898298061617495,0.6324858592121454,2.5444521348409364,-0.9306240569638876,-0.8500277003796963,-1.166481760293711,-1.1404021045493464,0.08088504542741237,-5.643174094505675,0,test
-6.09141315035099,-2.4744003144964584,-1.4342045288531606,-2.7053646960531,-0.4948900745353668,-1.2762984119929448,0.08505849163108581,4.104471327656584,4.762160661078492,-0.5347208103062869,1.2747626651379522,3.1122225059516535,1,test
2.1101462344290987,1.700472046081435,0.8503226582863417,1.3731854718502943,-1.605723250099576,-3.84411106840078,1.0452380933311534,-1.307093874963853,3.6738410022469528,0.42342135155567967,3.7868174378553183,2.895241570883084,1,test
-3.4777899515645547,2.0653400202776826,1.3183119972240125,0.9657243733866199,-3.0336934196525327,-0.563457646829272,0.717400781472896,-3.3222380617982843,-0.5327580718855782,0.4979361843549744,-2.2734423816438234,-4.510790052020926,1,test
3.3848039255104885,-4.300279528289004,-3.9508040687456685,-3.091938064802862,3.0815907099874082,0.3657835439663346,-0.15362040147678496,2.6830256964527885,-1.1860936054158084,1.0420100861138488,-1.6993292881494786,-0.8264648818176419,0,test
-3.7489798870958673,2.150434261579065,0.6617737476084466,4.890158943987933,-1.428673117945761,0.12168485250490013,0.8310985301089419,2.5189930205707074,1.698138570881865,-1.0485989256823085,0.30692590836325406,3.1512831415159748,1,test
1.553578383913711,2.63412100590955,5.700409539685754,1.436600889396519,-5.711971017416307,-3.050475047198428,0.5473990824292132,-2.121135088122588,-3.1597269349021992,1.3952089151516087,-1.0788595698876442,-3.6945069974546216,1,test
3.3016207494467986,-1.7085389537744065,-1.1230169615580288,-1.9817905664815005,2.295579897001896,-0.43885565119005987,1.301248875630573,2.1936259534292755,0.5127128863849619,-0.2815968421931566,0.63994066773046,-2.089857498518615,0,test
0.6866233483784836,0.8688010200447991,2.4466244630991443,2.9674500341415406,5.56890107025456,-1.017000886409982,0.2376604677301522,2.260223631520966,-2.408927222700555,0.44732527714809883,4.299614850011372,4.708012854745424,0,test
-2.635547143027805,2.2839841917126216,5.287087394868644,1.438914273218971,-1.6770180002416835,-4.937122323628146,-0.2627047858876216,-2.5770190220986975,-2.728053067473205,0.41556559786680974,-0.9257537688126714,-3.0793730070117866,1,test
-5.405724134293065,3.9061786668161043,1.233794414763509,5.396119849937804,-1.1028811061827688,-2.6598107721802986,0.08257493167036638,-4.76169905158647,-0.5710788634877069,-0.740194567315964,-3.0324769932622386,-0.722562149593271,1,test
-1.2001185556928236,1.6708539221808865,2.719083693218946,-0.332772099633194,-1.8813788384074406,-1.2366909616983401,-0.4622026038697344,-0.3392104407369321,-2.3943505882144724,0.2927113911955124,-3.8464371129855834,-3.0985629975891507,1,test
-3.0813215858559464,2.0532463443997364,1.552980642770268,3.219576874859774,-3.072241083114828,0.34105695590384366,-1.1837487360293735,-2.7742901597018137,-0.8813920530542536,-0.09493069494061737,-4.401024485490341,-2.547953673870443,1,test
-4.118637080583745,1.6796411291364406,4.91116152646031,0.3413856177185386,-2.2062527907902827,-3.075198095511373,-1.0358142575999592,1.5132343964708146,2.886364705801181,-0.6138645860100052,0.7816690736839575,2.6730406053425164,1,test
-2.8709837027005474,-1.4296021014448566,2.4958384420372073,4.028653387134277,-3.5286995543674777,3.469856004674922,0.3986542668708586,-1.2237741396546808,3.3055089123077526,0.5506534289141362,0.49386101266718296,2.3899303195770094,1,test
-1.5953685655535088,-0.2018509657667411,3.9071657447919126,-2.8792202268739446,1.5756999263724403,-3.7293331756886197,-0.16894966522322466,2.4967780525639753,2.0792790188016337,0.6666067811934852,3.3831940332761556,0.6462597803802843,1,test
-4.33626665843097,-2.8791543650703346,3.6363506040276397,2.077197754266194,-0.05827311990210271,-1.9635917603494473,1.600170904746787,2.0044893590470068,1.9888921487283961,-0.6449435965306216,0.3606692849547135,3.087444359964116,1,test
1.2685086113993203,-2.2208818457218324,3.7732703382690316,3.7464821906435937,3.445599291892709,-3.253003520586641,-1.6470531272054543,0.2725113647272943,-3.8774741861766584,1.4515458686064469,3.21400238920233,4.542976897138359,0,test
0.11977375887713482,-3.453866341498925,3.104335316915705,0.32638454087785385,4.804517125338284,-3.527657650133894,-0.9042700288367073,0.29548998825819117,-3.7635730705732424,0.11269021555985319,1.8387365251085046,6.757776728416761,0,test
3.4380395914945803,-4.5316775833445515,1.60867306471969,0.8383259248520651,1.1784046064253857,-3.3617101801706566,-0.17745293489376457,-4.148134505835066,-2.899999767702191,1.313988500978575,-0.21832644677919566,1.0356546607972472,0,test
1.5688249522904485,-0.9814994675289741,-1.713672842146084,-2.0952946183526713,4.554959096320631,1.156299534425988,-0.12607146954756085,3.1047592381211175,-2.643139104666902,-1.2837662646244385,-1.8653749668421524,-0.622759544253622,0,test
3.812676500479653,-2.7372621521570295,1.224829993620384,2.1501226876205894,-0.10956765758798337,-2.7093010122331123,0.0026622393020477074,-2.300954445147946,-2.3306642215291844,1.8680820709256172,0.5994588439619506,0.3960488157753428,0,test
-1.2960451347679576,3.067378941445333,5.210948011279003,5.065103792451541,-3.137608016226144,-4.4325592260835585,0.05245510661191208,-4.2973178922326625,-1.9758238651973064,-0.6382896476293242,-0.31889752213162836,-1.4282720265673878,1,test
4.228092778723608,-4.589499529966411,-3.6353831243399064,-1.5378833736006883,1.0632512957156086,2.179443288198316,-0.2910621438716612,1.3823475896825546,-4.44926951244764,0.6623954019311689,-0.511196370076771,-5.816055591131963,0,test
-3.1493049915625697,-1.3574648613129265,1.3265406247619933,6.083278021676673,-1.7123594553035004,2.3022758589140606,-0.7318766869438372,0.7253935665865665,2.550715175862474,-0.07914877066813682,0.30013295791565553,1.3473379554128682,1,test
-4.273928782142879,2.9354287530076784,0.7207451105293285,1.3051190182748065,1.2325219006922348,-0.001470918762207507,1.629525388116842,-1.9161387142241415,-1.4202930802697509,0.7465873366277319,-3.8629320197472037,-1.159289351966147,1,test
-0.8203948298263914,1.427000962001883,2.5365623321498245,0.8492922035964843,-0.10328567233459696,-0.975731392806412,2.138911351302759,0.2711453090203011,-3.195672884580616,3.0866001261103513,-3.3517597806221575,-0.6543950168124255,1,test
-4.0792901533036385,0.5379891889781363,-0.49199239787284776,2.123627817035842,-2.908647918874603,-2.236656104611009,1.1169394538519577,-2.1715515053629337,-1.6819470591861534,-0.1691559940339984,-1.4741653683455143,-3.2494183742370737,1,test
3.869469943230377,0.8881512997248411,3.220632349022324,0.27985962630936556,-0.44936608289982605,-4.559648115296668,2.391611496528102,-0.08600234243859584,-1.9744123442865822,-2.189415470416316,1.1575746309174342,1.472496496217307,0,test
-2.427609792730631,-0.28360639308567603,0.5540923005889848,0.6569594637140004,4.899281071113763,0.48461701031275384,-0.14349253504082057,-2.1757688310733236,1.4092453407831091,-1.1262020112547582,4.409032569972559,4.165355803309767,0,test
3.0085282767678656,-2.7488737953206304,-2.899029241009898,-3.508180246571921,0.7593166822466122,2.20074322241602,0.1151744444314058,1.903531110405346,-1.5420010795375232,-0.32425865602875203,-5.5082658819953885,-2.904457764522132,0,test
1.7901601320974767,-4.7126627780482755,2.0740091087869237,3.2559575982708093,-1.3671743779661636,-4.3310309983695525,0.4573615673143261,-3.33894522123045,-3.2006403820520273,1.3997198636696646,2.0777614882369586,1.518194208175545,0,test
1.588845262285483,-0.26314323229366887,2.245297152463074,2.377971388082978,3.830528919933441,-0.7021333121565108,-1.6048301551455277,-2.7644236491860465,-1.4109785912006156,0.7580662874673125,3.434733906620856,2.0230593553108895,0,test
-2.6129133095856347,3.705483008997021,2.5746886143696672,1.0682182536559797,-4.06405270332532,-4.138997881462126,0.4619256526700617,-3.795451327521748,-1.433868272000093,-0.6095167124188421,-1.5764990023365268,-4.900455637347365,1,test
1.5116630774099977,-3.1481064482236523,3.4016293155704282,2.830234657129636,-0.13133517957874963,-4.395533009088122,1.2473632480649526,-0.1360777225509029,-3.955592195560477,-3.6631485169597693,2.7352859733394204,1.0764032443112084,0,test
-2.7285328379569105,2.3081898524670343,3.1593381412252586,3.3489403615783497,-4.725976437887852,-2.497271525949593,0.4996235371227654,-3.1380980359620985,-3.266793015178075,1.5391310153159592,-1.1306105983886683,-2.797317785100749,1,test
-0.13058606853274313,0.1835922757339561,-3.0123670547986445,-1.6650921304669484,2.6619258723703805,-1.1428344586324295,-1.3581025775556241,4.862868402729422,1.40498140024686,0.07003860472166562,-2.0464913386356582,1.1970786059283127,0,test
-0.7854890945438675,3.1302067973551604,0.5952563552962236,4.06453126851393,-1.0916579086357778,-4.888489796127599,0.10861995125316183,-1.80387408679744,-2.097748851901021,-0.4164956223743072,-2.521493475349233,0.17167137466504778,1,test
0.5931883343669511,-4.43028471722349,3.235156283018271,2.3752271723092475,0.31719151965429804,-4.705717404812315,-1.4174193821782772,-1.7969201325737723,-3.0710564053438185,-1.0738250166798093,2.5624145538464216,3.4750280261014828,0,test
-3.2640567641198848,2.9046139721899413,2.4883980426121544,2.7534059815763188,-2.6823429095938303,-2.2091354094230473,1.5905683753058646,1.726748452640828,2.2406086853840264,0.5708817120345926,1.117904692122696,2.237320795093464,1,test
-1.1152300766379286,0.13594800734349732,1.8352894937688906,2.183323084298167,-3.393809746578476,0.8775389010259711,0.2623472328240383,-1.2943731110008536,-0.6272374386457462,0.9644916506474,-5.092178381713291,-3.3262256445412417,1,test
3.695018000724429,-2.725768139658001,-2.6490038229778903,0.7613418092837438,1.7953718275191801,-0.7243051101073292,0.0894746097594798,3.300538764182499,1.5597198645533066,-0.2871301196558611,-0.09839146065170112,-0.5818380515880692,0,test
2.465726286883007,-3.1203937630174368,-0.24371431020841472,0.7291337264612139,-0.14701910787542571,-2.838515051155904,-1.0434824871944555,-3.5631545791599417,-0.5335770851577826,0.6636022810886112,-0.3147192978614113,1.2905623517249487,0,test
-4.524860551809607,0.7670366009465639,0.22345345679031614,4.092592856216305,-0.25566895531922373,0.28228261853175196,-0.733779656059396,3.506213477575791,3.1047041169131284,-0.9209450133210394,0.7420212156519987,2.203287459883812,1,test
0.9068637898157186,-3.0612884385857404,-5.640171181592537,0.6409080239188008,3.0599585961847033,0.7375168279651085,-1.0663763690643988,5.7690384564692625,-2.252404912482068,-0.528190675992636,-1.4368053152370663,-0.3493423173248478,0,test
-2.2546469859461693,-0.4153075264677861,0.2772549556031425,-2.0288744623531914,-1.4135665660900099,1.6765523104571223,0.06884202917196199,0.7923448339491905,-2.6333273416074023,-0.5275765518262225,-4.193739645564119,-4.297808966360982,1,test
-2.576737480175236,3.860148353107932,-0.37149543374206084,1.044488200379983,-2.191437987763196,-2.814899638321557,-0.5006043805678515,2.7026014272210928,4.243591718706304,-0.8739875448911893,1.7899169667660084,1.8763143276535843,1,test
3.0565941925873323,-0.668402456474299,2.389558452468822,2.7222528043056733,1.4904220140725357,-3.15240713108901,1.5433447871599588,-2.29890928106801,-2.791642885090882,0.10173126013922294,2.4828817401531937,0.42035118988096554,0,test
-4.293727014942132,3.178308422344408,1.4865822612786812,1.9292402414974115,-0.12761205991525149,-3.4461749188757915,-1.0741852617629435,2.938085521804532,2.2528617473574157,0.6627309445780705,1.5169408901062824,0.8294041213188337,1,test
3.837609179081755,0.5982807200252425,4.400893734363784,0.52488185927603,2.9887563418551393,0.0422776869836623,-0.1800738797451951,-2.774409237447992,-1.722196565162744,0.6056153759346395,3.4887691401691807,0.6995465290804281,0,test
-0.42572285066526083,0.1635898973427441,-0.9192514358091843,-5.656282387853232,1.925715233065303,0.9895119794949367,0.08875850396453681,4.416886659755392,-0.9336619357871765,0.6179187006760669,-2.4820419765264448,-3.1718652412377386,0,test
1.6374723098372974,-3.399745112752268,-5.080343075857927,0.4921541909368976,2.1351829319728646,3.4460765836438263,0.35218004027241023,2.583618441907016,-4.178490449227522,-2.306412475209085,-3.1577768033690914,-0.9332998658153626,0,test
-0.18067610146421842,-3.7663669266240856,2.4002180537352413,0.6418523746030251,2.9998536197013173,-4.428082137846477,-0.7037922988982672,-2.3763803787863926,-1.981796601724954,0.6388749578435076,2.2990824699009593,4.084475810436634,0,test
-1.47429393842886,5.814764027725257,3.062571431995721,0.07740336226044553,-2.8301879365722664,-1.9748380626475883,1.5612562331767326,-2.2810046081577786,-4.042469080017014,-1.6800461845518622,-2.9586485245388716,-2.72603539652274,1,test
-0.18964110749191843,3.2154081851976906,1.838039876906726,1.8996217658421017,-5.321411805715148,-4.060909140489734,0.156401093088105,-1.8509069626643166,-3.906693791073443,0.15058663015132845,-1.2016287798194858,-2.836118321064907,1,test
2.1873257898035288,-3.918546398474699,-0.6587260137553925,3.081868995597599,0.2813538520822476,-0.25815230172057224,-0.8145005880840223,-1.9487742257125917,-0.24848902020868646,-1.3248078782649477,1.1558945485284204,0.33287779240803506,0,test
-2.5831246744020646,1.8244993024516372,1.902886681280304,2.2800139478378183,-0.7988260043974416,-4.562897343094795,-0.9459752566329735,-2.466582880581814,-0.5280978005075487,0.19548088246109438,-2.4759701160082104,-2.546843700978204,1,test
-0.5331510136885282,2.17824323909864,1.009867085889781,0.12811091259432272,-2.969730718671749,-2.609612766074785,-0.5110695972587271,1.2132780550290123,3.564138677211524,0.41762518037540813,2.3927551077043954,3.8760300730584674,1,test
2.464584188747487,-1.8166941414958127,-2.0278223299747715,-3.23621305112814,0.8287661658646766,6.884039866666793,-0.1381060392670845,-0.49770551285141007,-6.657327332439625,-1.0552232219856685,-5.497006579786502,-5.517519767077484,0,test
3.535146159882318,-3.4128113473292814,0.7886848148808574,2.8247384766498143,-0.7089772937775383,-1.8790760609799948,0.8597022190449106,-4.2418888049507775,-2.000316168505317,0.8822295518055492,0.2148811790794174,0.06228771520887166,0,test
1.8788538257496676,-5.44497541262289,-6.152722070387421,-2.536791312803108,-0.08689277192988909,3.1900124388813627,-0.3634815196358145,1.6550124803949111,-3.6915557874663207,-1.9320567766782626,-6.4714063828239325,-2.162134142899576,0,test
-1.1648996007222017,0.8257321815988994,-0.08906503476867877,-1.6640606001412652,-3.2096462554293472,-1.573643860653596,0.37098368706513263,0.06522015687062455,-1.940708723173716,0.15909826828206894,-4.406790883906897,-5.386993924349742,1,test
-4.297463598495929,0.8266142086220993,-0.7370172941302768,3.2938394572310177,-4.0572510007094635,-0.029770597446477254,-0.0770957449918243,-2.7357656532242896,-0.16055470042538555,-1.8246909184812161,-5.451025025927834,-4.0313414914459855,1,test
-0.5999249501161217,4.27512710783655,1.848071921888388,3.5201683852351953,-2.2676770489061013,-1.9829477093889663,-1.0648586182690292,-1.8989534418867284,-3.705265477848891,-1.057304671515006,-1.433017083728111,0.7838916696434568,1,test
-1.761590633034809,-1.94543447667863,-4.35061231917102,-0.8505799654295958,2.013619950742207,-0.2774731371030015,0.4203647752631282,2.843969647073513,-1.7322524866509277,-0.9754060771285293,-3.5093819356657625,0.37655831366442305,0,test
-2.9080115181325894,1.2123696632175216,2.589641357904999,1.069865816555743,-1.006514962303534,-1.4537962206879063,-0.00969910243220886,0.819512498096171,3.817437470165946,-0.7118880948413325,0.42831838238285735,2.027231912307801,1,test
-1.4337393320388578,4.002541883851046,4.020033109088442,4.355952275246013,-4.590337124079179,-4.667389940352286,-1.5136108799912273,-2.5209313930692137,2.119229794491067,0.4837736687244248,1.7261096774245186,0.5364796473454361,1,test
1.346562662430903,-3.0235589594501806,1.1859183517398464,0.9405270548116094,4.548962843218899,-2.2325268276392234,0.5257129011116601,-2.28410318674841,-2.3994557404183534,0.05604863283232742,1.6145052810701723,3.0021653644582913,0,test
0.9549383727248582,-2.64685218640592,-4.276563970847579,-1.3392478648451873,1.923025739765206,2.380582041251123,0.6081109611146456,2.8144170221801774,-5.099838865521015,0.49601724874999253,-2.284981642823865,-3.6480772055079296,0,test
3.4822712794494395,-2.7145625472739097,-1.8757490424409635,-0.6348267880738481,2.0923096428874817,4.866990631852429,-0.1546983319868022,0.877079842557716,-3.126715645746523,0.9046431318940567,-1.045801365401821,-3.3294678205127273,0,test
1.2105787364307914,-4.531710489510575,-4.529675876925228,-2.9169728197834957,1.931640091813807,3.1651604108303655,-1.336462857310568,1.5646385417945463,-3.518191907098588,0.9095001461984122,-3.659450568290046,-1.6308338811664775,0,test
-4.165799004071526,2.249864748122583,2.150348573036931,1.677078930865821,-2.097663737828983,-3.157929632183855,-1.3769401822520084,-4.18203280118629,-0.3791456295323732,1.4890159361906086,-0.7028708362149862,-4.289782049682076,1,test
-1.925599789462649,1.6727236300707986,2.7226213784349267,2.742651413771703,-5.736546328150684,-4.604320114590662,0.07272881003147671,-3.319761338160217,-2.9308160734019406,-0.570739063618133,-0.4786530094236321,-4.631573272056064,1,test
-1.4555680526481591,-4.293611315005991,0.12488136189682386,-0.19208376050894982,5.255107317243372,-3.67734854405201,-0.6810805638718633,-4.234357420223767,-1.6691836240784221,-0.6432534674343208,1.8213653025900869,2.9306251411395414,0,test
0.6253528863619608,-6.3838638687088265,2.4379861648767474,3.4594925900167115,-0.07423494590176549,-4.932035918960793,-0.2239429151877133,-1.0923319029776473,-3.3689718396783657,3.4235420829403136,1.8043496374283738,4.69684800702138,0,test
0.28633668077620733,2.0330690406201626,2.4765411244242475,3.189522550099502,-6.185958786761336,-4.67818419592847,-0.7745014710936933,-1.6987350730893103,-2.812237342409399,0.4063994849403837,-2.649764490307901,-3.044690646776133,1,test
-4.312254321882124,5.898218453868451,5.1380494766135385,2.8415110421005645,-2.9561325371708724,-2.783768882575354,1.563001358039137,-6.586722405878147,-1.3930831169409448,1.8801753175364306,0.5077209736432007,-3.339002924355256,1,test
-3.325094037199899,5.448178403508262,1.0858227718186602,-0.2319758839867312,-0.5513420147728576,1.3676287734615977,-1.0226652716448006,-2.7562779246896185,-2.1321126559971306,-0.6172815884008321,-4.040066252389247,-2.5576861248376366,1,test
2.380970633559717,-2.0964123349865136,-2.175737546826986,-2.9785425621411967,2.2512236752858406,3.85433177215236,-0.2834737359534269,3.460189458622724,-3.351635938440408,0.20508188580274983,-2.7570304145690416,-3.880730046366203,0,test
2.1092267041252115,-2.9797235418487835,1.5483820947067615,1.7822968303027178,1.1146714638439108,-1.8918572219683054,-1.0398871414610285,-0.7321820238798351,-2.7087867869298816,0.05003186723899198,1.0203281201441978,2.1331725708915292,0,test
-2.3217323860590957,3.106548935596913,4.378828401630226,5.328246780157541,-4.838016961229709,-3.801901410917279,1.229136433839187,-5.434317494924491,-0.630636046096678,0.6068091155643547,-1.2604570236016666,-3.1268223642421256,1,test
-2.492326604008142,2.386094581490449,2.7895458341814217,2.438941310542292,-5.510812985104228,-4.453996108387654,-0.1303802122636697,-4.138260756400508,-0.8379759606240196,0.26140212535632834,-1.729490258280687,-5.375439197658974,1,test
1.9656873340112795,-2.4804635774679844,-1.4739017129684089,-4.269279567643103,2.8391142352969836,3.232414824000805,-0.4724934826093184,1.2018742739031065,-4.0593413724453224,-0.28852849107174,-1.7702868484686807,-4.104119651705357,0,test
2.937355174187858,-0.011288459876704682,1.3201516710297283,3.8101899669949315,0.4127166796850765,-1.8235121553516371,-1.39652671468041,0.1093632548374961,0.09011916132254161,0.17556361251817737,2.695929747211561,2.2331718308721733,0,test
0.42370655504118715,1.392884661333452,3.6745269020845495,-0.11277375428405767,5.752202730227509,-1.8660417691771374,-0.5959501894739345,-0.7475543582999837,-0.12844435853631264,0.9501283843500918,5.416546488650356,4.424504930505334,0,test
-3.4736609496318023,-0.8184550116283984,1.1222700362723683,5.20876611789803,1.2741417045645629,0.01729366593772852,0.009165669154369291,4.571537851178881,-0.06268370031220227,0.35635022926510856,1.724327205782667,1.888345610440103,1,test
3.4436715411790457,0.547223986384576,1.582289695355162,-0.2229569646797076,3.129515333807963,-1.731264929930596,-1.8521407509942878,-3.4380580389183812,-0.039642806017161636,-0.1504075515151321,1.2093935175783574,1.2175016441412008,0,test
3.4475739394561664,-4.0949895903946585,4.019558138559745,3.049444710628576,3.001419335884769,-3.351809018132073,-0.15543863590353388,2.8434637640029274,-6.462904282501678,0.4510982847245996,0.9287939010316357,1.1599487332274123,0,test
2.0652745897085745,-1.8658862352701004,-1.573289339261215,-0.7132365352098147,0.7413151308131538,2.0615887127161625,0.019174040482525894,-0.7988770968202581,-1.8416022433862578,-0.4211545027090713,-0.6434411958234016,-2.6123599680677536,0,test
-0.05028506066628946,-2.186867556198789,-3.9218417907897587,0.8432465477366167,0.2709531336714104,-1.1772129034672125,0.732434028843848,2.5904290862521218,-1.0134242825589161,0.568791151869976,-0.9500023028740594,-0.9998036372064083,0,test
-2.5853211765306554,1.2469780794553624,1.6676957558676544,4.291284306163415,-1.5625961114841682,-5.043888698867084,-0.4235611290984065,-3.5587577661807663,-0.0730492548936863,0.14876204683549077,-1.4429209793937359,-2.299233655855815,1,test
2.6269092469351882,-3.02663423806536,-2.286997995480168,-3.2676575114301767,4.674552069727829,2.8821488966635207,0.8541621926714424,2.9868877512952845,-2.0942216722150655,0.8002223180669417,-1.581615941907221,-0.9710267918457316,0,test
-1.3881549283636407,1.270365441764973,0.5944627778698481,-3.1976597247901593,5.688642008006179,3.1724646885383896,0.11484910975885076,6.237150570164787,-3.270596434437813,0.18477492612450092,-1.150748560587233,-0.7819618005555642,0,test
3.9914397215836996,-3.374929799117516,-2.1956381027330245,-0.5898100929472638,1.1403568102491441,1.3357455960452778,0.49627202948616295,0.7887572582710789,-2.0323971061029162,2.158499715017772,1.0703028642373074,-3.564152658575984,0,test
-1.260094913493937,1.412152749158409,2.097177561617399,1.9149328336989728,-4.466413048723133,-2.495978669479886,0.05093631719387652,-1.706244848968899,-3.0098003286662847,0.7223444903575255,-1.5402655236449476,-3.2635625741774756,1,test
-0.5090159003431027,-0.21562864879338317,3.246128394784816,6.699036398127087,-2.896423733644614,-0.20938893518437185,-0.5074290704061719,2.600621759087986,-0.04328864704538926,-0.443883838585223,3.366068491580836,2.018482441567298,1,test
-1.7726569939221282,2.9472896230616397,1.8878024984275756,1.8777378125531468,-2.1346791526288897,-0.8118142765139722,0.513484607875836,4.6144114895069155,3.019826338293491,-0.8821953097035883,2.2625723309722763,3.59324849670731,1,test
-1.3003043597056398,2.389537603578722,2.584200077606866,-0.15128469724119942,-3.0584058504983793,-0.9621339827842623,0.08635628132809776,-1.3929259392904978,-3.0510942542688713,-1.0547446487486076,-1.8392993713567345,-3.3966767762453918,1,test
-1.0342620029028327,1.0870872986391882,2.895827758255392,2.87439723291524,-3.104295128343453,-1.9042895881910678,-2.7127194794023253,-0.7459896467260259,-2.7624271304572634,-2.6783526085480847,-4.924868805513972,-1.916299463805927,1,test
1.0809199023924991,-2.2485003674212014,-2.743868260587965,2.8511189493498277,3.008716022637725,3.403849905780662,2.362837926828556,1.4401347833401674,-5.171024611618221,-1.0455362512560225,-1.0931571212274114,-0.2874967940244948,0,test
-3.2963565043443097,4.303430485531919,2.9745483500860583,2.337880679324575,-2.5544944543652455,-0.7768984656740978,0.35377251880579447,-3.971290760233913,-1.2954023862254458,-1.1577110952209961,-3.0723773699851464,-2.754216968327847,1,test
0.24662063497697528,-0.10796836249231712,-0.6232339088323786,-4.825271549712484,0.3884127759215932,-0.24591096835499782,2.3617279225180474,5.021002907706549,-1.3689386068705718,0.04900846237066077,-2.0843255743557436,-4.74608758326014,0,test
1.987198069610792,-2.5567595038929842,-0.961324483363261,-3.4478468149070993,1.7560617036721653,1.7277175583430833,-1.0097035769793412,1.9214268646346038,-1.1911019777518677,-1.6906884085691936,-2.436675028924782,-1.5318490498684065,0,test
2.834685211958095,-2.215188326302522,-1.702780038417977,-3.3602259895011137,0.6616952658838222,3.603114945348599,-0.9030267093986736,0.18057861675351505,-2.9176241835468923,-0.2079650001416869,-4.271090092638682,-3.456445736464368,0,test
4.869238249113577,1.2821863251692447,1.1122493179845079,-1.596288960976238,3.0113912627426105,0.07232823868900873,0.8744788868586505,-5.08642843151296,0.24408111754797668,-0.24251358131399028,-0.10381251922745083,-0.1431276349878532,0,test
-0.8791724955094511,3.7182937376684153,3.2767512257508122,5.021423362650259,-0.07656994773207337,-2.6109557444581535,-0.738357341327527,-2.6030532537407884,-0.6920492324939704,-1.7442227831961632,-3.749148540204276,1.2085575711748202,1,test
3.7835530695151935,-3.4073558559976416,0.8045669142666365,2.8719256048880095,3.7312579684530087,-1.375242357888217,0.07559440184816761,-2.8541109493387444,-2.8708423498673454,1.0757902533967219,0.33896561103706846,1.6520223986666256,0,test
0.5448155600319937,-0.8831684679366933,1.845733304761074,-0.13542024762390747,4.3791110089265075,-2.599680988655526,-0.24607477479432233,-3.1648394333796723,-0.4739785002103414,-0.07010138520070633,2.284480549280113,5.158372537626242,0,test
2.0598811099947274,-2.3100742534061047,-1.5816879220925881,-5.2993375191196055,-0.2602683525306637,3.172996679390894,0.5440403469479598,0.8863717752127644,-2.6930018723488525,0.8555450234643358,-5.72714536915401,-3.463327116850767,0,test
-4.099362152991912,0.6868628833098793,0.41836349484559965,3.1893685668975564,0.7406453182985318,-0.6969421792994721,0.7635858247164209,-0.9639202524511084,-2.4532366347393513,-0.6113196417111271,-3.7259012326307586,-0.11398209075400834,1,test
-3.3791550766409095,3.924303817258832,2.475360819437133,-0.45868413384138096,-2.738008715395197,-3.2618490296770535,-0.09079977225002385,2.7998583845471297,1.0662927550743002,0.19813686303476247,3.452567914574632,0.5567244588506992,1,test
0.03989301450246785,-1.0091987792427135,-0.954800462293107,-4.545808061092789,1.9630810412604291,1.5489890898419398,1.5142491739733286,0.8748556209227745,-2.3463862521199252,-0.13881176389307084,-2.028434872162042,-2.2084999188383403,0,test
0.2584154206130651,-1.2043387629116005,1.5234199656831162,-1.9365415732100377,1.860045230386461,-4.234625521105642,1.4285382935285422,-2.3691184118982105,0.2502420694235399,-0.04272950640655287,1.4370470319202027,3.4892139239698663,0,test
2.697446957983728,-0.40839467746183744,0.03650290532072198,-4.101123053672265,3.032126835848414,5.4663412532464495,-0.07448819770895788,1.7850009808035763,-3.05178435897296,-0.057709153031609804,-3.0441581026816085,-3.7797600669769027,0,test
3.58315996345764,-3.326531366701822,-3.7969560906837363,-1.7457258027794686,1.605430693319737,1.1142963026801944,-0.07069224896124496,2.466974592491383,-0.6780394005412442,1.2815322043398027,-2.5511968264683094,-1.8386532397438349,0,test
3.2819977867909946,-4.320939946886414,-4.390318446266049,-2.4239342505345376,2.2359744721608767,2.9620158242745624,-2.8679584939832217,0.5052410908921239,-3.27589154894265,1.3750467830571498,-3.9309700510355876,-1.50656378747012,0,test
1.1019974217056536,-2.0469718674916373,1.1601333742095319,5.36037493870165,1.6895382099703782,-2.195996231419103,-0.14030814533216243,-2.0509581098846628,-2.3841918822872556,0.7449110501275574,3.3382654378606844,4.210712541401692,0,test
-0.29389030060483434,3.73094375264745,4.092391420433828,1.2273495893150363,-2.9658111992386984,-2.622361779333374,0.9654277211905937,-2.1582472542213873,-2.6395847665694196,-2.426875108970275,-2.3100278001548853,-2.6539119707861563,1,test
-5.818156005667685,0.15685065815807642,5.764074956283231,3.7044458554054334,-4.297301969626702,-1.3732335411771763,-1.1604640000307485,7.638085181079682,1.581901267354303,0.7434130668986862,-0.7360986184376292,5.766207527190785,1,test
-7.448619167348194,4.745710825158751,2.656681747439301,2.674177718650962,-1.643989636354907,-3.022968077146106,1.3362751940020674,7.879866600542642,-0.5444443331854822,-0.4556663962519359,1.7516983591853494,1.4437120593795028,1,test
-2.4527217008881745,1.228652501242946,3.8604329449107526,1.4784021717862146,-1.1309840324060803,-1.7853076889571218,1.0996914375855027,-2.7259682103768053,-1.005545284064934,-0.10011527300184432,-1.9002636951371805,-3.391912848404348,1,test
3.3899195179727526,-1.2519007656741445,0.7354798016157829,-5.580500274570456,1.5125509068726293,3.014447098240857,-0.3961866806647579,2.700393653334269,-1.3761323305696211,1.0346656911157768,-5.762605131574112,-3.5716708795096386,0,test
-2.6235132106506582,-0.4234962730513745,-0.7087804862777043,0.9752013727193158,-1.278900742841602,0.3118819232930128,-1.093030421907559,0.9251130176741813,-3.610857650287463,0.4144821125638177,-3.9823230393752667,-1.4725345983158706,1,test
0.5023508315514662,1.4192505779119882,0.9719538153480662,8.094791504343714,-4.348216322555201,3.05707830095212,0.13369022665121275,2.378341185676523,1.0357829875639553,-0.9395989998721945,2.929212347828558,1.3943979504074262,1,test
1.3781161338769405,-5.759399506891901,1.9341167899128382,2.2969784118398233,1.4553260328430746,-5.313636912766684,0.05339868739064243,-1.000265212730778,-5.033672267973035,1.345098675492065,-0.38666631103275595,4.0396308592461025,0,test
1.4899701709621374,-0.1449770977000555,-0.2115484114601105,1.2515005671636028,3.1533038925381076,-0.543972650712379,0.17323500297936373,-6.054092649797623,1.8470047132236296,-0.4100351467054673,2.249923926829905,2.902972622059668,0,test
1.971250844695712,-2.218567735775738,1.531605052723126,1.6284976446695179,3.138456166824012,-0.3767223358015863,0.3299401119621958,-4.190019980016342,0.45850618996906833,-2.0050819043665435,2.9040429960986893,2.361798302779195,0,test
-3.5058615220756435,2.3611170459738378,5.636396822742805,4.959601474375345,-5.837211274643927,-1.3818077222235203,-0.21530840908287274,3.2345164666121704,-2.359647056730279,-0.2120362086830977,4.379183246815331,-1.4033986659320417,1,test
3.055903502957542,-4.815947714942052,-4.88921587168651,-0.40191311395308027,0.6097280664645046,-1.2997439038547332,-0.8933388897146282,1.6283462387896364,0.09530530337203924,0.29823200374188547,-0.7549868754667761,-1.2375286661335418,0,test
-1.2607909107493165,6.33292689252248,5.355939102241771,3.0870227527582066,-2.7748833447796897,-1.8205667786854887,-1.2225896295108543,-3.9754417786518785,-4.876000851690458,1.5747719902233406,0.8039300044727153,0.014062806556293772,1,test
-3.5361733952400067,4.9233493682326674,2.6823658499274803,0.9138513454706958,0.37160245550784987,1.737567955546199,-1.0398949242184912,-2.5993030524786787,-2.3993278979059927,0.7194242905728634,-3.682292234638152,-0.9016959213356914,1,test
-2.0491651114535134,0.5950626579491489,4.264265250317111,5.288060833948605,-4.938213115833291,-9.535258083679658,0.2697310509890244,-3.942022606878204,-2.0710205760646185,-0.5978755910512561,1.54182556465965,-3.2775102957401563,1,test
-6.925857955754075,2.7226518533220627,4.335765986501361,-0.8668312920770904,-2.2317701170367252,-3.699605067150384,0.5972210556713733,3.084847075415718,2.9509486307341675,-1.9550661194679957,-0.3866162705481453,3.1108687682918537,1,test
5.157713341964823,-2.1096596312960063,-1.6126447949461347,0.2871486208884124,5.154264762068802,2.356758383142573,-0.6026084025052367,3.7650629426796938,-0.2582971776586247,-0.5126406589328103,0.6167768221320782,0.1448573805097082,0,test
2.8488560356447294,-0.5562674828732945,2.3760314452415585,1.011210231911986,3.490022412183782,-1.3090482603476299,-0.5526428038779558,-0.030461423098334883,-2.202278772884345,0.6279151656409233,2.035509978314463,0.8965628682821924,0,test
0.8187030352614726,0.27229648860182376,4.486153971469234,-0.06499538461266274,3.5215735531971433,-4.1900135125745575,0.33952928378598246,2.377650129305893,-3.3394341124597915,-0.07155616354631364,2.541795482430715,3.874708704706891,0,test
1.8353632315515362,3.0871362413797643,1.8406796312457825,-2.2003251598528877,-2.1744881892730956,-7.21047760659895,-0.04747422380573913,-1.8546864197973303,4.5916525947848825,0.7652608868382494,3.419965860663205,3.621795718400599,1,test
-2.7372315663902755,2.091166793288579,4.025657742475609,2.2065941682565136,-5.796699194430314,-1.3767536807468423,-1.3802258688463418,-3.2433960889220357,-2.6946146638218007,1.4145194976150857,-2.054714815559444,-4.329311063952494,1,test
-3.28809438989883,1.9551370170746685,5.261850549663667,1.8776031583368638,-0.8108154903825167,-2.6128775798302457,0.3735547744221058,4.8046944295711596,1.8257614265335853,-0.3353057669030366,1.690517949887302,3.1250616044716537,1,test
2.3402092868294817,-3.4234277414809657,-2.274538316499097,-4.198627780841621,1.032930458503399,1.1899220071149634,0.5433996745120501,1.796651097306081,-0.5955980703341162,0.3308285714942642,-4.376467942480826,-1.7529220627516666,0,test
-3.126506861046792,2.0144802560520696,1.200216211794417,2.8820547867250386,-1.6119027207220116,-3.607353994242431,1.2960716655587567,-2.5894325337305757,-1.5378069933489271,-1.0358873689721373,-1.9294994487473993,-2.0037806995313954,1,test
3.382119166385225,-2.311796192365467,2.1676568223862183,2.2158680525499954,-0.40333645126900564,-5.228720161931517,-0.21064900056221567,-1.5376109526928858,-2.67053634059337,0.2134400593568262,-0.21273644986365525,2.1331598052073177,0,test
-1.4279321776289924,6.637237090703413,3.3413577675623407,0.46784110309630944,-5.072488343034734,-0.6883447961422426,1.5647848564005844,-4.506017445319797,-3.312044616226095,-1.3325753225453396,0.31731743770317244,-3.664282852703739,1,test
-4.243794288584635,1.5127671220913215,3.1491717747163577,2.8128159960393644,-2.903866809423597,0.5795698855446929,-0.7308494906930884,-3.220063143303239,-2.2222202570803113,0.14813511580495495,-2.541853325408231,-2.785565869518591,1,test
-0.47170519391875443,-4.836772226879264,1.510649868480102,0.3454483972662026,3.9879825658724033,-3.5859428016120707,0.10325677190384312,-4.183040611735634,-1.1778757832138143,-0.8747396847012521,1.7163549660126567,6.936016969037166,0,test
0.7638942404288045,-0.361707625504333,0.5675382688124211,-4.4453062668515635,3.5069071160081116,1.9222709408257759,1.5580230292918276,3.469388078446812,-0.5543584728202866,-0.7957337524580379,0.4064662851690728,-2.9055626013890117,0,test
-0.036693798049384885,1.454829208131589,1.759132748924537,1.7838677966502368,-1.488205481862602,-2.6779037674144055,-0.08709454616043685,-1.278685253146091,3.870717080837257,0.7492053050174404,1.7275586121683633,2.7445238465025827,1,test
5.077661199625133,-1.3965035852422716,-0.43919545673102856,-1.5319176527551137,4.463543264309482,3.153489900451534,1.7414192132616948,3.217458079673304,-1.5427620915439322,1.2096677364498638,-0.42662955073957254,-2.301008583631292,0,test
5.109069876446538,-1.8290982156279851,0.3324192481374748,-3.080603182207297,4.3146768466117065,3.96491162879813,1.8455424243263256,3.403498264543437,1.2769266210560235,0.8769784799265393,-1.6104246265074509,-0.6191699569211451,0,test
-1.003686161089752,1.1596477869943311,2.887163153780844,4.558141781296442,-1.0377258209741365,-3.9213550738150973,-0.4352480484771775,-1.3713019803898074,-4.334394502308339,-0.6839856768430355,0.6400685362022309,1.180993776144371,1,test
-0.37605467354211086,4.161129273754984,0.8375939058679114,4.392601230560699,-3.651200674723613,-0.9982930346425902,-2.616565979942853,2.0888055737617734,2.5302247304709597,0.2531600336404464,2.779908595457588,2.1136312266445376,1,test
4.865901400533567,-1.4519561585184846,-0.07578342917271375,-0.4952050882087278,0.2828413915781878,-0.7127533978976262,0.7054248147971391,-4.066600848117744,-0.6556807496643937,0.9493686287186565,-1.7634446557554817,-2.427194741786166,0,test
-5.6576114150918055,3.164592738728831,1.0340371821821956,0.7248372586240064,0.20207582576714334,-3.8550661046051014,0.821895319502145,2.684038760462899,3.6194481635897358,-0.12907445070563955,0.9520808247277515,1.2407815458222946,1,test
-4.9321586389391925,3.338613192244543,3.3480676545465577,3.8328908425906905,-6.805492658311244,-4.700591532508408,0.17173986484557677,-6.985163564082363,1.2183410856320283,0.3205888694907847,-2.408537863483224,-7.155561993974903,1,test
1.5855764152869414,-2.0773880100683924,-3.404868775285983,-1.1424412390022645,3.6886055069176464,-1.621313217786632,0.7459537477974766,6.108123708705828,0.08482234666568722,-0.46276979516225125,-1.7864891139816994,0.4136080341199193,0,test
2.997193916701643,-0.10270261096546252,1.4298605298685603,-1.7320443549854463,0.35928778020253804,4.121086115936905,-1.1183747462128169,-0.3614890121431422,-2.5507760671514035,0.31621248979625394,-2.169928175837601,-4.371392954565058,0,test
-4.821016156046092,2.1561355871252106,0.9333922399325574,-0.18803092875295802,-0.29249770376429707,-2.4969001676570657,0.4324187200302313,3.1426200382094396,2.637151788356257,-1.4264283160262197,1.084286626597463,1.404341467399378,1,test
3.703716963485898,-3.3576860227483794,-2.6487460410688066,1.249766786540616,0.12484251349965181,0.04508442093899312,1.1817308545076952,-0.16461330017715703,-2.9792350003373373,-1.1951774513693894,0.604940417431469,-4.114022209027969,0,test
2.4231978176503786,-2.207996397072475,-2.4551861680326077,-2.7171484577403717,0.10294970351676058,0.1421717934334641,0.6984304428425967,1.8044527085382895,-1.5518783521956392,0.7994136259873257,-2.062611663556412,-4.308176188918716,0,test
1.260497859176755,-4.286176867548652,-5.797505902983566,-0.08957241653370396,-1.215586687151307,0.1724866298894394,0.7891224797181114,-0.27446110429939763,-3.569202985098079,-0.7374915684183704,-2.251954020040392,-2.6872278767074476,0,test
-1.8270707093738743,-1.037482333002444,2.4103508399947655,-0.19577032950318163,-1.8562753435227135,-1.2136841451687483,-0.33013535252949455,-0.7294668602963399,2.3462050663766627,0.21101180496539393,2.344779187542696,1.859018122410306,1,test
3.5667665426632906,0.2948181604296267,2.2614552771281273,-0.005904624197925923,3.264568230394521,-1.2477786671195956,-1.3254783588587413,-2.3697618737687467,-0.9319459338838716,1.9571691781215366,1.575810832359728,0.7779727701484294,0,test
-2.99558830733364,2.3197053239241123,1.2604557828439182,1.7953031184056343,-4.313755579518141,-2.560437965247002,0.08962046812277724,1.3749717239857884,2.2914383239187397,-0.4816596064725815,1.844202135961389,2.413772086560067,1,test
-0.39819057026264626,-2.6184207240982396,-0.18990887652066935,2.1956317214900296,2.384738617447085,-0.3941565774214837,-1.605353564554097,-1.2250031052624122,4.401859824601862,-0.6936444462457755,1.1954278812617993,2.818905055855167,1,test
4.7275084381199575,-6.967246997126392,-7.443200691465849,-0.6167246540607141,-0.5028255248356235,1.6076657160616592,-0.7905140257783548,-0.9770114298513959,-4.21816643297414,1.021253846928982,-5.2408440706130435,-2.4700394088611515,0,test
-1.6080641374613247,3.24947938184524,2.257652332141108,2.000908800247571,-2.8536077935439037,-2.6273718757641515,-0.507341075035623,-2.421996633893509,-3.023836731301741,-0.724904607570513,-1.4800113084255222,-2.175030138437592,1,test
5.505338377691188,-1.535033475027316,1.9450654297490475,-4.46872160535167,3.0604052269845665,3.9434320799931664,0.4087732748423424,1.2392652322390978,-0.1724847038890931,-0.41901446650810303,-1.6184078763676557,-2.8989360477736383,0,test
-0.3109519470965554,-0.6089802352722997,2.4612327500034623,3.096544598994229,-1.511041569427392,-0.04238606292274616,-1.7255062227721838,-0.8455462563405649,2.4379847819803278,1.7124992289537606,2.530501152271361,1.1081016538544315,1,test
-3.2795352604394905,3.9184576667654696,1.787209797143548,-1.1496490359861538,-3.656988372569802,-0.8131404473321409,-1.7043817984335041,-3.0715490917425656,-2.5274479217989443,1.7260214433032801,-1.467284057890452,-5.2383907921102875,1,test
2.6957651581199853,-4.422150416238258,-3.0685323714970147,-2.5601257691249284,1.8557695816607807,-0.3530682396977447,-1.0232440915823522,2.7377162524976173,-1.061931486159533,0.4246174083707045,-0.5484133467867651,-2.875325955291067,0,test
-2.3494067416640645,3.194418003074789,3.955750283638775,2.0394864115227405,-2.821249122929924,-3.754466878206006,0.12744267383638205,-3.939487533183062,-1.2655686121760934,0.8857762531725963,-0.9118416076701108,-3.6148515292685968,1,test
-3.3284277987234585,0.06780053950028364,1.1833088477341005,-4.117341407539002,-0.4488230121724861,-3.585435607555107,1.0306782415992723,2.406181279954951,5.641303354626899,0.013560979337464297,0.726495099233301,4.638579504164981,1,test
-0.5819662456786607,4.086379133072358,2.77560870549089,1.7818763337309067,-3.446068119735429,-3.216442603110245,-0.7277613969103554,-2.888851687060153,-2.4007646797813105,0.3954382888477985,-1.1900947561077864,-2.6066134696162697,1,test
2.9736982020219282,-1.4644387647604964,-0.8235469593331948,0.6976940592805834,2.784677629130802,3.212666650524551,0.24682812388283304,0.5845775736669709,-2.6372859413724425,-0.7350869336160778,0.4008970404457841,-1.8746592733006346,0,test
2.3380949338383634,0.01578428084505923,1.3670256029291883,-4.962866968476511,4.009579965227817,3.7202743351516516,0.8520027667967914,5.062621424414976,-0.1332397027760992,-1.8522502536268366,-2.7848143569511445,-1.330967974158206,0,test
4.211394064578487,-1.744466739263353,2.267928549929398,3.319451896725468,0.848237432238967,-0.41598018807216697,0.47870725867823183,-2.000840439711988,-3.857758991098528,0.3517646226327558,1.741312420023246,-1.7318926529407168,0,test
-2.0018105286462125,5.13017995209123,2.1624759230802275,1.7712308325073256,-2.9263337732365087,-1.6807066511246067,0.36046779119380973,-3.1315376778945803,-5.010266416320163,0.46924898697139633,1.4069580489450124,-0.893551261253714,1,test
1.0843116531523922,-0.6883158114376058,-2.325510940299119,-3.7468028666394755,1.6456369885337776,0.9380072297097675,0.25869945953693185,3.4173498071980206,-0.9710367208013819,-0.7198967138258011,-2.6156309267833735,-2.9894633419399534,0,test
-5.1986642682203,-0.1135410213967809,1.5893437451259782,2.6992500628906124,2.186406885910582,-0.5420866023590512,0.25555142365107303,-2.4699883867135646,2.4089587542381397,-0.11204830984342218,-7.166006206705473,-2.8802564945458213,1,test
3.7056159438024903,-3.2132857939258628,-3.135170250861181,-3.7346732705343424,2.762572364082228,3.1519127072212045,-0.3575435325215673,2.0188012318523247,-3.366753602900813,-0.4556709577452364,-4.543020384288049,-1.5647618197338211,0,test
-1.797706659541103,0.5625016367380395,0.45416139273452805,1.5896582314955665,-1.7733126233025391,-1.0421344241598767,0.20731873096513004,0.22646213604352905,-3.7432008182337917,-1.2827281994858557,-4.030496699810655,-1.6843056557418492,1,test
0.3639280924949184,-4.0764019253952695,-5.4987180068954755,-0.8079228653340738,4.086243061785791,-1.76269706898304,0.7220673389998506,6.6191562178667125,0.15776483681295828,0.3021326934584752,0.2681866935366237,1.4922434794334216,0,test
-3.743572687791226,2.40985335593543,3.105496747169326,1.4086916598615453,-4.13715059010085,-4.252506407305867,0.596194040147539,-5.053251819882766,1.3473256615502263,-0.9249517103524957,-2.689392018809655,-6.793419075197209,1,test
-0.5282146887088688,1.4947511799549926,2.9242891820744807,4.820183574394205,-4.943924290933236,-6.03200782634968,-0.07091676526405105,-2.3464037524053922,-3.0896106270593746,0.8354107971599702,-0.9520077247319776,-1.6779799874373371,1,test
-2.0736126034805835,2.338849925568739,0.8257402295298908,1.1943040966346508,-5.682278345588252,-2.129531203994655,0.024722092157264675,2.825566846826476,3.09627995723691,-0.3715071921207851,2.6428627507395244,4.303767798408132,1,test
-1.9380866963598429,4.180930575255325,4.089947403843278,1.6161006022773798,-2.6794228889380625,-2.4197571291777167,-0.0393286700822645,-3.5754500145951784,-2.1520027041531518,0.2567050085495814,-1.2901042085889038,-2.8677691668054845,1,test
-1.3147452322280537,3.6528567559843603,3.297263890548035,2.6044319473091626,-1.72523195991619,-2.091154624837103,0.06934306473111745,0.150630132226949,3.7174974819733966,-1.463111254422911,1.5527647560825015,0.3860414608551279,1,test
-5.87160863503898,1.3344733715540276,2.017246620565401,4.696518956341838,-2.0624532114961847,-1.6439734026989816,-0.2943878646261821,-4.5894470269065,-0.6935374115768069,0.5662086477269119,-1.722723995526694,-2.524491876230196,1,test
-3.465561549183029,0.8116607225978643,2.0591465438194128,4.044465713102168,-2.1437493417046323,-0.0638020976603344,-0.8349064132178605,5.143162634782893,1.5393316532469397,-0.33724281667873135,0.6229146539321064,4.947655510268906,1,test
-1.5433457871920087,3.5129366284160986,5.033976979949255,3.1699701658594663,-5.540492912890307,-2.766196890818909,-0.630812858277436,-4.771593231667225,-2.3129151526866725,2.3852234025629975,1.3445519672337771,-3.2146436040338155,1,test
1.2575550695181466,-1.5850563917373157,0.9395345157466841,1.1766129014255096,1.467143677993354,-2.9335177403225035,1.3671130768532638,-2.237625899089036,-0.62819476571467,0.41429514219351415,1.4142936864594375,4.718962480373367,0,test
2.8804800237239476,-2.472962285696076,2.1799767976875173,-0.14304527880933948,1.054399694690668,-2.2721847186612685,-0.4526932461779725,-4.698300337197386,-1.225104505002924,0.9865754999552552,0.5159784012867636,-0.11098222926379275,0,test
1.744611361043493,-3.395697482738975,-2.9439037856904218,-3.116317594146431,1.9057236468908008,4.431422379709987,-1.6710768329119587,0.9953295098428605,-5.559699567543234,0.2143109238468639,-2.6621611112090844,-4.695011448351713,0,test
-4.119689625658994,-0.22925854071899376,0.7396083859925362,2.1850752512539047,0.30059009757644173,-2.7234830433261275,0.9778332686073137,-2.0280641115424474,0.7000607696129646,2.127516407362254,-4.301236456289587,-3.248883235015904,1,test
3.597065699979953,-1.9291832271742244,-0.5059308054585043,-2.7854138660836765,2.1202255548608693,1.8539317172570324,-1.3579730493390505,0.8464041005366256,-0.6892312452260425,-0.28935748125544053,-0.6307327623922387,-3.0123759787587137,0,test
-1.3492461604311234,3.175829213563722,3.568958239757912,2.224605532862942,-1.5935619464098036,-2.7118064121567276,0.11309257992686195,-3.143104760063761,-1.4224951265577068,-0.31446060441529533,-1.2468867251623816,-2.0953712899298136,1,test
0.16948400326360913,-0.6664205560987673,-0.8879950760531736,-3.1775529197679533,1.9665577135600694,2.4391935753746288,0.30603452036625844,2.3800120275694288,-2.26243324297244,0.19291125481770816,-3.1113363531765668,-3.04175866848294,0,test
-4.843370545899998,1.5463590195672503,1.3144301269023082,-0.3440493769307853,0.30587857611299274,-2.782866221049689,0.04509420460722565,-2.6914541435247696,0.4306578934918539,-0.6625561058006965,-3.4263939713388227,-4.975079554627505,1,test
-1.902928922424683,2.8678529443059007,3.009345216040097,2.761681945690655,-0.22055525996802228,-3.7575931784879346,-0.12832457282507037,5.163960162618073,1.9760184608514546,0.765472668590836,2.433496342986784,2.628407635504217,1,test
0.5656023433484672,-3.430931398269048,3.0290525629882907,5.595990939454353,1.0869558565412374,-2.658379113886914,-0.4577301606910126,1.485222977610689,-2.649468405482564,3.2564446415090584,4.398431351009208,4.4904750226065095,0,test
-1.7752561671626457,1.423784502800937,-0.010882074695145239,1.8110962850148398,0.026066913282585702,-1.740797622552428,-0.22235547782605924,-1.0148740120363269,-0.14203874114066029,-0.995653324542216,-5.1572055483697135,-1.869255268861263,1,test
4.870228102846306,-1.9917972205377859,2.3498145842133575,4.273495140779952,1.1487505776803406,-0.1169628282199251,0.06986917138334493,-3.4934491208564182,-3.467843142245869,0.10193250549614137,2.1911573584878665,-0.8762223557080588,0,test
-5.926943644358878,0.9357863260955301,1.7362239081167399,1.5276751975879075,0.2193086472522947,-2.5689379814178976,1.0845437377749032,4.432861228906516,2.785983312725457,-0.3881531946387038,0.7001470695126033,2.2382821401489195,1,test
0.3807051206956795,-0.05745860139289505,4.197108304517401,6.9039498231367284,-3.0210663678086624,0.17710372701070032,-0.8917263908589743,-0.3987504690027004,2.1998104698197496,0.6472662118047081,2.252047301916029,2.008619887528724,1,test
-1.191669655241788,-1.774038054168885,1.1365739155084789,-1.0386887339896722,1.8922797091950216,-4.222993246240588,-0.5699791996118159,-4.386513602042761,1.3856999026353751,0.2706115322609719,2.080476816186912,6.7328620879262004,0,test
2.7308660494530836,-1.402127143062779,0.1801829156907475,-4.967041774435503,2.3512479299755205,4.038836871831599,-0.46688121894449525,2.5218219510393745,-2.2887399427799933,3.6571625167856556,-2.8672572279275585,-4.146808799330571,0,test
-1.1989747430213136,-4.16137793314892,1.9957158124559633,2.63867315204713,5.46878353755912,-2.718918258611918,-0.7639322315576671,-1.9061214301300566,-2.81796960789567,-0.2253561067596046,3.304185884410944,7.112627561269389,0,test
2.401778881436835,-1.1890885759726115,1.4692263858457604,2.3939251431558324,2.66191313840526,-1.394550165128518,-0.6860113409913912,0.16652214201860893,-0.9632635305320676,-0.5511736558004888,2.416294239009314,2.295363822935276,0,test
-1.8269357848185357,4.972388268222183,1.1582858436337604,1.0939184359077783,-6.064231182593437,-2.9730482329619936,-0.7621169825758406,-2.0242078894220787,3.8019367027799893,0.5941933209186891,2.039258095479718,1.3517909744001262,1,test
-2.071973503866083,1.3319175973936055,2.699633307643145,1.9087332412582305,0.17874947505230665,-4.253982954176831,-0.06126842921648515,-1.8494250414704088,-1.9893115827064314,-0.5147403088796128,-1.667798829292255,-2.0282414862641307,1,test
-4.969356462779945,3.1838037265740184,0.5821744570769767,4.3881887141749845,0.2611767552251405,-1.8203768902009771,-0.04171777183030685,6.200343703920907,2.0179575024846135,0.4073783882549852,0.3922395666926106,3.138996205097835,1,test
-1.1614558903921905,0.6604362737864247,1.222368226959282,-0.8756999205667251,2.9404990550687753,-1.5470577449119731,-0.9383486076688676,1.4771688127362497,-3.8816380049778,-1.4938204239304615,-2.1376150408692727,-0.11152478047966152,1,test
1.9074251630286834,-1.6353847734767204,-3.145985079027244,-1.9899016064506325,1.784139553141527,0.28594469922251453,-0.09827999205399635,2.483333563948068,-0.8186997138176704,-0.15163724025002276,-1.2738070432646338,-2.6039167539434462,0,test
2.2733118038752136,-3.9666258615892995,4.633124640346159,2.719520626517098,2.929926518694599,-3.5982871878824776,0.28068012571594625,0.7329932063479419,-5.574453760583247,-1.0967173275516557,1.9668122272949748,3.478921417739997,0,test
-6.361735675645909,6.877049032231462,6.271093431759235,4.788638236202438,-3.6848581071135813,-5.873157143744237,-0.5622087092811198,3.318667833492902,-0.6516904939585384,-0.8452131340730139,2.084510753758525,-1.2170538061892011,1,test
-4.343760296214452,0.07876788247956723,3.6472617857877205,2.9924580803553287,-1.139911300100116,-1.0290876507326954,2.189901799059466,4.709262994099231,1.8226093843652802,0.6324483234148386,0.8352943558599317,3.2777792747715546,1,test
3.246495388923515,0.36804260147332135,3.3771462522477735,1.2430443988783562,2.48918702350113,-1.9045800023586374,0.2775168638011177,-3.6359245259326323,0.2697715697988192,-1.363287035326309,3.23743317989313,2.8509719792692665,0,test
-1.8302520321263351,1.933356752185456,0.24849893792635447,2.605967957619126,-0.17065996695746266,-2.2433393584423666,1.4578045667104238,1.9389984066707873,3.6842054414435106,-0.21734052558241534,1.7002280887410293,1.9172150522825357,1,test
0.8813681231287438,-1.3953268020131435,4.440507383095134,0.9163654051779349,4.061324379547775,-3.856248690341105,0.37740558066027363,-1.6416507762691475,-3.009319246601108,0.3298814301903937,3.5359808368470125,3.426607389569731,0,test
6.569797756201795,-6.31501516798917,-5.304473138727301,-0.6952781614908852,3.636183466299755,2.455264471427453,0.6659225961221183,2.198806429552767,-1.560704745488338,0.11276600642837528,-4.547489672064449,1.413840697915837,0,test
5.0039570421410655,-2.899488160962151,2.44663468828046,5.4586318928218605,0.678689748787535,-0.010600808295841091,-0.346307146577187,-0.9042204305107431,-4.623497607336237,0.28140704181194887,2.0225318729252795,-1.263320857564064,0,test
0.034377846551735924,3.933847344847757,3.348002120432734,3.1811383538779845,-3.0607527684402687,-4.826207989814079,0.09532863606935654,0.009690920288807359,2.5390494953496017,0.2859885228552806,3.01830960529956,1.7423326789402842,1,test
3.5789382877722637,-3.280719365389912,4.180017474039031,4.980493032915007,0.6376774622235715,-3.9016462284751987,2.0305116462139248,-2.0620843621794127,-4.432673283335517,0.7671953956250486,2.947938381863918,2.3036900028131853,0,test
0.8624621243211708,-2.712764965381255,-2.6574714772069625,-3.6987542352412413,1.2959759858639601,-0.4467061682572604,0.48613265845701625,4.396377848715192,1.2192901240548988,0.08906083712098274,-0.2852795023362662,-2.7462851817592475,0,test
-2.0343692299733576,3.456707211118159,4.301443179688686,-0.024718594649575376,-3.643965611802007,-4.02315107898727,0.5110518984967666,0.7800837961308442,4.080401523147694,0.4145427573327409,1.0472721214424598,2.8133920943516104,1,test
-3.4623227272778623,4.38857716021584,1.8676640810868648,3.691213629057777,-2.457523582043439,-0.4648280635141602,-2.516268734451358,2.495192301961074,0.719408351487171,-0.07467899704299603,2.5909345974955507,-0.6389499671332177,1,test
-1.371417252840657,0.7431629700232005,1.714820622625111,4.0857229954161625,-1.7704712239232538,-2.928017015002763,0.32837416748032117,-0.4013507626411672,-3.6199090220563503,-0.9822360402122823,-3.6827735346252775,-0.04832321695247277,1,test
1.9640740148272031,-0.6977197837389606,0.79399694150431,-2.731645556216073,1.3073869532448086,3.2461693608069195,1.032236291669199,0.01781497338364968,-2.8974683899148035,1.3810400574093498,-2.714888636004209,-4.008644440642105,0,test
3.1265391985727224,-2.875166132636246,0.9535976819140359,1.9453452810419074,1.257635904152977,-2.0870037738708573,-0.5339891190674249,-6.09296582421255,-0.3880780263250967,0.4156880455705232,1.8739278999013842,0.7230344359224743,0,test
4.347764413210388,-2.8547007979611294,0.14783321090935342,2.6348387403090623,-0.39291024873994385,-0.45760531121177217,0.7481419586677803,-4.927594009488977,0.4598742218294416,-0.9607833067833288,0.7222560096189696,0.596190906031747,0,test
2.683725599953487,-3.412978722598646,3.0837788845021814,2.59164605930343,1.3403694551458196,-4.37018240706262,-1.8624017345268065,-3.9671088388255633,-2.5242392576507857,-0.32348447704691297,1.6482404029139208,4.861327547403597,0,test
0.16222319240187622,3.664365587620364,0.49372563148558224,0.05212191418891354,-3.254593298285271,-3.3932394247154134,0.33380016022674674,-0.5878011148989417,-4.170279517260838,0.6848275444928675,-2.0301799274782493,-2.4856238184567063,1,test
5.102778563182261,-3.7185416828535023,-2.5657525070121845,0.5708543620632951,1.9489147964341258,4.381143855352256,1.2445408658691548,0.5904439451708194,-2.759193160109208,-2.8936213330598703,-4.4528758886881565,-0.7662538636556522,0,test
3.340301648329291,-3.2201501844240203,-2.4896492368256276,-1.6436813285250707,1.4527714891861234,3.3826973727662333,-0.025811306524298347,-0.37547972289010456,-0.7218798732643581,-0.06196140467480705,-5.112787860870687,0.39918864951880106,0,test
1.7504654982911498,-3.9702888873315176,-3.8708745318230875,-5.527358068007485,1.2395137656479793,1.931652702866181,-0.20081968661522276,3.257823398804375,-1.42692639019939,-1.4277731701026952,-4.577211161743266,-2.585965712313267,0,test
1.7948015551378056,-4.625964112672212,-5.683926768965058,0.2197306182274752,0.05189563371150596,1.2648675782931638,-0.008344268385759902,-0.5205080734365621,-3.763661322209467,-0.33738857582559456,-0.25344447938379955,-3.832563482821138,0,test
-0.1826033072891753,0.8210256859214902,1.4791913341897214,1.9907998839327516,0.019872768744302327,-1.5744670036898585,1.415041063038006,0.5135064689126065,-4.184766962481469,-2.452888368999724,-1.8864834330004994,0.4903690323566048,1,test
-2.868911968665558,4.126417292289364,1.7546581462436515,2.816667347401483,-2.7573307481763427,-1.0369905965994133,1.4118339214057234,4.208626521672123,0.9884025334842181,0.7888400857682367,2.580292450816096,1.8206780513348422,1,test
-2.9832914486668827,1.104831741225776,5.4438006364763165,4.648856867073853,-2.826122672888511,-2.329358446715573,0.1156814926402384,2.9199614697504996,1.0854007252154938,-1.497062858401424,1.918600954584386,1.2430549227063685,1,test
1.0825944608297242,0.21190879268820684,4.584466319840712,0.9931040266756266,3.67723838530911,-4.020795707850751,0.44966205737562315,-1.9353964034068674,-3.6141249438415617,-0.3703045684814437,3.560993226591262,2.0152722061266757,0,test
2.1595791139382894,0.44745997502270995,2.630870652317003,0.6441665188244652,2.7758636466121205,-2.9132760944563176,-0.12270754276551074,0.016249141614229412,-1.558276611317737,-0.2679169069882054,1.8145597233597153,4.479898535145094,0,test
-4.171505664731946,5.176364138166736,5.552473472037894,3.5353993016008585,-4.631438170791022,-1.4336973322893274,0.7063464675397251,2.9699674214785494,1.4316304258460666,-1.014633429148267,0.9417417554015477,1.3846439777336483,1,test
3.168937105582609,4.616941649334814,1.748793616256427,3.782986699790589,-4.294035987526268,-3.921386087235489,0.8247997432551964,0.5985774893005027,-1.1076831834405723,-1.207823215045187,7.2253489201867565,0.6834968103739274,1,test
3.847621685293284,-3.4814796087818465,-2.988602881993134,-4.118334507714749,1.7401467843586107,1.8810242991445927,0.9979238571814882,3.311314196987749,0.6664687233267248,1.2645967729866474,-2.8095105999343657,-1.7781119305620647,0,test
-0.9246964772932833,2.057176782301328,-1.1923432528311921,2.59883691890094,-2.3179405106404802,-5.081226305112041,-0.6677043869021914,-0.6317909780004796,-2.8364892414081764,1.5512762275072114,-3.0060946079781408,-1.271316276451997,1,test
0.445736017656436,-0.5996591885633105,-2.227000647023029,1.2159750834808767,2.4290938634035175,0.3817616742737713,-0.02543112542396834,2.36783814830096,-1.443259975052259,-0.5518740190854817,-0.7444256173606116,-0.14116528034973008,0,test
-2.4680591381356463,0.9395555399528521,8.376567440788403,4.103254971679322,-3.2437094482241102,-2.5952104631464006,2.808898163552674,3.475359174417213,-1.8831785391807339,-0.9907953255237963,3.129490656881803,1.633394838731273,1,test
3.956237792737549,-4.660041457775058,3.425868209208213,3.3914341233560785,0.33270957682228786,-2.716609603003932,0.6484031236324529,-2.947175089135209,-4.155198339223663,-0.9962175504006551,1.6672654882527838,1.800091678801977,0,test
-2.660748626448133,-0.36097473667925595,1.3213806812503308,0.13708589190436937,-1.4927219125102795,-3.338712332341406,0.5031708591692575,1.4339603366958995,3.1497502578683285,0.4525175377684333,2.8528948231083042,2.7170544288566383,1,test
-4.996232220706231,0.9503786992317991,5.4184783034978725,3.1502292222727095,-1.801606047436045,-2.465757719093544,0.40964451780702016,3.1562597458857846,3.075282507036042,0.13918227331671823,-0.9141615067746214,3.818525795866145,1,test
-2.328680367950378,-2.0692048052539525,0.4163019479345207,-0.90886334287717,-1.2358446193822448,0.7817072492588406,-0.6878585142803494,1.4705268809839938,-2.885272744673248,-0.753944765961428,-4.465160689445496,-3.5650715527919132,1,test
0.5855042372124883,-3.264704906195031,4.325245296209918,2.9720155817208136,1.6317275105304843,-3.1879755754777697,-0.4435143731246033,-2.9057363590062106,-3.3320669546432122,-0.7407161991262605,4.597502229648869,2.8526563071974027,0,test
1.1690357694062663,-1.2568342034426965,-1.6874793296644268,-3.7827170909520778,2.912886982538159,-0.7233392528732008,-0.3361701590882323,5.66300999806656,-0.723559677656568,-0.33523521613261553,-1.518361472418494,-2.8969139369169303,0,test
-4.442093610567923,2.11518128595861,4.752263437628619,4.134229406686437,-3.778075642293638,-0.014396428146333573,-0.5670396350963313,4.093254768756848,2.407371912946604,1.265254120368724,0.2030748679889105,2.944187591345344,1,test
7.296509472667932,1.0820645428061857,1.0972428843081776,3.697744572382474,1.2408110082795103,1.6390048652666498,2.0389275920766763,-2.212101721152,-2.2355226030219164,-0.34014588604669477,1.3698278121202077,-4.220130645783693,0,test
0.9070037446914063,-1.2506189350768588,-0.03233294423870303,-3.2489487191867266,-0.8825764471609685,3.6073323645276028,-0.6438175415631209,-2.060223661205761,-4.632818902879951,0.8191606446892965,-2.960824629193997,-4.868061559384094,0,test
3.178566948871013,1.1822198280705014,2.36652709427211,3.2262888673427117,2.599416067423818,0.961865114490887,0.9521327673821186,-0.3611278812776626,-0.9566615183183211,-0.6438587810179651,4.22815349728317,2.5324992237050723,0,test
-2.133100011936171,1.9867559952428135,1.4825956772860989,1.3374936705875222,-3.8629919307508507,-4.354843427103612,0.10891299387480585,-1.9294849938943806,-3.1933297928660425,-0.5854181924580348,-1.4002507330019314,-3.805223157355911,1,test
3.066522887896669,-3.146610963404301,-1.7668660179333084,-2.875884452390144,3.900790328879008,2.4002516514666365,0.09991468061625071,2.5015196771496275,-4.2373583978600005,-1.5605629894306454,-0.10276911205494565,-3.296160837497045,0,test
4.906106670046524,-3.095270402645815,-3.487911923518384,-0.7568629486698459,2.695642166708818,0.3115940857195858,0.7623535657506118,2.738547191282344,0.7716123392443999,0.18162470245321924,-1.5125918772773872,-0.9547424273459446,0,test
3.0752503410174548,-3.5321213231979316,0.33696646412174225,1.9388755736698766,0.3006845184607976,-2.126833296632948,1.3157600752053689,-1.830160365229092,-1.4200671561667066,0.4801353035607306,-0.2673976454753273,1.6131905237907942,0,test
1.844691125690301,-2.0029069090364184,-3.1888605553052383,0.8917175726263307,2.0863187095870903,1.0559475857397436,-1.5859089727467626,2.897998220770978,-2.1544643502983676,-1.0836240767143415,-0.994799303941422,-1.1398208945766977,0,test
-3.173072252913218,1.514820360795197,2.3041964045195225,-0.9941510680457566,-1.2090600976107075,-2.03966723245673,0.17691573594769364,-2.4633945226027016,-0.884405008576924,0.5058941457808961,-1.8622469112751927,-5.359667470336049,1,test
2.6048133875902177,-4.9905374905025806,-5.453781566602668,-0.8711125475527663,-2.298676900227294,0.34246250065873207,1.5619555080157494,-1.1509002639945365,-1.8133293145864866,-0.9142044225025892,-4.862814762767353,-2.213582469474676,0,test
-3.3526599473084318,3.1931774013043897,2.841298440363916,5.042099333513508,-3.1746352841920578,0.1530519936442878,0.9483690800454138,5.345744636041745,-0.29759372178997756,0.10469125266725027,1.9361327964609054,2.0093755059414278,1,test
-4.591908983881391,0.9560466662702336,-0.4540937145482018,1.8691169718636131,-1.5374941613007445,0.07733294376129418,-1.1639025523828856,-1.9117614611885576,-1.5080425950149374,1.010809234321384,-3.368123815784447,-2.607285237161551,1,test
-2.667371247149585,1.5147101166870232,1.301167764056412,2.673331367789416,-2.9071896784548734,-2.730425406615612,-0.3129172448984073,-2.584318839501619,-1.8387504005394657,0.4890855936661833,-1.654417667081972,-2.7329636880302397,1,test
-3.7794224491941386,3.4567690340758706,3.178497924545512,4.440033993734584,-3.8347909556776347,-5.270249190061883,0.9369091492149362,-4.502730402641542,-1.1210266756920093,-1.0773024351931204,-3.443101799920064,-3.420184103757811,1,test
1.1091779204973062,-3.7955954700800905,-4.2815651082584285,1.4748616438445428,-0.4555778520860305,0.385083972493677,-0.6984702174995711,-1.194887646423925,-5.384417040400102,-1.0399321160840003,-0.27005950465297945,-2.877144341274446,0,test
-5.730072578574064,4.334113936269205,1.9395163957542607,0.905466936214288,0.03200364063630978,-4.400042050079813,-1.2860212954742403,4.01786883618502,1.9155621950038264,-1.2313489227737613,0.5994536724963113,1.4083691455224212,1,test
0.26960710881658545,-1.1626405094856238,1.6420884132509186,2.6782398461571955,3.1148340758230764,0.04965792830350013,-0.715066580475323,-0.9395983425276042,-1.2891482212342567,-0.10642797098567318,4.530361556697249,2.1224459020793796,0,test
4.923189109514869,-1.0725266907900615,3.290289176292684,6.5256033078159374,4.119178922776122,-1.1911390331440228,-2.015185319390651,0.3118155838377916,-6.154517555930118,-0.19071102750065425,2.650944808410623,1.3098390555570105,0,test
2.094795607754751,-0.3749016730967347,-2.2475836175017583,-0.5776726280358067,4.474685462874337,1.3798531256004525,-0.08047332614147719,4.627076306826895,1.335364055423573,0.8562425906718445,-1.444555396829231,1.5819601364980245,0,test
0.9933409255157348,-1.095770290091706,-1.6831847761696936,-4.325815862168163,3.322190127802153,3.984173596038266,-0.21706017773764008,3.5657941982315062,-1.573588898764614,0.687280736223493,-3.718958883633457,-1.4029848475431155,0,test
1.6872707686080197,-2.138178558826229,-2.4878577275448897,-2.532969148405301,1.6767499938183643,2.597510225808187,-1.556926430816122,0.7401670016527793,-3.3218916497963002,-0.38986244865278097,-2.9767751177134816,-2.869133360762476,0,test
4.423340495954004,-0.830415706542941,0.1810940421128837,-1.669199443219953,3.72619669880581,4.862266402604796,-0.4080238707089439,2.3448365108334137,-3.2546501661124556,0.3523096757149208,-0.17005871357783908,-2.987192453267686,0,test
3.554382459165765,-1.8195646941693375,1.5053496092483498,1.07647303445476,2.2709587823297004,-0.11862270301639954,0.5563037778467562,-2.47656182920647,-0.9314471705028737,-0.10765124315168463,0.8322532948489307,0.8242480270465697,0,test
-3.8838580534264024,4.777626618644189,1.4424930473200615,0.2871946104210463,-2.9726669766384815,0.6722386985349131,0.630870560553303,-3.9931738515488346,-0.37244041230512104,0.46515141634824037,-4.3749154528233465,-4.767860585768647,1,test
0.09182127463047385,3.944262440730569,2.7747522088050705,2.449990865891936,-6.547736518413126,-5.10008601956342,0.104694555515886,-3.048004442249132,-3.2953331539688087,-0.10002932610108614,-0.6800279162466416,-3.574674915663161,1,test
1.6298078016713256,-5.933208464613445,-6.825253904158732,1.4427356340945852,3.115805901138713,3.4490883702176687,0.6154437038925782,1.543283867478146,-5.588864039081313,0.9092174621940063,-1.3055685971769602,-0.9724784386401797,0,test
2.573725011960054,-3.382915467848356,-0.0942566990715874,1.970143994350206,1.0802440438913683,-2.781085410029665,-1.2250383983956166,-0.5606659028876415,-2.169638939102281,-0.27436087248013524,-0.18004956788656035,1.0730949235428842,0,test
3.0896120875506785,0.026795006652800435,-0.6598092264392632,-1.9373860098105604,4.648717958160049,1.8041177501573848,0.9641074806224367,6.653426012522464,-0.23209455948949365,0.018190436082313608,-1.5961818841095572,-0.8631930760249915,0,test
0.31838422680641765,3.437826001933747,4.387393671806512,3.8413905260458563,-2.113603624324068,-6.9318825288413395,-0.15479121184623956,-2.9029772606923965,-2.6335769275347385,-0.6542519120933452,-0.36185054834272257,-1.0171663714369195,1,test
3.323181820577595,-4.54320564710434,-4.464173631166742,0.8156484127186525,0.9516823789650752,2.934790994147508,-0.8423268092922103,-1.3042480944088841,-6.168202892767996,1.1781928301846156,-2.304667518298979,-3.0978129062248447,0,test
0.7317946539236011,-1.2103342257038276,-2.391336856582087,-1.2270784526315004,-1.6749925805681056,1.6147122383756267,0.7017003776777266,-0.5011707940775474,-4.636478354138736,-0.33176942962621975,-3.657686012795809,-5.206970262612493,0,test
-2.286190505065682,-2.431276487863861,3.2641618684503872,3.296472946009575,0.1673473483763832,0.7378412238959036,0.9917149371861131,0.5097729924952519,2.85579817172598,0.5053547738063028,1.1089243264473785,0.46464606754290627,1,test
-3.168584853967255,1.7120994153078455,2.1659634288392864,1.6872982897356288,0.5499908870613854,-2.802609021730484,-0.20814464008905872,-1.2903662543406056,-2.544587941807171,-0.3083931712392547,-1.5645738484552705,-0.6393220200613845,1,test
2.8414426855193042,-1.2063141245184008,-2.0772968701684658,-2.28897042387087,4.639440070892347,3.6766510326081048,0.5871844815953359,6.213464516182343,-1.3518881451558464,-0.35036697986966936,-2.8509908007899813,-1.3053674384970875,0,test
1.5974063937492256,-2.257530413996806,-1.8830965394961137,-4.022465273273136,4.4318831095983455,2.390806143062562,-1.0464703809184461,3.0528995546472264,-2.7098293919942766,-1.2173785680750475,-2.1659238864983545,-0.3964414124185187,0,test
-0.47480978951115804,1.3027474455806898,4.315996936699918,0.6646667585680843,-0.6870280940973859,-3.3401509236224527,-0.43028006919608175,-0.4041747206395918,-2.9344368833480914,0.7818876309195487,-2.4041128952216795,-2.032156496665509,1,test
1.5780290401415837,-4.407958609934894,1.7296973233346478,1.7390552842338864,2.7274234699519972,-3.740161590900541,0.7015516916379919,-2.7464427644324445,-2.9085507829326245,2.249592871269324,0.5820665924478761,3.786648723269219,0,test
-3.6378913121496996,0.8245259880333595,2.524907035760846,-2.197671607637834,-0.3012389265872626,-4.324919852366804,-1.862173422763512,2.4977784449403058,4.039809734873424,1.317044963749555,1.4722776115207092,2.8674967913971394,1,test
4.267101165813303,-2.325809605596274,-2.206758736693404,-1.6549557022262782,1.7082854616421173,0.36647421738997754,-0.8179737304587449,4.003034789603188,0.4667595842798393,1.7838825824076718,-0.4821846732781976,-2.7492906783160542,0,test
1.3924144534800003,-1.159304299264082,-0.4499033361666267,-3.011598302941177,4.0352112530479785,0.9774500039218428,0.7979960961408619,3.944520023598851,0.18333096411217475,1.5912096143096432,0.29340028254678874,-1.2351775773451998,0,test
-2.7567894850154087,-0.14491856953522753,3.3449500434855004,1.2813537941595796,-1.9770857714131511,-1.1009899407494774,-0.07338767635543718,1.540893230090583,3.754599526922398,0.08121396790667185,1.2418776303657535,2.0834051069035135,1,test
0.9231677758488477,-3.1464819173993566,-5.328160298589546,2.0170475699762074,3.1226168598562936,-0.5750205658619092,1.3611390741424216,4.467888052390935,-2.494228939500257,-0.4307266003249341,-0.08556406681485074,-0.6042929520633338,0,test
-1.2456362314266007,0.4094095999801124,-1.289060177460835,-1.8317942537592737,-0.7846929839915378,-0.4863535723526984,0.06524829401091016,2.597250514584558,-0.8480714659412389,-0.278730276051418,-2.4605764265458676,-2.4540960090829502,0,test
-3.016195622893914,4.163213411029667,4.250996960040034,-2.4432932520097177,-2.664432156877502,-5.6990174624576575,-0.3189603960442335,3.2991403059170787,2.611576509033373,-0.9610093840545819,2.2763676488587095,3.8132467911881838,1,test
2.196326459395014,0.2038213667528277,0.056488635695004064,-2.7091693743716867,4.756491216018116,3.518257824902159,-0.6627957876938003,3.524431196975236,-0.8051075315881704,0.43493307530023256,-1.4291782626466936,-0.7727260686525546,0,test
-0.8674650080821409,4.081960631359664,2.3863498031406043,3.6009310870427242,-1.7009280964865452,-6.368532867886706,0.7008708064420651,-3.9717834770750464,-1.0356988233951383,-2.414363320700845,-0.050498873674610145,-1.5111250352840808,1,test
2.8014602013631658,-4.138770199633585,-6.2061933467938095,1.4846660167918233,5.314544554884721,0.9156174127396501,-0.5889876820188975,5.559700301885475,-2.13438347951485,0.3118858142012082,-4.074137054854507,4.135580402457986,0,test
-4.497847739412178,2.1028739445750007,4.771403145044952,-0.20966956118148516,-1.0747865597625859,-4.363148685689887,-0.7944813372994031,3.087898790076923,2.3176801524963215,0.14590645448769202,1.8488898251868169,2.169502273536926,1,test
4.4051609250549415,-4.149659324826622,-2.6544566753884467,-2.9714034625694588,1.4183985993881925,3.145724709131988,-0.1981856048949977,1.469293344325874,-3.7202093122042665,-0.35784952119757574,-1.5211636428547743,-5.166238376281122,0,test
-2.3855889378938535,2.5163137834270337,4.6281187583238825,-0.45997467003167314,-3.2489261081852945,-5.351106016246989,0.46953582972867786,3.6097292951653683,0.7405191826678443,-0.3099957545395513,3.978847252492371,2.389767224852013,1,test
0.35781823093555154,2.5441026170794907,1.7548568287365391,4.1428491212637795,-1.5365112642580177,-3.992934475959119,-0.37777971484000217,-0.5623121719253179,-4.966476041021041,-1.925807985081201,-0.5969289310860328,1.7566111863273783,1,test
4.5909826726561285,0.023846755437776146,4.398244795655875,4.436507462831966,0.6995701950643842,-1.6523582876674234,0.8873467435614552,-1.9797391508674564,-2.7998208563074654,0.9650816752312886,3.6477282715407506,1.773113216780635,0,test
-0.21031818610212882,-1.2781556136769159,-1.7323322891446509,-2.7719914850966525,3.759834775709769,0.6883228878067744,0.4299545685623671,4.066002156189821,-0.8728389371325509,-0.6810525247178398,-1.6756833418969093,0.603956994284669,0,test
-3.19772088498785,4.7984993463586285,4.246569019654829,4.729086666930417,-4.922998008053356,-0.8394878123738692,-1.4557180751287793,-4.816462550451355,-3.2721969608203927,-0.5922466764261044,-0.7791836970529002,-1.2091972810410827,1,test
3.2365521363127225,4.936101990794048,-0.47156371220883164,2.465382123920648,-4.017879710985861,-3.6801212918698263,-0.2914776528131727,-1.213382575669324,2.447604411144298,-2.0597177842163945,5.155158666441212,1.2416659589925092,1,test
-1.7802909126007354,3.778113839543729,3.448824954550144,0.7280443761046096,-4.093712240874222,-2.692719584590091,-0.4938220148363638,-3.320878741856437,-2.0967925048226093,1.1330377135147196,-2.1329573115104226,-4.765344284157139,1,test
-1.4411864521281927,2.309329313723865,4.352133492242013,2.2081730930981105,-4.658450176221574,-0.9187122380742403,0.45822131626864193,-2.596485408982537,-3.2433492082133046,-2.643004906791896,-1.047420801663821,-2.8192054046233253,1,test
1.7864384127997734,-0.14226037059084096,3.8772493040549953,5.658612015281077,4.023540514946234,1.797045728226454,0.5404063271087718,4.55391381924874,-4.37060379061974,-0.3302709520877161,5.253221873385305,2.9905061050773227,0,test
0.07599038319030926,-4.28214065866068,2.599049990804623,3.52612632775633,5.440248667190195,0.06826721659133606,-0.6414659274639295,-1.0462695457340647,-3.6959532895140894,0.5757969259668648,4.410936531655742,2.535957624549666,0,test
0.9254380847776569,-3.903715130774888,1.8263500525497496,3.8675298761861283,3.5305943853059913,-2.976032587289211,-1.6614611855267656,-2.57713655229053,-2.8094981146114435,0.8626380731807392,3.1137309152779147,5.0825240124498094,0,test
-0.46114727379778264,0.8796843606265767,1.1498483188006892,1.8508127213583865,-0.4994054571886273,-0.09037271001651259,-0.02459139145068065,0.8107964294040397,-5.384433174554234,-0.9268740270744166,-1.3538341078669585,0.8277607324591227,1,test
1.321419258021769,1.6016278333993186,-1.1258604837504231,4.483631211533826,-0.05876612156692973,-0.14115449024303883,0.0016478553424126455,0.7867572795564883,1.9665246114504376,-1.2348468708843396,2.9005973683876736,2.4710986302361593,1,test
2.8212764066087384,-1.5251751000279736,3.964825718260264,3.004799782145138,3.1482131191620457,-3.0464389532756138,-0.874004140095476,1.2452276568066019,-5.259220764683116,-0.09856564773286407,2.5619379582268236,0.3866821345561653,0,test
-1.5454173832908191,-0.8070863369490886,3.2008478648570913,5.3143772312699245,-4.05821342281963,0.023433712663541773,0.5480310269917954,-0.06620416292111919,-0.15824650002697416,-0.9106457708996695,3.6697270637669,-0.29580093362583915,1,test
-4.145720653028244,2.570788060104739,1.298422374848178,1.636325922187309,0.21748200752616986,-1.0627285788756506,-1.1892500012551581,-2.052026459109055,-3.319447609595989,-1.6058498669838217,-0.9408040794973989,-0.8063439160072858,1,test
-2.913165198176429,0.5426145874236354,1.4585214860352607,-0.9540735704540091,-2.4045129301997443,0.17625895149863569,-0.6841412869755725,-0.043653695294946004,-3.3378725614254385,-0.5979983526755662,-4.268210368341133,-4.270733713389532,1,test
-3.25709022764934,-0.4436900164381661,0.5689505139877344,-0.9349223114411873,-1.7559058261501086,-1.7193250577814423,0.17194594281224373,3.9219842660874864,4.392925186761406,0.10383530568916334,0.906407287929405,4.248204966043847,1,test
0.2936008804429533,4.447117071122252,3.028265345190049,5.212640853036152,-3.404204855232983,-6.6764046519282925,-0.27039494097102823,-4.011217845782575,-1.789918207985849,-0.19384125810387795,0.0692357557508636,-0.48422299786341094,1,test
-2.166523595062792,4.04094591464095,1.9424960569992105,3.317778511867621,-2.5022628869734485,-0.9363407993739292,-0.6431908915859869,-3.9706392547281144,-0.33585961125287667,-0.0002525886134556388,-2.701198172833596,-1.945093354448873,1,test
1.5987007098692954,0.1843480659904797,0.697069106376655,0.24016682433233139,2.9575268302135114,0.965253599605199,-1.001231372934607,-2.5631448838001525,1.4695619899294026,1.9965397532023401,2.9746050330279865,2.3095292603294504,0,test
-0.47637091523114683,0.7217082330008173,2.1726070541619156,-0.39740100349277885,-2.298755480641341,-1.5759608093639286,0.5323338930357966,-0.5385128072715892,-2.918388538181221,-1.9132916160402678,-0.5816623322770043,-3.1677326624521656,1,test
-3.055646257445644,1.0821554434498424,0.8708616684831341,4.62627366658488,-1.2647050554629127,0.2223651086083147,-0.9860310827838101,2.2407628705239833,3.0094565377338984,1.5915709170182983,1.6803917730980213,2.0225279808666317,1,test
1.5948334655374485,-0.8907793486677975,3.8971265602699385,0.6228864317727778,4.784293204217961,-2.193675272542024,-1.125022684365413,-3.598186837158637,-3.588675316669992,0.9090077802305977,3.311490963349672,1.7099307736300147,0,test
0.5764136320263258,-2.7299502645577993,-2.16618439161059,-4.905192933855614,0.6307474795918055,-0.3254030462796895,-2.268439258503274,2.420407886529385,1.0130733702517234,-1.2016665034108878,-1.435543833265845,-3.1082293075608547,0,test
1.7857629001719215,-3.330548497745662,-3.0453277729107344,-1.2530460483319934,2.6019257414849117,0.7574467115428123,-1.6046714748260962,3.2297282353535626,-0.6472681110682352,-1.3852596193095712,0.8796001803076221,-1.961645053782077,0,test
0.11026720569425263,-1.2034512272416404,-0.7660981945303522,-4.774072959870741,-0.361010303608873,1.4156939893698375,1.1231694127040988,-0.19227758903329883,-2.4371126952079076,-0.08648201974833476,-3.5727712958128865,-4.165156507541911,0,test
-4.1462612833800945,0.45578444839046184,1.018724843709479,-0.26738023791593024,-1.9827138226357612,-3.3788724277104145,0.8467400607420783,2.7742719717025746,2.6200494591834715,-1.4212938932584387,1.5607308567746712,4.309161138937679,1,test
-0.3848775236079307,2.0129390645159786,3.810480649287645,-0.10043622372678973,-2.754018339363603,-4.292944282716499,0.20148361515204477,-1.798527244933744,-2.409240529798752,-0.2484237899855108,-0.5083666938028653,-4.22566238704786,1,test
2.7907358638633655,-1.7310227730309498,-3.0857823040438848,-0.7196368863273661,5.432135825840897,4.8075945664886595,0.428532102558572,3.0165611820526466,-3.1134199106177505,0.528355819169272,-3.034321222609016,0.5683506214269367,0,test
3.0733647222718847,-0.6867760356430384,4.346387187883719,3.3105926378078894,1.6995126747507134,-0.74670418435267,-0.32079784411542495,0.48173775388243323,-3.3515726956277194,0.6311644665836251,4.2740334709098935,0.9823599563379708,0,test
-2.021482113024542,4.71599412854377,3.9405188151340917,5.581933870321288,-1.7181524835654751,-4.35640622690619,0.51227276635416,-4.280286053548591,-1.629629533388571,-0.10124216861661055,-1.56791246240644,0.27596465525698344,1,test
7.7273258547501325,-6.9497806584363575,-5.768678434694023,-1.1688640849381262,5.485907113518664,0.9775161181220109,0.7048965001705811,6.0971887857212845,-0.5675787015164966,-1.1059788650016218,-2.859779304227486,0.8104351832470513,0,test
-1.7578747497648815,4.337793448015669,0.6146227252735872,1.2695402740385422,-1.0376055578245298,-1.7473084380916881,0.4025764007513519,-2.6984726585293632,-1.2778397205877496,-1.441380729987031,-2.824266687432317,-2.0458591185249606,1,test
-2.2485788958602777,0.8301505253476451,1.680094865043507,3.1892145438115547,-1.3046771704247453,-1.4764957819777427,-0.6722112228349817,-2.3636180731968,-0.10336920948350725,0.5925498119823281,-2.9398694603125044,-1.9150009470458544,1,test
0.2792292420180482,-6.18275575609461,3.4766889444313644,3.946925181820355,1.3906996868301311,-5.350809242464651,0.14412210855301405,0.36339126813953593,-5.220813842150406,-1.3560825805410563,2.4182967286525434,5.860110577152113,0,test
-0.17611556995758804,4.002327887742895,1.0772085791153871,1.6868304844785338,0.4124644335223304,-0.48943573752468694,1.0186847624185238,-1.4426620895575193,-2.8790559077642817,1.1468237950654743,-1.505594670724145,0.5194997757125979,1,test
3.9180679487122045,-1.4084943146723163,4.3130913364585,6.059790562097618,-0.07788104543704222,-0.7781935925858039,-0.19833069490879715,0.12165539540335235,-4.9202438649028695,-0.5825860442888807,4.544257596593736,-1.6879857570164445,0,test
2.925892975085637,-4.41818639223318,-3.8318343881245323,0.6586816757700822,-0.9680671702756278,3.8538233251018763,-0.29162383919469814,-4.126593856838246,-8.148714959377406,1.5283483212564046,-2.97834208594815,-4.839732891810727,0,test
-0.9860485906168892,2.408481311805412,0.878438307757091,0.3514450526371491,-1.7861737448535808,-3.046796981095134,0.15844644628293492,-1.0514490539871122,-1.501106142924313,-0.5484360929722248,-4.488628757264751,-3.5182937387439934,1,test
-2.967321265259403,5.211888653458141,2.305602490873331,-0.48619264115909244,-2.190356787293342,-5.3244354536361715,0.11118823396000588,2.136114267315322,3.1334009566155885,1.1314098884937576,2.3095857126036416,1.8904679604513968,1,test
-2.104332902960109,-0.8200484512543538,2.4101687461002985,1.0188080577625833,0.22085269933522245,-2.48119627997758,1.473928899692303,1.32648413778814,3.0548612688823304,-0.7265730154747793,3.3128637775440986,2.0707349972481572,1,test
2.961539922618392,-3.627459222926789,-4.365430153332454,0.41029336634032987,2.3608758676267136,0.6510249872769491,0.44099256853912994,0.6893630999994576,-3.3937663396630904,0.6531569396873795,-0.8078172993234192,-1.0661438942230863,0,test
2.3134280949725325,-2.0257421025999762,3.5886341326698252,2.591536877654706,3.614433366126962,-3.2781717144867626,0.07927546577197617,-2.412245554048525,-3.1464635032669674,0.7895299666246723,2.5462984895587093,4.3304421735498115,0,test
-3.0152919874654707,1.6024000717948554,8.2484667711924,4.506643232545347,-3.3918282699221347,-2.1221699400754797,-0.2286864253595707,2.4623329777080034,1.427939697144616,1.0310706245117374,0.7970460421017553,2.38022455045527,1,test
3.58905805041352,-1.8913166045903413,0.5273302464603034,1.675482555539615,-1.011980352352949,-3.9489559076215723,-0.172836126384601,-5.010075215765874,-0.7775303424155293,-1.350925499323784,0.028541392924910536,1.7675071002714724,0,test
0.41827116080154925,-2.2038632632738886,-3.9179160621922806,-0.8747805030604818,0.9184821300982249,1.2563256481457992,-0.5672851949198994,1.234035652047329,-1.209806436107189,0.12736375736677807,-1.8695151952462035,-0.5792310358333086,0,test
-1.317024685118477,2.6493756189807005,0.9725433999063249,1.833331832399108,-1.0451942237294847,-2.6010071250538567,0.49335598381884166,-1.2954110976048336,-2.353173677143409,0.36036087118726523,-1.9819629792136548,-0.9799675117160145,1,test
-2.307327293072265,1.3035879158594874,-0.209924930190577,3.107046362020249,1.017531883566126,-4.42615174026259,-1.0201015804832991,-2.436254689301823,0.17648525534593684,-0.3857484961610138,-1.8997370307478327,-1.344698311576508,1,test
-5.991924779781163,-0.4755445692895486,1.206199165444512,-3.333103990773596,0.9264113712973314,-2.1579366676662897,1.0417500734844833,4.899815413804713,6.403512858163779,-1.4627064727037034,-1.2857922232315344,5.673574405841514,1,test
2.3051659140727625,0.05976285374715884,1.3424977138405034,-0.10026963071875361,1.063291223469161,-1.9368529131516148,-0.27984807683895946,-2.7441604482505024,0.6354258298520725,0.05621762088657743,1.423218717422137,2.810552901631346,0,test
1.4320702415151751,-2.383073229623777,4.42481240998974,3.2785365259552925,1.7692324582345913,-4.481655361476902,-1.1473837604890134,3.7869570684610485,-4.977135284528083,0.4031991977817645,2.5108953229500326,5.61104016055325,0,test
-0.6797799756069713,0.46909086758453844,0.6114984466105275,3.5158005905499774,-1.7279356948013096,-4.40923816964847,-0.6997742193026262,0.01221925320284356,-4.287065193386887,0.29439852059976596,-0.8411356371179981,0.356837074439206,1,test
-0.6119095731056396,2.794221099531523,2.3131837818195202,-0.9532658827353448,-2.651146532529794,-6.04804606275539,0.5955891234508528,-1.6064790634035653,4.341467527882937,0.9195623567621326,3.0650714803465213,1.9612696531481801,1,test
-0.595088114171785,-3.2819222537559662,-5.258451867152024,-2.354707751093531,-0.6461113158433647,1.264086084340484,0.10565137565689543,0.7555958579522917,-4.546444189819633,0.36458374828980905,-5.928596699780481,-2.1075173008837775,0,test
-0.32991120225642345,3.659265639798397,3.745347475593927,0.39577780988622124,-2.8563512794238664,-2.9211597459513907,1.3284805308440677,-2.1896240485391205,-3.7156133723768763,0.4482698555346438,0.48703824429430576,-2.4933536375621,1,test
1.5229675300127883,-2.5160500766918714,-3.20456437304012,-0.9368452707289721,1.9675777689348282,0.8478105218783833,-2.042326740530987,4.028184129258473,-2.711046473817444,0.5567849419422942,-0.4193254424898578,-2.711143087058155,0,test
-5.007961125236546,2.0324905580626282,1.5435604551169182,4.638963352999487,2.085051688271519,-4.712718585608959,-0.23984934906744512,-3.6838762859594985,0.20616771509580856,0.2111680766660797,-2.1869841260418923,-0.36473554119921525,1,test
3.400439203354223,-0.7522592835091275,1.9217526447287028,3.3350622299999557,4.28726945279252,3.421482358278076,-0.3308459603799789,-2.6836858154534475,-1.3120574153449767,0.2892254468078298,3.772024209846075,-0.9303777495870236,0,test
-2.082862519329292,2.161548523290799,2.292726752902191,3.030151673904433,-1.8179761218915376,-1.2570498689162544,1.1501583833042182,-1.4001474579247692,2.118711724971527,0.4186895681637917,2.4511853943876614,-1.220167107665029,1,test
0.15653448011949234,-3.8322715617918623,2.75252443056402,3.4909034283780445,3.579011137813526,-1.300038243718142,0.7090229846474106,-0.2361035579919264,-3.682633968775728,-1.1852826303452528,3.592589407449825,3.5172962532257923,0,test
4.363897270928417,-6.376871731107661,-4.462188227139029,0.13783942872476596,0.7812119805265161,4.569443350406955,-0.2961983417980598,-2.3397096548647767,-5.322188125761493,-0.09320690422140551,-2.9321255442746783,-2.7339930168619,0,test
-3.9046236240630314,3.0967246883483384,3.53268262431403,3.493877408180832,-0.38399085593739146,-0.5261757658315651,1.004663694002992,-4.069359330757849,0.49012470252484075,0.19684905163144104,-4.798104744456517,-2.1891702521729317,1,test
0.050645334936450404,-1.1682025223348866,-3.5846607877754773,-2.187398013758037,3.8765796750797907,-0.2603077590702192,1.8166445726739253,7.036855299589223,2.956066369184936,0.275444538642672,-1.281721021669263,1.8454874912734738,0,test
0.7964845131712561,-2.9403791068377245,0.17741383103689357,3.33621702755397,5.292906764085503,0.7084087367576992,0.5937839966284771,-0.14787371854487397,-2.263345157436391,0.20347282388549584,3.301558338388743,1.9424962611482812,0,test
1.4616739379097505,-2.924531885495818,2.503981462931185,1.4475533582605489,5.151292738630121,-1.2953126896403424,1.3315451406751158,-3.6254169976642743,-2.222033612764065,0.07002024501313416,2.97752625873528,3.4650129764909874,0,test
-5.245196302279814,2.6755986353862893,4.096831062620763,1.0717693492968272,-1.8653386601766302,-4.384164856929496,-1.3157001011737273,1.438036360804357,2.937565082175552,-1.7368809092029425,0.06700495640261872,2.332083437121835,1,test
2.7345758598388814,-3.3604640348507413,0.49093802204919523,5.514368720793572,0.9766993400247566,-0.9914930162741005,0.9679807709245087,-2.5014784069114917,-2.456082341362301,-0.3115258213929687,2.2833311006356993,0.736106487812068,0,test
1.6262500761226495,0.04164967508724615,2.0986441565167255,2.0565557209583387,0.07987733545674525,-1.5190677565032198,-1.6252991081458792,-4.117649129001009,0.5807989164014207,0.9964129242399059,3.496317196319401,4.121238770564213,0,test
1.074144837722228,2.25871154392364,-1.3108205232782124,4.861546030240708,-3.666967759354385,-2.060195160647501,-0.5360198854169508,0.8372610211172071,1.7428423026260378,-1.0305667146096553,4.0592055641503455,4.155097227330623,1,test
-1.89950270209894,-2.7709319103338674,-0.9748343497398277,0.35260270813561667,2.716356767229162,-0.20631645774339957,-0.1578109034510454,-8.45771484219749,3.983810521047297,-0.7581037828766575,3.643992412880519,4.240890214053838,0,test
1.7375695102106787,0.6860719243571216,1.0079777956838512,-2.6280776131876937,5.153198355519037,2.297920469110553,-1.0277621020096304,4.725624882716225,0.07660125640521676,-1.5856631794568596,-1.2219489602481266,0.13578292410435333,0,test
1.1064328330595306,-0.5981310386942891,-1.2326816272776822,1.71544490980803,0.7833932747638412,0.32145156574781053,1.50765727984627,0.2811669310847884,-4.017468145891789,-0.45855586238610624,1.2511986387325655,-2.7796958678167707,0,test
-2.919379080250902,3.885528632171802,3.107134246332011,1.5267142549193418,-2.20718723926106,-3.643573856689124,-1.564851505557787,2.0555083782853005,1.159173435412196,1.0324429307252296,2.241627946892662,1.538017800732991,1,test
4.180991676191179,-1.4009851526854717,0.08704530777389019,-5.410875309114375,1.4614116355108415,2.7415339368360696,0.1033741502379145,0.6706639421382037,0.05292623029324295,0.9824780664021069,-2.736631616156541,-3.7415924421346354,0,test
4.647852734773337,-3.6148929618724606,-2.9145919630338213,-2.1942969812044764,2.443377156645132,2.1086937093787923,0.706466921140975,2.7863048547533364,0.5971297171726704,-1.1850987054765167,-4.0360829374471106,-0.04923840117568412,0,test
3.8030711908769312,-1.8042125988563622,5.170263843925746,2.698904294663544,2.359001354409993,-5.240379424887452,-1.6709499127134113,-1.9102407064521205,-7.040276525333105,-0.8695028080274116,2.01172545768303,2.183337333954407,0,test
5.055791168621623,-4.869000875957797,-3.0228963133067746,-0.800627818536948,3.7343897763205627,5.193693902687773,-2.4852512791464196,-0.32157905359534844,-3.9634065126588665,0.11398692015810423,-2.1823215004771614,-0.6567953640744804,0,test
-1.4699289162389308,0.7794243726209367,4.474259430441378,-0.2869011634703731,-2.642871681884577,-4.744999995598491,0.25396185382331243,0.7160204900138825,1.5247809445506086,0.9495802678155502,3.0238310340521,1.9679181225329114,1,test
-0.6290812925451519,-0.7204016879046473,2.1937601276980736,2.8630474425807018,5.161430744030033,-0.7128525338251794,-1.004115087989783,-2.0958286637995025,-2.079608268925195,1.0376370461475675,5.31562353196084,3.3702025221520433,0,test
0.7478201090295327,0.13527862573745564,2.3287317910153758,0.8987076215935372,1.9805995466670998,-0.872439043542256,-0.16306344710628565,-4.97021284492959,1.7688143818920694,0.34537782820992,4.23817341771851,5.351573869135782,0,test
-1.0256311190571454,2.1456067443163507,2.004031224335385,3.819749149905647,-3.4145343949843054,-2.616743365957104,0.44335419129256987,-2.2111268741455015,-2.6719176736895163,0.9090099926267788,-1.330683989012523,-1.0274575299567958,1,test
0.7315944604033122,4.078618740930083,2.4052135910644687,1.32353190298879,-0.7526772635769934,-5.013873954846613,-0.09482620721114078,-0.3847123561504442,3.453430122480014,0.7128545837326674,3.3126361498128407,0.853293960826748,1,test
-2.614965154821909,3.8568851644829714,0.5263626433405628,1.0826717337867335,-2.662034833035724,-4.623084360782035,-0.5388560228253431,3.0833518913544267,-0.11785612908809151,1.0630958720312704,3.929424399953464,0.9046947103448135,1,test
1.6886297590128625,0.5466439742510545,3.2638299481533286,1.9492386002178033,4.66129653198061,-1.693428372063163,-0.4090796085760422,-1.8089221662288764,-1.9442970227683003,-1.3854707413495777,4.161483711531114,2.4656751098958245,0,test
-0.18374077818104517,2.208074348893455,1.7414857788160836,0.3356237796443744,0.5760588930274433,-3.343208055068168,-0.46935920141162907,0.6676906796037851,-3.5254894224605042,-0.444928168710847,-2.410735082998436,-0.1135783636298413,1,test
3.140826868161317,-1.5713330126186693,-1.6533636299131595,-0.5638636900596821,3.128264426301019,2.713429084044072,0.8250078135634327,1.3277341369403468,-3.0168965908219922,-0.2711575183243427,-1.534419740177782,-1.904843806468478,0,test
0.793336731717484,3.8956349603080165,1.0721279531962868,4.33110489015205,-4.049783666265458,-2.9180006331024537,-0.19161103397957446,4.009542281320442,2.195896957853259,0.22717984435183253,3.7887548203971155,2.5952218288465523,1,test
2.2719389033379334,-3.625562941693776,-2.7037025112097504,-0.7487101849201305,2.3348632209080864,5.1733713068207345,-0.3954005160500469,0.046839349295658916,-6.122532902521408,0.4213487598819341,-4.438783025214763,-1.5056709797043912,0,test
-2.062201225027269,2.8816000826142627,4.735391462915597,2.347193701847539,-2.8650072486361378,-1.83406722014525,-0.24283803809976665,-4.617336353094705,0.22230118100071694,-1.8159588136048093,-1.6160169172930512,-4.055156396942957,1,test
0.5579443924552465,-5.982843281824287,3.661700688089475,4.632864416281391,2.637978669454739,-4.262259625001375,-1.258924603679442,-0.3529923371991428,-5.601181039250655,-0.25715439376087385,3.215481555210106,4.0918034270729375,0,test
-2.0073685321020083,-1.1861481899753143,1.7893674064871017,2.3313099969259814,-4.163369382801425,-3.2473054513475392,-0.9998065489390083,-0.5183630536235335,-3.0100542030278605,2.405038161836317,-2.1074105497326894,-3.169578936590755,1,test
-2.8647507577354503,3.3865971017886003,4.542337429342095,1.9161246450138194,-3.5992789362646143,-0.42355168782080077,-0.443230565243536,-3.4561639079480306,-2.1729117703687217,0.587811456367676,-2.368030285725279,-3.1945293591344455,1,test
0.8408592158768462,-2.4190785060683786,1.108692627874334,0.8251136661610299,1.0769261102326042,-4.3205245946386075,-0.8620690648335769,-1.4396310243352937,-2.128159691905896,-1.2163582983829617,0.973754800051025,3.0212248112018,0,test
-6.194611765204625,2.0978130302218934,2.9726165291365243,0.06238047172459149,-3.8482558914695137,1.856682620410817,-0.6392462357947253,-5.130673900911716,0.07423633454775347,1.1107744851848853,-1.3864059871747738,-6.61021111209038,1,test
-2.177892222418125,1.134615764004198,1.3626501243736953,1.0496009624618856,-1.3648095373506188,-3.064092781895706,1.2957387170205916,-1.24192013234145,-2.2042314227752033,-0.10215493981150901,-1.926859050400125,-2.619294802124673,1,test
-0.4224731690609791,2.278007880120754,1.719269029171419,1.72259827886701,-0.9922234052820389,-0.7324200203392568,-0.49744417225385884,-0.46363097443301915,-3.6111396961324402,-0.5851752197281866,-1.8902796732043736,0.017032259699813146,1,test
0.15803634240601871,3.76377807374059,4.080333351766607,-0.09474102726703837,-3.3601585622260357,-4.216597686764998,0.43789447931193665,-0.28175336524546646,2.5325603166765127,0.44048156364039975,4.115857497031243,0.40652039831173403,1,test
-0.5185784427040301,-0.5832502344065265,2.085946419151703,1.0536494585417449,6.659374845160502,0.5611978500468102,-0.9181213795122628,-1.7078906293149876,0.02753968912688265,0.051303150473037816,4.72343520604446,4.916902131943587,0,test
-2.570899501078197,2.2648338858756185,2.299621588831179,1.143373476144214,-1.4399670265390891,-2.1840035967597173,-2.130056746718638,-2.2171557162788815,-1.6354890325448896,-0.2638503438325473,-2.110647955587029,-2.763860624554307,1,test
0.9538076878800932,-2.0630315131229775,-0.7212799795491582,0.9559960908966392,2.995708995994516,-1.150255613548245,1.0938152329926538,-3.1060594031202653,-0.09192645999764881,0.5935032515540748,1.1098354535094812,1.9037910168877388,0,test
3.3459973510381396,-2.1363927824490507,-1.2645540626564566,-2.352282994480941,3.306282376589948,5.022215688038488,-1.332788802211837,1.8929552424958453,-5.242180153228713,0.10100143105200536,-2.023455496976329,-3.674721540036212,0,test
-2.3268322767720355,4.360790268858663,2.6087383209519066,5.2555052514758485,-3.0765772745311835,-1.3300164140792765,-0.7404019802474406,0.6811509134482259,0.8968380604741191,-0.5668498813157103,3.3257374004253295,-1.2154175986613098,1,test
-0.953250556192687,3.119550978068801,5.779827719968112,2.2271550332737697,-4.882804163214443,-4.855617798812016,0.4548598925944264,-4.433650746902849,-0.8792337636149361,-1.7321282728154035,-0.554244862629981,-4.885474340445979,1,test
1.258235800169666,-3.224469236893275,4.189171825014733,4.890299151098704,2.537699703494585,-3.3501429324301792,-0.14586565121975528,-0.39431226556727483,-6.072972415222001,1.1153360026263226,3.7293412766482636,3.414237717012994,0,test
-3.1195621150437,3.8417247964287045,1.6062052692746296,0.21852597605105384,-2.506651537023087,-3.367541940810795,2.475701038684974,3.1832152018795075,4.538077718615086,-0.2657061125552204,1.3163608976511445,3.214587494939752,1,test
-7.3695111708307515,1.4144114754632067,4.057894776564305,0.6981336697672542,0.23421173733580458,-2.276385965566318,0.6992876338044655,3.2523041620483575,2.388306075454368,-0.4493195392443759,-0.26169604602868146,0.6308776954923345,1,test
-2.263425204643983,-0.05586530371250431,5.127750767527011,4.111680797391694,-1.293065918095245,-2.516676300281698,-0.21002036846358396,-1.9162703558096548,-1.9263950538218437,-1.1065285866737187,-2.609025717477357,-1.2252184551216243,1,test
2.254580506483014,-0.33769309484524346,1.1558558519439843,-0.15632651841204614,2.4207505804466374,-3.5653050747780126,-1.3595042559299408,-3.108557899962011,-1.0531135413217725,-0.7574144593629947,1.157029853130575,0.33546384007273145,0,test
-1.9272251600251695,3.524576272302528,4.4701302996898775,2.237103253909906,-3.774726750559431,-1.6912300484423384,0.8679829849489374,-2.981307193434696,-4.941306754632499,0.38209382453185814,1.3140513723739518,-1.5701218379310218,1,test
-7.841457793041214,1.4920255544145733,4.195980484609924,-0.28686898132152505,0.2624719032439171,-2.8738180039965515,0.13596707538421793,5.362931105472569,3.8855644121996757,0.67659000281631,-1.6981418196499511,2.3778119370276176,1,test
2.3301633996369957,-3.966787863087095,-2.7015722859713236,-3.1379985817628597,0.8194374435041345,-0.6172144937835187,0.7880887374023855,1.3382132245721219,-2.583476539306466,-1.439685104878033,2.895194537992994,-5.389517470013739,0,test
0.12105619045453331,-0.5491311162691077,-0.7045425521853075,-0.7961188823282934,-0.29996871253350976,1.7297492488624608,0.5494430191981255,0.4072975193730539,-4.603483036557433,1.0842029169832141,-0.8341663536854849,-5.203283302355324,0,test
3.6209230637821666,-2.666666425015297,-2.346841606001524,-0.8303566280768322,1.4521937317863909,4.949295030879411,-0.8278676884092206,0.6215663776369642,-2.2578188902395815,0.9919189713889421,-3.58733508548113,-1.8412779466224551,0,test
-0.270296248828922,1.9620173712807825,1.1963865040699233,2.062772448723592,-1.5834671707479666,-3.2606116266705802,1.2981341065803838,0.5198138039155527,4.420394496147246,0.5628728797745838,1.1243151491057572,5.312778101129279,1,test
1.4323861807908589,-3.141229880878256,-4.061470623015031,0.8204280630055854,0.22339862970027258,1.2806666523824126,-1.338259670534371,0.21607684677309513,-0.7307287195541183,-1.1825542915766576,-1.7778205101202604,-0.8350924268145736,0,test
-0.11745899424127204,4.123307722439269,0.23388641201903382,1.848866109493401,-6.999763897200218,-2.99379429525474,2.006007554200426,0.6945536924599083,2.057867016107144,-0.6204298562288542,3.7196746158631706,4.598417866615501,1,test
-3.685865890450719,1.834870674317782,3.171504982793397,3.1078607456387686,-2.124957454365524,3.661729965223694,2.338942315685679,-1.8803179738453193,-3.944232771883831,0.17375918988491787,-3.181792894031619,-0.4354175122715369,1,test
-1.5005846674123822,4.738014369116975,-0.4950149203916725,-0.25401368973498384,-2.8065327789079197,-3.2085699331147235,-0.3835732514375482,-1.1655238587251615,-4.789741775516928,0.08743012137895248,-1.221384773729679,-2.233430333284723,1,test
-0.6328315429173181,-2.3315195893609255,-4.497945425009259,-3.5002891135894396,0.329130897929494,1.1590961785906848,1.3757456663281038,1.0572221409392808,-2.4673478883874345,-1.0325441742049226,-6.88174587633814,-0.035993206521873766,0,test
1.9986925713618975,2.724298557245027,1.7125138904213997,-1.7195722163216867,4.265073140348129,0.9408178161474954,-0.6025021438369502,0.6646681422783169,0.4536209275432648,0.7291327765947823,2.221780062171294,0.36336668331886646,0,test
2.031515427886415,-1.0100005625318582,-1.500305895302677,-4.173240585199154,2.507893318006213,2.140988650101435,-0.9230567409319734,1.3523951179608296,-0.2114099807282026,-1.534429280598468,-3.1411956008589383,-0.805262767217185,0,test
4.1466094181214785,-0.48058687414372336,2.9087419301646373,4.248627876740499,-1.7076092490222212,-2.744205270821952,0.8677904966473216,-1.0917800509705566,-2.8402729415492156,-0.9111888199354157,2.329846644006713,0.612991095553088,0,test
-2.5969665209522246,1.302778874250473,2.9058303814231783,3.055336078425289,-0.5563743310685816,-0.48161853398527943,-1.4880135385890125,3.850978087447349,2.06088219658396,0.21982867941875736,1.2497628816171586,2.9183422267956374,1,test
-0.3704472024472456,0.6972998412258096,1.6889118158384377,-5.87772514214566,2.4413290396737044,2.0608491027728286,1.1355441316188537,2.8648586631895903,0.03417325813050942,-0.6169861338509821,-0.4316017191645283,-3.683630254314543,0,test
-0.6152255263448392,2.541643742479512,3.204256584373916,3.8086391224961296,-4.417772025130269,-3.177346436224666,-1.716069558506652,2.3181036507013433,1.5358722241430234,0.7854218548513798,2.429591230752239,3.451207432525697,1,test
2.7235021685436944,-6.781514772914112,1.6431544503872968,1.5543164144262307,1.577435225761603,-2.9152528828132867,-0.3144080066746984,-7.801341728468856,-2.3962337853081364,0.07639083406700271,0.5059631495417014,1.5510385553370205,0,test
-5.108130351313942,2.4245255141123385,-0.8570308158950648,3.358101122075869,-1.3837096255130068,-3.5772605466950425,-1.126086158130441,-3.1894658756157925,-0.8598060754626513,-0.19179439703740264,-3.3405490395760475,-2.402656832102048,1,test
1.8349592323117487,-2.1339907421746283,-1.5282759549917033,-5.9816556595264725,2.4272579582254012,2.6979026028550672,1.8728360854554407,2.766558954070177,-1.2176925434290007,-0.009515749650259366,-4.500581699107325,-2.4386784363346745,0,test
0.9568718073629734,-1.4357045306986274,-1.5950009757621477,-3.118822184152865,2.7364466919760884,-0.1037006260631439,0.9270381068146288,3.42520362302412,-0.2824619311705576,-0.29766589218115636,-1.8556521827345753,-0.8904585243263736,0,test
6.339908561508847,-2.317432525761436,2.766842236156762,2.3096829153378677,-1.6502822935878472,-3.43084504937425,-0.04504951285559079,-2.427604046080116,-3.1962187532715856,-0.16732357178924662,-0.5286905835154072,-1.8876746533751332,0,test
1.979958262948604,-1.1640579589244144,2.6988085237074566,2.2373707251763513,3.0179927501113095,-2.7232485008233605,0.3791341114578146,-0.684464853612768,-2.93910082958044,-1.1203190222286594,2.0734239490851536,3.687797318323022,0,test
-1.7582283210879117,4.791725176988208,1.96028880729439,1.7600041295030655,-7.246840401260049,-1.7931397130757338,1.363885277112697,-0.536261197683483,3.810160425086197,0.3030909715425546,1.677721602116344,3.017678476676166,1,test
-1.8425490584052535,5.175790106572433,1.140071092209066,2.5277267775059498,-2.1816896598955857,-4.7488219345662745,0.4460343501669618,2.652258784084725,1.2975986113835651,-0.6761997806730732,2.992790894157988,2.574836591959963,1,test
0.7946002237028469,-2.5537347887266773,-3.9802683873562748,-0.47377584751519075,2.6945817624253956,2.471378577158261,-0.36916222334697824,3.1360620454820474,-4.703605535653889,-0.15903990927912873,-5.3500688928059885,-0.7622323443141932,0,test
2.279259814744066,-2.547993641381201,2.277573329866438,5.410981388005909,2.0736781707900915,-0.82491512219578,-0.927849360201656,-4.412927459155335,-1.1735670465797494,-1.0371784065959642,4.757814604860708,4.818962444131664,0,test
3.1528082005703606,-2.046274171897164,-2.5297485625899245,-2.600927802072429,2.7707388943967572,-0.23464529010023405,1.2550015004198756,5.269356060612715,1.4107483010164237,0.19293585420588136,-0.8525194418618047,-1.7202036638948852,0,test
1.0749779634531231,0.5862869726448285,1.487637716469516,-4.569066536123255,-0.20059604780081086,2.2554323502071556,-0.44709157493344465,1.3676365027913793,0.3650897174432379,0.8259972262395118,-4.998639936822732,-2.485295619299828,0,test
2.6564201194884234,-1.7170571248096684,-1.104103426266827,-3.8097273194098413,3.389134373455578,0.5071004192739594,0.6950623027727028,3.287871924368411,-0.06331478809664048,-0.20415310077201698,-0.1647691823878339,-1.6790271936449623,0,test
-1.2356557947259967,0.5985399427360121,3.1556893709234597,7.082896598258292,0.5852609206668853,-0.9739522474110289,0.23269886480489696,0.23380540602683397,1.4105580877377106,0.4919318834835672,2.4126035999212885,0.5593307581588878,1,test
3.6142777387491183,-1.613444044029947,4.5679180864020035,2.041911388190383,1.668610505320221,-4.311037782108459,-1.6674782490914872,-5.580865070588449,-3.437924090223363,-0.28330407346604186,2.7360351410915067,2.599347831754554,0,test
-3.848650797447199,0.8853613992480798,2.3401955451382843,4.324359750537115,-3.340655391976314,-2.3928318417473666,-0.2283625711424672,5.2587738693621855,1.0135464451028862,-1.573492089245973,1.2925402517561244,5.157356485835638,1,test
-0.9899623876317709,-2.636503030081868,-4.5752347726594,-4.2357135098352625,2.00256924480242,0.07823723267414762,0.004187718596835576,4.686164829967103,-0.29280729977083086,-0.5632302344631352,-4.18938348368132,0.26487919987980035,0,test
1.5381525963636802,-2.700399915637601,-3.859693456868765,-1.3006570460935718,3.1204170229222132,2.799684799261651,-0.21019496998458054,3.6837178070954657,-3.5652249056080807,0.40039593984497246,-3.06030448250198,-1.2791350302220266,0,test
-1.5393223333067887,6.173602069768753,1.9557151107900386,3.1236048581744242,0.9796117779938847,-1.5832546105197776,0.20627289699202586,-2.607700300357711,-3.268423054399942,-0.03965930854062514,-1.4016979561670486,2.1293218182357903,1,test
-0.7175389385099777,2.971318088436681,3.4569071760627823,2.4691066370231574,-2.7976283594555666,-4.699306762256352,0.10939134528148477,1.9908308247343212,0.32022636082429035,0.7574625434034741,3.40882877957388,2.8699288403620424,1,test
1.9591443697837134,-2.4245926793123442,-3.0738802941450865,0.7255768042375919,2.358200537630932,4.7910666119391605,-0.0599423801266917,0.3895792718738449,-5.0885201913381675,1.1235432596567736,-0.5959803277881734,-3.1664946651417996,0,test
-2.098211931666754,5.940089198962162,1.9949577303307653,1.8322782941365396,-1.5509754954954889,-2.9515880198646567,-0.6228330986349927,-3.6974179118162276,-3.0737881622056964,-2.4827177097634885,0.06737087612566084,-1.0645700242602012,1,test
-2.6828341639472613,6.221629417707667,4.316946793278712,1.1013949314303875,-3.8692418399299955,-7.0437555763883966,0.9836678535713245,3.008462854238917,1.8013374566489766,1.5933929614937345,2.856163723930688,0.8026226972000845,1,test
0.15101465646198164,-1.3077600722189624,-2.3466383424673727,-0.19165987863323464,3.0485114631407293,4.045308734001541,0.6417219355465648,2.3332754885283653,-5.438494482955173,-1.194364289923683,-4.473716915436329,-1.0935742112769538,0,test
0.4753478095492776,-4.145213708051817,3.2214002947274256,1.2527449423746904,2.6008385340555487,-5.66975369218769,-0.24454690914788182,-1.38827230049778,-2.7701420566211805,-0.9343051609829166,2.634915868312085,4.688837514203785,0,test
0.6476398236188348,-4.049532227456108,2.3052117220518613,1.3850256158734475,3.064690113519918,-6.3426260905086265,-0.7998760117516956,-2.98009091139913,-4.332692944852567,-0.8655016515051397,0.5456989673926547,4.795534754031291,0,test
2.2690996379701978,-0.09364675013831736,3.1741865235847184,0.10437841014914095,5.078022739899981,-2.5499186660606616,-1.099652782998163,-1.7756138335687413,-1.9434365344075104,-1.5418594228367415,1.8617972392447983,2.9735576582504337,0,test
-0.8278589294477643,2.299019504667777,2.3127173804050907,3.7075712316757548,-3.2975366906320356,-4.745687471541141,1.5346326616215846,-1.323785247267349,-4.160841338721973,-0.43703655467767955,-1.4523750466241374,-0.5504708522581394,1,test
2.49900241355844,-2.178683507743934,2.580960900714853,4.0901312774428495,2.5764909042810635,3.106485184879613,1.1773460702924312,-3.376465616314678,-0.23109869504505332,-1.666837261715736,5.808112539260624,-1.7346906681140895,0,test
2.130336232693638,-2.273785571497253,3.087830604120567,2.939455414792646,3.8667795679877184,-2.5642446572792883,-0.38647422472234716,-2.5110171223896316,-3.038069960105793,0.24628331947745194,3.13003715238492,2.8238080428793526,0,test
-1.6582959256098722,1.200941839484532,3.1595035720317677,-0.16765528047403544,-3.2195808872215808,-4.940351630993728,0.6208742716821858,-0.11848061880355276,1.7232853591704045,-0.8821443784153239,3.1590037416708627,1.5296362317055188,1,test
-2.571464158073358,2.1797840809884406,2.9446196482667975,2.998845022511877,-4.485924614831523,-3.0674015158962478,3.394893957565445,-3.2341876311896454,-2.7821810235141338,0.23568871742650552,-1.151453497885453,-3.3420946808730108,1,test
0.15888092272253207,2.825142543784118,4.574119247026548,7.999970332746149,-4.6822674642564035,0.9045550101803608,0.25841647952792896,1.0024347359960444,-0.9111694184548744,-1.0237863293478093,3.8763086722140394,-0.12588894224659164,1,test
4.357236504194062,2.771899081329849,3.6268575905833087,0.6498598574003593,7.02758585412995,0.5147555445790655,-0.24028764781587764,-1.156652699228084,-1.9341638953062947,1.689370307599711,3.111176790475935,0.43009886059551894,0,test
-3.8980374914799425,2.941276396508308,2.1350773596003214,4.620834165678696,-0.059817638790791605,-2.4604128351165646,0.15867121204361395,-3.573009082227305,-0.5307901777400348,2.354730209706092,-3.0819173352721885,-0.3550714105607855,1,test
1.6936503798483549,-1.9200915633885045,1.8247535525188034,0.2712251635928735,2.374092632690803,-2.678344752384294,1.6762953626842592,-3.9728076847531537,-0.5223627142722183,0.5667351594316987,1.5124598068125854,3.5388594310208075,0,test
3.0898932971022632,1.0959602273701012,2.66612838497609,2.3971310737545806,3.220266313629839,1.1956503024184921,-1.2225997244740063,0.45262155009349847,-0.7691387112982568,-1.5959084988019698,3.903331729439272,-0.6249690458855457,0,test
2.703018894042642,-1.505583641369312,-1.1792263869316846,-0.5300794784800287,2.5438272828189885,4.860438085574904,0.42195840240763877,1.8697078408204133,-3.4278209389050973,0.0664955028977212,-3.0621193843986907,-2.4936014005706326,0,test
2.360272050122039,5.1777030813668485,3.3137920219082533,2.299188640002023,-6.2841728128009695,-4.969650434529601,0.2298374676797651,0.5060462119596483,0.33218439274950784,-0.20565676182257506,5.632087030615005,1.4504178981694151,1,test
-1.4504124548479713,0.17113877320004978,3.7204711090222897,0.6772170597458305,-3.8872452405181446,-0.8221427717915097,0.3656499701604167,-1.1510230101918706,-1.3753840112592701,-0.6467319363153775,-3.7788190756064957,-4.618129174342739,1,test
2.9057384108526048,-3.359623248783789,2.478113568806511,1.6853016884351766,1.0584452155561879,-1.7018836955739818,0.3120977729706259,-2.594259750864123,-2.2509755917139342,-1.153933816576463,1.7087406955887534,0.6901452791251825,0,test
-1.1088189667295918,-0.4494200475116097,-1.413540187797243,-0.6096891110222278,3.0035902945607447,1.8076358412181222,0.7239157678873951,1.3935622416723643,-3.8131864860396814,0.4619489690953673,-0.255817160084858,-1.2356253103796804,0,test
2.915694037762706,-2.0985014767797705,-3.265002939294284,-1.2897730739803397,-0.688831844359167,1.3276334031870496,-0.9653448786406826,1.0254230653824674,0.14173846620035135,-0.6996690312800833,-5.800622585531926,-0.8946871367215588,0,test
1.9718684669225655,2.439840903577373,2.506808067643936,2.7663027596870085,3.581411107218301,0.5663223286384476,0.16646240986750377,-3.4571517448983284,1.3840907517975651,1.028620626791545,5.292524389000901,3.8757860776597166,0,test
3.5119112475445524,1.1000290080115767,1.6343974549574334,4.8364530635583405,-4.148865043030766,-1.6249302487142303,-0.30197476983399624,-1.9653577463720726,1.052963807085881,0.6064357953825593,4.094660779181829,2.7117593557442747,1,test
1.487932590614113,-0.4505906827850117,2.2151858594497127,1.1520981277273206,4.331921684629857,-2.1477147092691493,-1.4449183261046918,-2.948438621402487,-1.1420302799366464,-0.9256150377986531,1.559347952326676,5.338439753978736,0,test
-0.562213039450886,2.8605859602467363,5.178187572326317,0.5773832929383962,-4.320018957225412,-0.8306769613988481,-0.6436039135583875,-2.0198477070124077,-3.6772029516755236,1.185730389096401,-2.3889612549830006,-3.8741601696480457,1,test
-3.7803097075303014,-2.0756872958693693,3.101696016141792,4.370051703472726,1.3586018460951652,1.9948225803490844,-0.3180279328664995,7.0009415663447445,1.1634755378736377,0.583839197353448,0.5821420467358955,4.1461342009156175,1,test
-2.6884362297969915,0.22649787438130708,1.5804261673604287,0.5513388568143545,-1.2245212119161435,-0.6535005594316052,1.0456469644626245,0.04583935614491397,-4.139063246243361,0.8870418351124563,-2.7473855469011115,-2.130905615654799,1,test
-8.644046598700225,1.6461521495392843,3.477360712364411,1.7576067119569885,0.960187294992386,-0.15252831704360714,-1.9424595259445125,6.140276642793073,2.894582957977347,0.09872766216413909,-1.4979339836932977,0.8763079093613617,1,test
3.377415560276308,2.240898213104164,6.099308452032931,3.7713598326966453,1.8967221571354695,-2.609179339010779,-0.19371632711535305,0.5308405431981975,-4.083746176422182,0.7871989695615239,5.223555076529641,0.32183077651219816,0,test
1.562264690361542,1.7228963476488568,0.5352788933858461,1.461301177086388,-5.07580796058876,-3.2320354481478377,0.3243678719618234,-2.2540281751250983,2.899314665670643,-1.6687339807530597,4.415449204393809,2.8911859318981747,1,test
-2.679984356382785,2.3572022892185442,5.148277472977704,4.634275454803674,-4.140070472043537,-1.9704830627325711,1.5481471981202526,0.669918997493083,1.2053273480076565,0.24080413473539078,2.535425601664856,0.7211349894491124,1,test
2.6249947028465175,-3.3445285293762943,-3.1253531979475873,-2.313851718877255,1.87798004655772,1.784184547410417,0.7478541942839747,2.2195015520000085,-0.9596275449594194,0.8999811183162715,-2.9706349988323693,-1.1594017679171125,0,test
-2.1459764856564827,3.161002756860413,0.13589194937709603,3.4231508792998766,-3.188599594865293,-3.9005995707288514,0.8449436473329175,-3.4348848180272173,-1.9414778471133902,1.438644288985408,-0.6142849129723971,-2.10768811905811,1,test
-0.9025620605160918,1.3754795316289181,-1.660886124676647,-4.453933612904072,4.573692923014976,-0.5246783061204927,0.7234421834309213,8.542852367535552,2.104301432046098,-0.6258730601396738,-2.981882896036338,1.540230244042469,0,test
-0.18576479152401904,1.5161341918206956,4.4725693846982715,3.5986820382434574,-4.756779902592817,-5.557897422344013,-1.2165542884399503,-2.3050471689474774,-4.434570042032099,0.6985936365831876,1.808777241265683,-1.6749158668620567,1,test
-3.1368375845083962,4.646177048306786,3.6556025788497117,0.73294569191405,-2.14946373288459,-5.495243091599569,0.20087496525407564,-3.600822981896113,-4.2883861181460725,0.4437673345450689,1.1816038246413774,-3.217774991126105,1,test
-1.6293522959694466,2.759515883929383,1.9862443924785964,2.885597152321102,0.4293985964998539,-3.356864219888412,1.2027337742689248,-2.825690057139484,0.7168056571757706,2.1184336885993305,-3.7032410291125917,-1.592269579938218,1,test
-2.6716034898287884,-0.6375324031251859,4.734690250987737,2.539602774631998,-0.2463544709709733,-4.432990402252173,1.8629685078140057,-2.2784937822370703,0.5677549305111338,-0.521020847244715,-3.6984017439067025,-3.5350310133441027,1,test
-5.525317529194883,4.2928977011142075,1.1139828198247332,6.542815421412422,-3.7207556008076255,-0.7674829810881851,0.4974092726250104,-6.198718383753272,0.7517630127469004,-0.5802514846066794,-3.647896053855661,-1.58968365280459,1,test
1.5117065064026063,2.3050190195540385,0.3838774519850625,0.9549243216477414,-2.865013585029127,-3.9697306035906625,-0.5589177823883117,0.39685971107042106,3.6660509339680765,-1.2602433329730962,2.63852546394202,4.858074806271633,1,test
-0.7370195389449699,3.115072442972668,2.321367857735553,0.005506540183020547,-0.7618336186779264,-0.8654830296744849,0.6822365313902048,-0.5891670116517684,-4.55832142999094,0.6115520907047831,-1.4260827876615378,-1.1617300034319,1,test
-0.8645405775893085,0.922156711520923,1.9855807345406637,2.1151806406711136,-0.37172938744844486,-5.990744330702686,-0.7815373329535508,-0.28508667351234473,-3.3396698448107673,-0.5728643720575104,-1.7218910859131222,-0.993121648239309,1,test
-1.9638893652656064,3.9882128172446776,1.8132400426285313,2.4892275396635912,-2.8237652681060252,-2.803706907651424,0.02153032363271549,2.94117566568351,4.863631053545692,0.6669237684757342,0.8131771028777544,4.646969219298498,1,test
-2.2947931664972416,5.217684940599975,-0.339187931091145,1.0733085078974562,-2.7574762626556737,-4.344076004797853,-1.7324274926254133,-1.5793347407172145,2.170129486974938,0.19021453254300846,2.596975807880426,1.2178970596853733,1,test
-2.9350273013407313,4.458753077133822,2.4524318903484743,2.9529952296068203,-4.464704491870911,-3.625016029799748,0.12301325067771791,2.4519837843038355,2.6524694609640425,0.38899364979050044,1.938417908152154,3.4608020356586198,1,test
2.271497686669624,-4.280669325252368,-7.586265191160283,0.18913093439795414,3.092705532977864,0.7212134060640816,-0.7216999593372834,4.84757467136585,-2.052561196985622,0.11764559814050152,-5.614620058492777,2.6179021457029457,0,test
2.2487668032547643,-4.5648332750015275,-4.657769145615454,1.0372790622770327,-0.7255935818676873,1.7676913079611478,0.5099034476795775,-2.0197820231091157,-3.6908536133358094,-0.9179466032091861,-2.128028292377253,-2.4260862439475055,0,test
2.59164517246401,-2.568123236485805,-3.9383117435704884,0.846435993193094,3.7619424998537,-0.025906813197616785,1.1204557565904765,3.179052581151127,-3.138108269729339,1.3210472474384773,0.5995804787071934,-1.263226202583357,0,test
1.448888740721849,1.3199934415734442,6.0273797275114624,3.954177817437154,-2.204840026690461,-1.633249956245085,-0.3476169800567379,-2.3180435166037086,1.7680249456240205,-1.099451295643969,3.7206423327221887,-0.2713354312681817,1,test
4.013762888890325,-1.4798540903894868,-0.5025744804687928,1.5807851551509948,1.1742571291472277,0.025222604365696455,-0.08955132906688115,-3.983027451263792,-0.20590411522506957,0.7251598693073561,0.6601328350982603,-2.107690196187839,0,test
0.6409891010646074,-2.3650914800264893,-2.9207620287046945,-3.4979382905313665,1.841532651884195,2.365482803234142,0.45332506841441256,3.0289742065432503,-3.926693075340033,-0.5885084488648481,-5.582742965485385,-1.433142029488008,0,test
-3.887921339423361,4.252558124856943,1.7341659445561668,-0.3196930858055862,-1.2494916491215275,0.25655044503298763,0.4559562354464164,-2.894660570595754,-2.0826055000510566,0.07520126219714314,-3.109409504079843,-3.3915789813847734,1,test
1.4732916340858497,-0.14543113563810106,-0.5821051476401238,1.4923348570543058,3.035318526477048,2.5275653933173348,-0.8391594700740167,1.9955253235136803,-3.8647953605507395,1.9194720260115588,-1.0105547284487897,-1.4789190194881203,0,test
-3.0413766823262396,2.3303232359117256,1.6477049812123408,1.6519093314373152,0.9398572749224297,-1.3962100960841515,1.2207511204643489,-2.4245247497373086,-0.8318475017231006,1.1569141529847784,-2.7331569989397613,-1.7464133948073601,1,test
-3.112730824057005,-1.3936805429444599,3.737838710797969,5.518301984581859,-1.906776575855631,-0.5459027553888309,0.08031375647832281,6.184012384776802,0.4433391654056844,1.455502369148698,0.9459055111663064,4.20737383152042,1,test
-4.657749931317413,0.7296613390231028,2.966975931566234,1.6379647748084663,0.4365868778834914,-0.8147860111026615,1.738559305961654,3.1469236757837655,3.9800958390372507,-0.4455384977586031,-0.21044380664952733,2.764540331519343,1,test
-2.9989461290659367,1.0167034064642881,3.4566588790339043,5.884340691636353,-4.3746861093594624,3.2149603491830447,-1.5888625090161768,-0.9421519792696631,2.605641514634225,0.6218543481421472,1.586603276301705,0.30048829948997047,1,test
0.47175780635013553,-5.9978015522037715,-6.36360150915949,-1.045953687706637,-0.04175644805207135,2.1307770383097493,0.4627800734692038,-1.093287374173475,-5.850051292113424,-0.5619036020024373,-2.412274357458004,-3.244668362024373,0,test
2.48113895599042,-2.7653660834987717,0.9971029190599487,0.9645902168144911,4.678216690520745,-3.491397254143969,1.2567661382133217,-5.26061403800886,-1.7460739553975158,1.7219511490078885,1.3556890841827591,0.3499231742593969,0,test
4.462133632423727,-3.11362639757298,-2.389471516775749,-2.259673505779007,2.0887952445693405,2.5396384566675794,1.3261043124662093,3.1554705693975595,-2.0733268993126175,-0.8774918294385335,1.0405058884789709,-5.333925765558763,0,test
-0.29168653215040097,3.829368172698814,2.188932266821779,6.673747569467858,-5.453733279764737,-6.302369868413977,0.12829069537866958,-3.6642442161280604,-2.9619176013127357,0.7069346257992796,-1.3951261022835348,-0.6766949014154462,1,test
2.3013133418273712,-5.012459135716585,-0.3833463335827809,1.7998451292588078,1.930196977819228,-2.197815226374058,-1.3898880965225329,-4.357237579075286,-2.043521849422557,0.33548624827159923,-0.47339236034356436,1.5781881656001757,0,test
-5.206802651100999,3.7731316422529284,1.6326053090260615,0.7908683982297595,-4.7523938889516835,-3.691135287188895,-1.5026854633802726,4.515807192283592,0.4687428218587295,-0.5511333870367318,2.411754818018323,3.2832076331283364,1,test
2.9341564050404743,-1.2853844713560139,-1.4223038258103065,-1.0181260627327595,4.4070724329480795,2.020422001764503,-0.4120060916106314,4.877038361735154,-1.7243586990681918,-1.006933854547688,-2.5936559769338925,0.10877568391474002,0,test
