x,y,label,split,projection_method
7.818441,33.775284,0,train,tsne_2d
9.885224,-7.200637,0,train,tsne_2d
-23.192547,5.653577,0,train,tsne_2d
29.62304,-12.722457,0,train,tsne_2d
50.573135,5.3949594,0,train,tsne_2d
6.0833716,14.454456,0,train,tsne_2d
8.56097,-18.9363,0,train,tsne_2d
-10.920649,-30.112637,0,train,tsne_2d
27.84407,-3.039254,0,train,tsne_2d
25.034946,2.6460268,0,train,tsne_2d
-19.090725,-19.129875,0,train,tsne_2d
43.196373,18.9519,0,train,tsne_2d
-32.66139,-16.982687,1,train,tsne_2d
41.36727,-12.53954,0,train,tsne_2d
27.641459,12.361895,0,train,tsne_2d
-43.0284,-21.513012,0,train,tsne_2d
19.899553,-8.598902,0,train,tsne_2d
-7.4251046,-31.332747,0,train,tsne_2d
6.810291,39.63765,0,train,tsne_2d
45.58146,28.072304,0,train,tsne_2d
7.120224,12.9977665,0,train,tsne_2d
20.506735,3.2102728,0,train,tsne_2d
-37.018055,-31.771605,0,train,tsne_2d
0.27565837,18.091423,1,train,tsne_2d
-28.612534,-16.754292,0,train,tsne_2d
5.7135158,38.770264,1,train,tsne_2d
31.491606,4.451982,0,train,tsne_2d
34.7414,4.6102133,0,train,tsne_2d
2.8532193,0.5023553,0,train,tsne_2d
-31.382145,12.777382,0,train,tsne_2d
-36.122177,-17.77901,0,train,tsne_2d
-26.195454,-9.462101,1,train,tsne_2d
-21.539574,-5.179434,0,train,tsne_2d
51.83735,14.038364,0,train,tsne_2d
-11.859931,-33.081066,0,train,tsne_2d
-7.366977,24.410162,0,train,tsne_2d
-27.66696,-24.875574,0,train,tsne_2d
5.956171,28.538746,0,train,tsne_2d
42.676846,0.39518347,0,train,tsne_2d
-40.735382,-27.698954,0,train,tsne_2d
-3.4907887,-31.444431,0,train,tsne_2d
-24.563368,-24.914423,0,train,tsne_2d
-34.310158,-8.289479,0,train,tsne_2d
-0.8612675,22.138811,0,train,tsne_2d
-23.260406,4.605135,0,train,tsne_2d
-13.733054,-6.020021,0,train,tsne_2d
3.225607,28.83259,1,train,tsne_2d
1.1181557,5.5808115,0,train,tsne_2d
-5.4233537,-26.508984,0,train,tsne_2d
16.103977,16.670498,0,train,tsne_2d
33.47047,-8.534749,0,train,tsne_2d
-49.042473,-31.169634,0,train,tsne_2d
-4.2959375,-33.100933,0,train,tsne_2d
49.54115,9.815046,0,train,tsne_2d
55.4622,-1.5108691,0,train,tsne_2d
-21.37948,-33.756046,0,train,tsne_2d
-44.54626,4.5135226,0,train,tsne_2d
55.069073,8.385595,0,train,tsne_2d
0.5093547,40.7515,1,train,tsne_2d
-41.866814,-7.008479,0,train,tsne_2d
-22.16644,-27.110924,0,train,tsne_2d
1.1263769,41.67585,1,train,tsne_2d
-28.341667,15.281509,0,train,tsne_2d
-12.639378,-33.58783,0,train,tsne_2d
9.698474,39.648804,1,train,tsne_2d
-16.246914,-5.8083634,0,train,tsne_2d
-42.48223,-9.792152,0,train,tsne_2d
23.58387,15.664392,0,train,tsne_2d
-54.306446,-24.86982,0,train,tsne_2d
-37.705822,-5.0606604,0,train,tsne_2d
-4.9916706,29.436258,0,train,tsne_2d
-14.244433,21.855925,0,train,tsne_2d
18.50976,31.031736,1,train,tsne_2d
-44.94239,-1.2001556,0,train,tsne_2d
33.670803,-9.312349,0,train,tsne_2d
-32.068573,-32.097073,0,train,tsne_2d
-37.069286,9.022058,0,train,tsne_2d
-0.19692451,35.940228,1,train,tsne_2d
43.42577,-3.1346252,0,train,tsne_2d
-46.645237,4.930366,0,train,tsne_2d
8.54787,2.737901,0,train,tsne_2d
-31.455297,-5.3513217,0,train,tsne_2d
-47.37569,5.8268743,0,train,tsne_2d
1.421349,-16.427185,0,train,tsne_2d
-24.563599,-22.4055,0,train,tsne_2d
-11.835801,-36.363163,0,train,tsne_2d
9.762442,26.550474,0,train,tsne_2d
9.524287,-5.2321386,0,train,tsne_2d
-20.706823,-13.434877,0,train,tsne_2d
-28.412146,-29.118174,0,train,tsne_2d
-22.73015,-14.649964,0,train,tsne_2d
15.370217,-18.226227,1,train,tsne_2d
14.971157,-1.0076649,0,train,tsne_2d
35.807648,-10.889125,0,train,tsne_2d
-14.520091,-17.361149,0,train,tsne_2d
-30.84742,-33.138996,0,train,tsne_2d
-7.1413226,34.472446,0,train,tsne_2d
-42.034546,-1.5800102,0,train,tsne_2d
26.614836,14.889726,0,train,tsne_2d
-6.704843,15.7955,0,train,tsne_2d
12.227994,-10.613169,0,train,tsne_2d
-40.8352,-34.435688,0,train,tsne_2d
-3.938426,13.399279,1,train,tsne_2d
44.255676,25.47239,0,train,tsne_2d
40.488514,20.288372,0,train,tsne_2d
23.983047,26.39698,0,train,tsne_2d
9.593092,35.033897,0,train,tsne_2d
20.054853,-6.3233705,0,train,tsne_2d
4.82456,17.15687,0,train,tsne_2d
-31.985912,-29.198938,0,train,tsne_2d
46.905376,26.49144,0,train,tsne_2d
6.048199,10.541444,0,train,tsne_2d
8.753187,30.762554,0,train,tsne_2d
-5.7087007,22.305717,0,train,tsne_2d
-46.681732,-32.059296,0,train,tsne_2d
-21.440952,-18.596237,0,train,tsne_2d
19.197254,2.6477761,0,train,tsne_2d
-5.051284,19.097597,0,train,tsne_2d
54.584553,-3.6457124,0,train,tsne_2d
32.619392,6.7175074,0,train,tsne_2d
-17.24806,19.175854,0,train,tsne_2d
-0.7294245,27.48631,0,train,tsne_2d
-4.0653043,42.271484,1,train,tsne_2d
20.19099,9.290518,0,train,tsne_2d
0.5834659,-11.590716,0,train,tsne_2d
6.6442275,30.923914,0,train,tsne_2d
-13.83074,-30.74088,0,train,tsne_2d
-16.79029,22.260302,0,train,tsne_2d
-20.54103,-14.175261,0,train,tsne_2d
-34.744663,-12.454293,0,train,tsne_2d
-4.008849,23.591917,0,train,tsne_2d
42.28402,2.3128104,0,train,tsne_2d
42.558784,10.93405,0,train,tsne_2d
-9.881485,-8.901434,0,train,tsne_2d
11.471456,27.34432,0,train,tsne_2d
19.491154,5.312861,0,train,tsne_2d
-31.510866,-10.48371,0,train,tsne_2d
57.185432,12.452514,0,train,tsne_2d
6.19981,31.97811,1,train,tsne_2d
-54.11895,-1.8686949,0,train,tsne_2d
45.407333,12.833503,0,train,tsne_2d
20.060474,-15.487003,0,train,tsne_2d
-44.798347,-34.760292,0,train,tsne_2d
33.052284,-17.937893,0,train,tsne_2d
50.375675,12.931255,0,train,tsne_2d
19.169836,-25.790783,0,train,tsne_2d
29.087254,16.052616,0,train,tsne_2d
-48.350517,-11.915736,0,train,tsne_2d
-49.609993,-9.796722,0,train,tsne_2d
21.07684,3.5357127,0,train,tsne_2d
47.07047,13.367802,0,train,tsne_2d
-23.972229,-30.052969,0,train,tsne_2d
47.99804,19.662798,0,train,tsne_2d
16.283089,-13.403103,0,train,tsne_2d
8.514556,-15.545578,0,train,tsne_2d
11.95143,1.7888004,0,train,tsne_2d
19.292397,-3.048477,0,train,tsne_2d
51.306484,17.818495,0,train,tsne_2d
-51.050316,-14.646858,0,train,tsne_2d
-49.87671,-18.94337,0,train,tsne_2d
36.337868,19.715855,0,train,tsne_2d
-55.439312,-17.620245,0,train,tsne_2d
20.605219,6.1081986,0,train,tsne_2d
11.181634,-14.392707,0,train,tsne_2d
47.677956,25.77885,0,train,tsne_2d
14.11766,6.6043653,0,train,tsne_2d
-53.086063,-21.382524,1,train,tsne_2d
-7.4164715,-33.861,0,train,tsne_2d
-11.285132,16.786314,1,train,tsne_2d
5.0004163,-8.300872,0,train,tsne_2d
38.157997,12.999624,0,train,tsne_2d
16.972185,-8.121857,0,train,tsne_2d
-47.041588,-16.907936,0,train,tsne_2d
-36.991047,-13.7470255,0,train,tsne_2d
-30.30232,-27.9615,0,train,tsne_2d
49.35175,-10.157512,0,train,tsne_2d
2.4644704,13.64496,0,train,tsne_2d
-34.93025,-5.540857,0,train,tsne_2d
-9.163188,31.239481,0,train,tsne_2d
13.86063,35.77771,0,train,tsne_2d
11.420599,10.326914,0,train,tsne_2d
6.9531164,15.971565,0,train,tsne_2d
23.186613,-13.757935,0,train,tsne_2d
8.917959,-13.738974,0,train,tsne_2d
-7.9396706,7.00446,0,train,tsne_2d
-45.21529,-34.95245,0,train,tsne_2d
-0.2971619,-15.011796,0,train,tsne_2d
21.124086,13.49467,0,train,tsne_2d
42.857635,3.2266352,0,train,tsne_2d
-0.6340095,-30.228743,0,train,tsne_2d
-36.755856,-12.4729,0,train,tsne_2d
11.258373,-18.090675,0,train,tsne_2d
-33.579918,5.7361965,0,train,tsne_2d
-4.6736507,12.740052,1,train,tsne_2d
-47.58848,-12.25422,0,train,tsne_2d
4.5935483,13.265461,0,train,tsne_2d
17.093546,34.437637,1,train,tsne_2d
47.77916,3.6868606,0,train,tsne_2d
-29.57668,3.9722977,0,train,tsne_2d
2.7404895,-17.97413,0,train,tsne_2d
-23.215742,-14.71495,0,train,tsne_2d
-35.082726,-34.316143,0,train,tsne_2d
28.875856,20.361868,0,train,tsne_2d
11.975819,22.140507,0,train,tsne_2d
13.676358,-8.181669,0,train,tsne_2d
-36.574368,12.110616,0,train,tsne_2d
-39.78412,-14.7356615,0,train,tsne_2d
11.876797,-12.531966,1,train,tsne_2d
43.48143,4.4044557,0,train,tsne_2d
-45.015503,5.6286607,0,train,tsne_2d
33.713173,20.344463,0,train,tsne_2d
18.42471,31.02126,1,train,tsne_2d
32.368103,-3.6536872,0,train,tsne_2d
-42.050632,-5.839614,0,train,tsne_2d
5.990042,4.3921337,0,train,tsne_2d
-47.921143,-15.830257,0,train,tsne_2d
33.93424,20.341875,0,train,tsne_2d
0.85732216,40.400234,1,train,tsne_2d
0.68491197,13.87811,0,train,tsne_2d
-15.28529,-5.1431193,0,train,tsne_2d
-6.6036506,-10.03871,0,train,tsne_2d
37.118496,3.7359543,0,train,tsne_2d
49.28582,20.771189,0,train,tsne_2d
30.453106,-5.809811,0,train,tsne_2d
-3.5769703,13.2205305,1,train,tsne_2d
-26.742434,-30.33334,0,train,tsne_2d
30.79704,-8.711923,0,train,tsne_2d
-37.654827,-7.0346603,0,train,tsne_2d
10.860235,12.245128,0,train,tsne_2d
-10.171886,28.698114,1,train,tsne_2d
-49.38143,-13.475312,0,train,tsne_2d
7.907079,19.58412,0,train,tsne_2d
-25.855513,2.924471,0,train,tsne_2d
-49.09152,-34.658257,0,train,tsne_2d
-30.404827,-18.99407,0,train,tsne_2d
9.0784645,32.16016,0,train,tsne_2d
-6.950262,22.9977,0,train,tsne_2d
-42.695393,0.45748064,0,train,tsne_2d
-27.89419,-32.79541,0,train,tsne_2d
-12.326398,7.057529,0,train,tsne_2d
-40.641693,-20.734755,0,train,tsne_2d
8.101226,-0.8668459,0,train,tsne_2d
-35.404404,-14.173425,0,train,tsne_2d
-7.5218797,-33.73314,0,train,tsne_2d
27.89644,10.790714,0,train,tsne_2d
-38.628845,-12.409663,0,train,tsne_2d
11.691349,38.672325,1,train,tsne_2d
31.2501,-3.8542309,0,train,tsne_2d
16.849209,15.24182,0,train,tsne_2d
-40.725567,2.3175626,0,train,tsne_2d
34.07133,-12.838727,0,train,tsne_2d
34.71175,32.854855,0,train,tsne_2d
-19.27564,1.3485073,0,train,tsne_2d
49.162888,-2.82535,0,train,tsne_2d
44.813198,6.660862,0,train,tsne_2d
5.30117,-29.64462,0,train,tsne_2d
-27.037834,-39.341957,0,train,tsne_2d
20.843513,16.00004,0,train,tsne_2d
-15.882674,23.055223,0,train,tsne_2d
-16.785086,-28.942514,0,train,tsne_2d
-32.082443,2.7206051,0,train,tsne_2d
30.184416,-2.0260365,0,train,tsne_2d
-17.942837,10.029418,0,train,tsne_2d
-22.71638,14.099069,0,train,tsne_2d
34.92998,7.46533,0,train,tsne_2d
41.445755,31.437275,0,train,tsne_2d
0.99520665,-5.536806,1,train,tsne_2d
2.3989568,3.0798924,1,train,tsne_2d
-35.862183,15.67314,0,train,tsne_2d
7.654022,36.176666,0,train,tsne_2d
10.679195,9.844526,0,train,tsne_2d
20.184652,-15.667431,0,train,tsne_2d
-14.176243,-1.9304688,0,train,tsne_2d
1.2412318,31.91075,1,train,tsne_2d
-18.868341,-7.831615,0,train,tsne_2d
-2.93773,-1.1413289,0,train,tsne_2d
18.401962,27.018375,0,train,tsne_2d
-33.137096,-12.349115,0,train,tsne_2d
-21.335478,-3.8203952,0,train,tsne_2d
30.600935,20.65994,0,train,tsne_2d
-49.401787,-1.9560336,0,train,tsne_2d
-13.868783,-30.91073,0,train,tsne_2d
51.03154,7.667541,0,train,tsne_2d
53.328033,6.6989346,0,train,tsne_2d
0.78783727,36.36566,1,train,tsne_2d
44.811493,-2.7596266,0,train,tsne_2d
52.430664,21.739876,0,train,tsne_2d
57.415077,14.915086,0,train,tsne_2d
23.095913,-13.957978,0,train,tsne_2d
4.3378835,36.70874,1,train,tsne_2d
-0.5377447,-22.51192,0,train,tsne_2d
56.415176,17.550516,0,train,tsne_2d
8.220045,27.714144,0,train,tsne_2d
-46.526474,-3.9317567,0,train,tsne_2d
-13.260427,-2.0663214,0,train,tsne_2d
29.681961,16.38354,0,train,tsne_2d
-5.7738323,15.91736,0,train,tsne_2d
-27.425488,-6.957932,0,train,tsne_2d
54.76022,9.851816,0,train,tsne_2d
-30.350426,-23.16931,0,train,tsne_2d
44.06537,14.219058,0,train,tsne_2d
50.41634,15.703237,0,train,tsne_2d
43.394623,4.1644516,0,train,tsne_2d
45.52806,-1.9801065,0,train,tsne_2d
-29.534723,4.085667,0,train,tsne_2d
-39.773087,12.388277,0,train,tsne_2d
19.596445,7.2532544,0,train,tsne_2d
-11.383211,-27.167295,0,train,tsne_2d
38.916264,-2.4252043,0,train,tsne_2d
26.936413,-18.069763,0,train,tsne_2d
-33.35585,-30.403091,0,train,tsne_2d
-29.645887,-7.7317452,0,train,tsne_2d
55.464138,9.56263,0,train,tsne_2d
2.3569765,9.108465,0,train,tsne_2d
-13.59379,9.647364,0,train,tsne_2d
-28.569319,-5.707711,0,train,tsne_2d
-18.728996,2.8857317,0,train,tsne_2d
23.471416,15.423807,0,train,tsne_2d
44.389217,-9.213314,0,train,tsne_2d
51.300945,13.608185,0,train,tsne_2d
55.71663,-4.9292836,0,train,tsne_2d
17.332415,9.856778,0,train,tsne_2d
-23.0066,16.078974,0,train,tsne_2d
33.417583,25.566687,0,train,tsne_2d
-20.759588,-36.31948,1,train,tsne_2d
49.349567,11.655177,0,train,tsne_2d
-48.437984,-17.32562,0,train,tsne_2d
-24.352474,-23.080181,0,train,tsne_2d
17.329336,17.463184,0,train,tsne_2d
-31.527622,-10.803456,0,train,tsne_2d
-14.844027,-20.033348,0,train,tsne_2d
46.36567,16.55621,0,train,tsne_2d
-58.07348,-15.749504,0,train,tsne_2d
-49.252872,-28.104506,0,train,tsne_2d
-27.636097,13.670738,0,train,tsne_2d
12.604852,30.837404,0,train,tsne_2d
35.144485,-14.231474,0,train,tsne_2d
-26.5743,-16.302471,0,train,tsne_2d
44.435883,1.0615454,0,train,tsne_2d
44.238914,25.083559,0,train,tsne_2d
44.29678,1.1005571,0,train,tsne_2d
12.492544,-17.999754,0,train,tsne_2d
43.56382,-7.706496,0,train,tsne_2d
24.652842,-1.8415872,0,train,tsne_2d
30.460724,21.326017,0,train,tsne_2d
58.260853,11.230278,0,train,tsne_2d
-0.36730647,-8.656527,0,train,tsne_2d
-8.909698,-27.982828,0,train,tsne_2d
13.558822,33.115955,0,train,tsne_2d
-12.308682,-26.751093,0,train,tsne_2d
-6.350519,-5.556345,0,train,tsne_2d
-10.527451,21.615456,0,train,tsne_2d
0.0047181374,-29.858614,0,train,tsne_2d
-19.445011,-5.085149,0,train,tsne_2d
-9.735757,7.3917847,0,train,tsne_2d
24.590239,33.4204,0,train,tsne_2d
-8.0147505,-28.588087,0,train,tsne_2d
-8.103624,-23.993082,0,train,tsne_2d
-38.33896,-27.36195,1,train,tsne_2d
-15.62247,6.678032,0,train,tsne_2d
-54.016247,-24.844446,0,train,tsne_2d
-43.001713,-16.340544,0,train,tsne_2d
11.526433,3.130675,0,train,tsne_2d
6.2383456,-25.50487,0,train,tsne_2d
34.51726,-15.373531,0,train,tsne_2d
-35.134945,-11.764014,0,train,tsne_2d
2.1156802,25.266245,1,train,tsne_2d
46.638702,15.766068,0,train,tsne_2d
43.837753,26.736952,0,train,tsne_2d
-48.626816,-18.36717,0,train,tsne_2d
10.154064,-0.85142004,0,train,tsne_2d
-41.5015,2.654944,0,train,tsne_2d
-8.744926,-34.689514,0,train,tsne_2d
-22.790255,2.4987676,0,train,tsne_2d
-27.005009,5.828594,0,train,tsne_2d
8.281826,8.889309,1,train,tsne_2d
-10.318419,21.664627,0,train,tsne_2d
-29.587765,11.505262,0,train,tsne_2d
3.2649953,-5.570047,1,train,tsne_2d
44.99551,-13.139915,0,train,tsne_2d
-39.733814,-24.76995,0,train,tsne_2d
-3.4443133,23.853119,0,train,tsne_2d
28.487627,10.912269,0,train,tsne_2d
1.225524,30.394556,1,train,tsne_2d
17.932858,15.78404,0,train,tsne_2d
-32.515114,-4.920718,0,train,tsne_2d
28.600922,-13.655769,0,train,tsne_2d
-38.129486,4.176172,0,train,tsne_2d
-52.11282,-27.66831,0,train,tsne_2d
-5.6016827,0.869355,0,train,tsne_2d
-36.99925,-19.050005,0,train,tsne_2d
-39.12821,5.6235275,0,train,tsne_2d
11.065847,6.2433395,0,train,tsne_2d
-27.766834,-5.775222,0,train,tsne_2d
47.647423,11.625879,0,train,tsne_2d
-20.860464,22.255762,1,train,tsne_2d
-52.04824,-11.285532,0,train,tsne_2d
47.874752,-1.8501191,0,train,tsne_2d
-10.708758,1.2924064,0,train,tsne_2d
48.50824,0.3312268,0,train,tsne_2d
-7.4919915,22.404043,0,train,tsne_2d
-31.235603,6.305646,0,train,tsne_2d
-26.9355,11.472173,0,train,tsne_2d
52.518036,21.52647,0,train,tsne_2d
-33.623283,-20.681372,0,train,tsne_2d
-8.984293,6.509042,0,train,tsne_2d
22.09008,-16.312025,0,train,tsne_2d
31.905788,28.75348,0,train,tsne_2d
31.32541,18.414211,0,train,tsne_2d
2.7353604,21.116283,0,train,tsne_2d
17.76207,27.858368,0,train,tsne_2d
46.09753,7.5950804,0,train,tsne_2d
-15.083466,-19.121729,0,train,tsne_2d
1.7008233,28.090189,0,train,tsne_2d
-5.8950844,-30.701506,0,train,tsne_2d
-14.763303,6.831104,0,train,tsne_2d
57.646408,12.592429,0,train,tsne_2d
36.972343,4.1743827,0,train,tsne_2d
14.961135,5.678874,0,train,tsne_2d
-20.439518,4.378263,0,train,tsne_2d
-36.27016,-21.45135,0,train,tsne_2d
-8.724394,-13.447065,0,train,tsne_2d
37.330433,23.995836,0,train,tsne_2d
37.51869,-8.186332,0,train,tsne_2d
22.648893,20.761763,0,train,tsne_2d
-32.86687,-14.612554,0,train,tsne_2d
-28.62775,14.878177,0,train,tsne_2d
-36.609905,-6.16642,0,train,tsne_2d
32.71143,26.07345,0,train,tsne_2d
52.101112,7.719808,0,train,tsne_2d
-13.947611,-33.69443,0,train,tsne_2d
30.986832,-8.798528,0,train,tsne_2d
39.58878,17.723665,0,train,tsne_2d
-46.267235,-12.087048,0,train,tsne_2d
29.811659,-15.577921,0,train,tsne_2d
-16.835552,1.4103947,0,train,tsne_2d
2.59658,28.601616,0,train,tsne_2d
16.658102,-9.915122,0,train,tsne_2d
-8.388624,-10.916748,0,train,tsne_2d
-47.54637,-34.69746,0,train,tsne_2d
-51.692497,-18.951565,0,train,tsne_2d
31.861193,31.400745,0,train,tsne_2d
28.023296,10.318136,0,train,tsne_2d
7.8866982,-22.452362,0,train,tsne_2d
0.022492636,-5.721506,1,train,tsne_2d
-36.725113,-0.9378568,0,train,tsne_2d
24.58046,17.626352,0,train,tsne_2d
45.953598,8.434667,0,train,tsne_2d
-15.377424,24.822681,0,train,tsne_2d
12.416875,33.795704,0,train,tsne_2d
-18.031845,13.128336,0,train,tsne_2d
17.472385,27.492243,0,train,tsne_2d
-19.657637,22.040869,0,train,tsne_2d
16.094496,37.573322,1,train,tsne_2d
53.06047,-0.1934132,0,train,tsne_2d
-9.671405,-16.749565,0,train,tsne_2d
-49.569473,-5.220143,0,train,tsne_2d
-27.667793,-35.600258,0,train,tsne_2d
-31.289642,13.178676,0,train,tsne_2d
0.29541305,11.300851,0,train,tsne_2d
-11.162931,-8.052768,0,train,tsne_2d
-3.9344862,21.515217,1,train,tsne_2d
50.41417,5.231214,0,train,tsne_2d
47.076405,8.024358,0,train,tsne_2d
54.0022,8.240362,0,train,tsne_2d
-25.401485,-12.437617,0,train,tsne_2d
-28.473434,-34.750893,0,train,tsne_2d
20.893425,-10.429392,0,train,tsne_2d
22.556877,-14.55149,0,train,tsne_2d
-30.658073,1.7092372,0,train,tsne_2d
-0.37037596,-13.42026,0,train,tsne_2d
-5.6061463,42.85173,0,train,tsne_2d
-34.04259,-12.291137,0,train,tsne_2d
-50.0866,-18.617874,0,train,tsne_2d
-13.868889,-30.125648,0,train,tsne_2d
34.6725,-7.676448,0,train,tsne_2d
58.821857,14.398945,0,train,tsne_2d
-30.213305,4.4593663,0,train,tsne_2d
44.95141,-4.690469,0,train,tsne_2d
-31.961151,-1.5223914,0,train,tsne_2d
44.58056,25.29399,0,train,tsne_2d
-33.833687,-6.056743,0,train,tsne_2d
3.7792792,36.87471,1,train,tsne_2d
35.601173,11.085698,0,train,tsne_2d
37.44855,-7.8454614,0,train,tsne_2d
29.87278,26.521553,0,train,tsne_2d
-34.23026,2.52281,0,train,tsne_2d
-15.261002,8.371135,0,train,tsne_2d
-45.13793,6.674019,0,train,tsne_2d
34.412376,-15.093633,0,train,tsne_2d
-7.629153,-3.3932602,0,train,tsne_2d
-0.44628707,21.582092,0,train,tsne_2d
-9.42914,27.587362,0,train,tsne_2d
-23.97458,4.2420526,0,train,tsne_2d
59.6572,7.2085834,0,train,tsne_2d
17.835354,-0.30627012,0,train,tsne_2d
43.605934,17.77193,0,train,tsne_2d
-1.2705129,-22.894203,0,train,tsne_2d
-29.344433,7.372609,0,train,tsne_2d
0.37699264,-17.327335,0,train,tsne_2d
-42.917656,-15.073377,0,train,tsne_2d
5.1634417,42.13119,0,train,tsne_2d
39.147354,9.481928,0,train,tsne_2d
-16.013363,-29.212236,0,train,tsne_2d
-42.708584,-0.7561467,0,train,tsne_2d
-3.008971,23.537933,1,train,tsne_2d
-7.7249465,-8.168179,0,train,tsne_2d
30.705217,-4.110309,0,train,tsne_2d
21.82803,-4.4687586,0,train,tsne_2d
46.451775,-5.353129,0,train,tsne_2d
23.871468,2.879154,0,train,tsne_2d
16.220907,10.397538,0,train,tsne_2d
-25.463213,14.477038,0,train,tsne_2d
-18.074995,-7.3972807,0,train,tsne_2d
-15.513328,-19.75011,0,train,tsne_2d
-22.695702,-17.084541,0,train,tsne_2d
-33.290707,-23.096025,0,train,tsne_2d
-29.149406,12.52782,0,train,tsne_2d
-47.530792,0.14881894,0,train,tsne_2d
-15.858652,-7.2800846,0,train,tsne_2d
-15.822471,-11.149904,0,train,tsne_2d
1.792587,10.026845,0,train,tsne_2d
-36.105644,2.929271,0,train,tsne_2d
-31.656328,-15.108288,0,train,tsne_2d
0.0478217,23.733164,0,train,tsne_2d
-30.931572,-28.111198,0,train,tsne_2d
9.150855,38.26678,1,train,tsne_2d
29.997744,-1.8461969,0,train,tsne_2d
7.736221,-15.363473,0,train,tsne_2d
47.483013,15.131217,0,train,tsne_2d
-11.081244,-7.1515737,0,train,tsne_2d
-31.46242,-0.7401496,0,train,tsne_2d
-24.95556,-10.739385,0,train,tsne_2d
32.936836,-14.977065,0,train,tsne_2d
-22.548998,-20.18476,0,train,tsne_2d
-11.999162,14.9903345,0,train,tsne_2d
-6.7381425,24.119284,0,train,tsne_2d
54.65421,6.3929667,1,train,tsne_2d
-17.418045,-15.535617,0,train,tsne_2d
-9.621338,7.161664,0,train,tsne_2d
8.976646,8.571755,0,train,tsne_2d
-32.777435,-15.284529,0,train,tsne_2d
-6.572157,10.979612,0,train,tsne_2d
-9.64292,-16.92199,0,train,tsne_2d
5.064142,-2.5855918,0,train,tsne_2d
-19.367998,-2.0590103,0,train,tsne_2d
37.193027,-12.669619,0,train,tsne_2d
38.023235,29.563236,0,train,tsne_2d
-4.3602595,-30.420277,0,train,tsne_2d
9.005626,14.544813,0,train,tsne_2d
1.6488193,-23.901743,0,train,tsne_2d
-46.758865,4.713349,0,train,tsne_2d
-39.24904,-2.6182282,0,train,tsne_2d
-41.539776,-29.185442,0,train,tsne_2d
-49.873352,-3.3834631,0,train,tsne_2d
-1.0129688,40.098373,1,train,tsne_2d
-24.535244,6.759232,0,train,tsne_2d
33.355145,11.310777,1,train,tsne_2d
14.035886,15.463475,0,train,tsne_2d
-25.44824,-15.312355,0,train,tsne_2d
-12.216973,-19.611946,0,train,tsne_2d
-2.9656339,-29.051138,0,train,tsne_2d
1.6179061,33.299202,0,train,tsne_2d
19.07716,2.0943143,0,train,tsne_2d
12.114402,16.43344,0,train,tsne_2d
-15.5767975,8.305257,0,train,tsne_2d
25.205515,9.592215,0,train,tsne_2d
-23.677109,-17.404428,0,train,tsne_2d
43.645786,7.429691,0,train,tsne_2d
13.57251,-6.084449,1,train,tsne_2d
-23.388323,-21.624958,0,train,tsne_2d
18.22806,18.521736,0,train,tsne_2d
-18.406187,5.0507913,0,train,tsne_2d
-34.547188,-24.5643,0,train,tsne_2d
48.982655,-0.80667204,0,train,tsne_2d
13.201571,23.73832,0,train,tsne_2d
-50.352573,-17.71864,0,train,tsne_2d
48.46267,-4.7028174,0,train,tsne_2d
48.735825,-7.880633,0,train,tsne_2d
-25.043386,-1.5967942,0,train,tsne_2d
35.25537,7.436047,0,train,tsne_2d
6.1239934,-14.348316,0,train,tsne_2d
-52.724136,2.3074389,0,train,tsne_2d
10.106423,14.645623,0,train,tsne_2d
-48.817417,0.75216424,0,train,tsne_2d
-40.130554,12.789194,0,train,tsne_2d
44.23912,12.561244,0,train,tsne_2d
-43.096714,5.24098,0,train,tsne_2d
-27.57931,-28.863478,0,train,tsne_2d
46.983376,5.7329836,0,train,tsne_2d
21.1476,10.1308565,0,train,tsne_2d
40.729042,3.5551162,0,train,tsne_2d
-32.391663,-32.276806,0,train,tsne_2d
-31.660736,-18.74198,0,train,tsne_2d
-14.648893,-23.136562,0,train,tsne_2d
24.316925,26.042263,0,train,tsne_2d
-1.3535607,30.317844,1,train,tsne_2d
35.82233,-19.613268,0,train,tsne_2d
-41.325455,-15.918815,0,train,tsne_2d
-29.457174,7.063997,0,train,tsne_2d
6.2695203,14.055414,0,train,tsne_2d
13.279553,28.367699,0,train,tsne_2d
-11.695,9.241709,0,train,tsne_2d
-5.807106,-4.7634997,0,train,tsne_2d
28.152725,-17.231163,0,train,tsne_2d
51.708847,24.786037,0,train,tsne_2d
12.802753,19.079763,0,train,tsne_2d
-49.191765,-14.31698,0,train,tsne_2d
23.336557,5.106337,0,train,tsne_2d
-5.797648,27.823132,0,train,tsne_2d
-6.8389864,-10.579077,0,train,tsne_2d
42.863693,-5.9833775,0,train,tsne_2d
-42.949684,-13.877944,0,train,tsne_2d
11.530312,30.560493,0,train,tsne_2d
-44.620518,-6.0240383,0,train,tsne_2d
13.773596,17.101288,0,train,tsne_2d
-37.75526,13.52056,0,train,tsne_2d
-20.608648,-25.265442,0,train,tsne_2d
6.633412,23.278614,0,train,tsne_2d
36.73048,-1.0613292,0,train,tsne_2d
-2.9532042,24.611925,0,train,tsne_2d
-12.441888,15.030954,0,train,tsne_2d
23.776054,-7.0718775,0,train,tsne_2d
-14.455121,13.648016,0,train,tsne_2d
-47.702175,-8.002569,0,train,tsne_2d
-32.626305,-0.05045026,0,train,tsne_2d
2.1490295,41.406418,1,train,tsne_2d
-2.0629451,13.679019,0,train,tsne_2d
11.86544,-3.8209543,0,train,tsne_2d
18.056276,-21.571407,1,train,tsne_2d
27.05847,3.4309804,0,train,tsne_2d
42.177254,8.369643,0,train,tsne_2d
56.8357,17.336739,0,train,tsne_2d
-28.392923,8.915606,0,train,tsne_2d
-4.04585,-1.306936,0,train,tsne_2d
-37.697712,-14.276855,0,train,tsne_2d
-33.259476,-19.295336,0,train,tsne_2d
5.732,10.362629,0,train,tsne_2d
-28.824192,-36.538013,0,train,tsne_2d
-31.019999,-3.4426699,0,train,tsne_2d
-28.215506,5.546751,0,train,tsne_2d
39.41803,-3.7213562,0,train,tsne_2d
-42.892616,-21.788359,0,train,tsne_2d
25.019672,-4.4392886,0,train,tsne_2d
1.8056172,-12.055749,0,train,tsne_2d
-15.419075,-26.033142,0,train,tsne_2d
-0.6966915,9.883129,0,train,tsne_2d
45.368225,-2.2115526,0,train,tsne_2d
21.608232,8.371156,0,train,tsne_2d
17.619772,15.587569,0,train,tsne_2d
-37.905575,-23.02767,0,train,tsne_2d
1.5905837,7.700404,0,train,tsne_2d
31.81511,-1.926045,1,train,tsne_2d
-54.094513,-6.863273,0,train,tsne_2d
-20.644066,-28.008766,0,train,tsne_2d
-7.125087,28.96055,0,train,tsne_2d
-4.671517,-31.071823,0,train,tsne_2d
29.091711,16.210592,0,train,tsne_2d
25.374367,-5.6468234,0,train,tsne_2d
13.573558,29.965374,0,train,tsne_2d
-43.478695,-5.3061624,0,train,tsne_2d
-47.990856,-20.658352,0,train,tsne_2d
-47.326973,-17.407724,0,train,tsne_2d
-5.2322683,36.104122,0,train,tsne_2d
-42.73578,-0.95585805,0,train,tsne_2d
14.93825,24.516146,0,train,tsne_2d
-35.548218,-20.860258,0,train,tsne_2d
-34.14126,-9.645227,0,train,tsne_2d
1.130145,-3.3526847,1,train,tsne_2d
6.380096,19.266132,0,train,tsne_2d
-16.003376,-10.03889,0,train,tsne_2d
-31.721529,-21.827705,0,train,tsne_2d
29.28882,25.03271,0,train,tsne_2d
17.622168,-0.3987894,0,train,tsne_2d
-4.23654,21.578907,0,train,tsne_2d
3.0582047,16.510506,1,train,tsne_2d
8.653355,-26.48129,0,train,tsne_2d
38.924175,-8.216926,0,train,tsne_2d
7.813678,-0.9457818,0,train,tsne_2d
-13.608247,-11.771945,0,train,tsne_2d
21.902634,-4.6820726,0,train,tsne_2d
47.88347,25.529253,0,train,tsne_2d
-13.809417,-1.8478998,0,train,tsne_2d
-35.897972,1.9539737,0,train,tsne_2d
35.754974,21.248863,0,train,tsne_2d
49.00503,3.0965643,0,train,tsne_2d
-9.376832,31.293898,0,train,tsne_2d
27.293991,17.26646,0,train,tsne_2d
-12.636688,20.986204,0,train,tsne_2d
-1.3898447,-8.629682,0,train,tsne_2d
-1.4401006,16.309063,0,train,tsne_2d
-36.016415,6.106887,0,train,tsne_2d
-40.10566,-2.454225,0,train,tsne_2d
13.032602,24.478037,0,train,tsne_2d
-38.30138,-27.410088,0,train,tsne_2d
-20.61411,-14.52563,0,train,tsne_2d
10.13898,30.32514,0,train,tsne_2d
32.911774,13.825444,0,train,tsne_2d
19.640463,11.784291,0,train,tsne_2d
-14.703061,3.7488837,0,train,tsne_2d
18.245565,-21.839518,1,train,tsne_2d
5.078485,-14.048124,0,train,tsne_2d
53.75157,18.777317,0,train,tsne_2d
-1.4729389,4.0190196,0,train,tsne_2d
27.773907,-6.0301266,0,train,tsne_2d
-4.577587,35.68132,1,train,tsne_2d
26.92032,-3.0034928,0,train,tsne_2d
-11.169167,7.655815,0,train,tsne_2d
35.18968,-3.6981063,0,train,tsne_2d
7.4979916,41.1625,1,train,tsne_2d
-36.25901,7.2256517,0,train,tsne_2d
44.902676,-7.2990565,0,train,tsne_2d
-38.568672,-10.693006,0,train,tsne_2d
16.388315,-12.82442,0,train,tsne_2d
-37.431057,-17.66765,0,train,tsne_2d
-14.759721,-7.9808416,0,train,tsne_2d
27.004639,-22.612751,0,train,tsne_2d
-12.800403,-28.69606,0,train,tsne_2d
-9.636791,28.25281,1,train,tsne_2d
-52.901665,-7.928249,0,train,tsne_2d
53.915916,16.58069,0,train,tsne_2d
-41.65151,-31.996336,1,train,tsne_2d
-16.313892,-24.064194,0,train,tsne_2d
28.201227,27.697506,0,train,tsne_2d
20.61057,24.439947,0,train,tsne_2d
-4.495906,42.984253,1,train,tsne_2d
-38.15805,1.3207031,0,train,tsne_2d
22.714926,-20.629515,0,train,tsne_2d
-24.757843,-13.086505,0,train,tsne_2d
-28.783072,-14.7797,0,train,tsne_2d
-4.8219805,7.1133995,0,train,tsne_2d
9.309964,20.490244,1,train,tsne_2d
34.8327,7.47427,0,train,tsne_2d
-0.42736498,-30.003656,0,train,tsne_2d
0.71799326,28.317404,0,train,tsne_2d
-39.410732,-34.57831,0,train,tsne_2d
41.250553,-2.134102,0,train,tsne_2d
-29.388737,-37.759823,0,train,tsne_2d
-39.207962,-17.933746,1,train,tsne_2d
24.123636,3.0008411,0,train,tsne_2d
31.636478,15.13654,0,train,tsne_2d
-37.058548,13.643688,0,train,tsne_2d
-21.395945,21.888767,1,train,tsne_2d
28.151188,-6.088931,0,train,tsne_2d
-19.515772,-19.94955,0,train,tsne_2d
-24.548069,-23.783318,0,train,tsne_2d
-32.317703,-10.070089,0,train,tsne_2d
22.107182,10.353965,0,train,tsne_2d
-44.73138,-28.883337,0,train,tsne_2d
34.74392,20.285252,0,train,tsne_2d
-7.6503935,-0.11291583,0,train,tsne_2d
-38.244316,-17.937674,1,train,tsne_2d
-2.5209334,14.736886,0,train,tsne_2d
-6.9200845,-11.911851,0,train,tsne_2d
43.48441,26.520231,0,train,tsne_2d
21.541056,-1.1542492,0,train,tsne_2d
-14.053757,14.284207,0,train,tsne_2d
-29.232635,11.455996,0,train,tsne_2d
-36.64717,-37.55004,0,train,tsne_2d
2.2462873,22.311153,0,train,tsne_2d
0.38985613,27.670723,0,train,tsne_2d
34.216682,17.984703,0,train,tsne_2d
-8.052118,-29.475237,0,train,tsne_2d
-37.48112,4.8829393,0,train,tsne_2d
-22.362314,-0.46336246,0,train,tsne_2d
14.45402,24.10643,0,train,tsne_2d
-15.593238,-27.158878,1,train,tsne_2d
23.401209,0.36862066,0,train,tsne_2d
-0.89734066,23.611156,1,train,tsne_2d
9.969565,21.08578,0,train,tsne_2d
29.390635,10.08578,0,train,tsne_2d
-24.709988,-25.903524,0,train,tsne_2d
-34.09546,-36.109467,0,train,tsne_2d
-0.30787128,42.69108,1,train,tsne_2d
-15.237479,18.01468,0,train,tsne_2d
-28.463528,-30.350441,0,train,tsne_2d
-16.466257,-29.479893,0,train,tsne_2d
-5.018041,-25.770647,0,train,tsne_2d
39.3633,6.751622,0,train,tsne_2d
-17.200953,-0.20348538,0,train,tsne_2d
20.053705,-1.6948949,0,train,tsne_2d
35.06543,22.565683,0,train,tsne_2d
-16.672077,-17.033905,0,train,tsne_2d
-27.531944,-26.462364,0,train,tsne_2d
-3.6370168,26.289452,0,train,tsne_2d
45.978706,15.168855,0,train,tsne_2d
16.253925,19.026276,0,train,tsne_2d
30.960724,1.5561723,0,train,tsne_2d
30.779312,32.759315,0,train,tsne_2d
46.835274,0.0744569,0,train,tsne_2d
17.367363,3.8047287,0,train,tsne_2d
-27.921385,-11.475624,0,train,tsne_2d
18.579485,-8.423158,0,train,tsne_2d
-52.491127,-24.381847,0,train,tsne_2d
1.9475794,-14.016376,0,train,tsne_2d
36.08377,9.618868,0,train,tsne_2d
-29.302202,14.912288,0,train,tsne_2d
40.79421,3.338216,0,train,tsne_2d
0.93273526,-11.5252495,0,train,tsne_2d
6.863774,-10.671041,0,train,tsne_2d
-27.751228,-35.44975,0,train,tsne_2d
-2.2508247,4.0644374,0,train,tsne_2d
-31.34791,-5.61111,0,train,tsne_2d
-15.634964,-12.41627,0,train,tsne_2d
20.350138,-2.3282073,0,train,tsne_2d
-16.802013,-6.038929,0,train,tsne_2d
48.451553,-5.116348,0,train,tsne_2d
-51.98361,-11.017711,0,train,tsne_2d
-36.964,6.0724134,0,train,tsne_2d
11.533114,21.797836,0,train,tsne_2d
-21.830904,-30.240532,0,train,tsne_2d
-41.097347,-7.3302608,0,train,tsne_2d
-10.551295,-3.016862,0,train,tsne_2d
45.47922,6.324159,0,train,tsne_2d
-36.254734,-24.422293,0,train,tsne_2d
-17.194963,4.3644805,0,train,tsne_2d
36.892063,-8.099926,0,train,tsne_2d
36.333076,29.260946,0,train,tsne_2d
2.5172362,5.6527596,0,train,tsne_2d
14.280002,1.5869995,0,train,tsne_2d
55.423904,6.2052803,0,train,tsne_2d
-1.2632201,-20.102882,0,train,tsne_2d
-35.698017,-31.518702,0,train,tsne_2d
16.753206,-7.9005237,0,train,tsne_2d
-27.848251,-4.471564,0,train,tsne_2d
-23.041359,7.346777,0,train,tsne_2d
-36.954796,-29.975054,0,train,tsne_2d
9.348252,9.368065,0,train,tsne_2d
-38.485016,8.677958,0,train,tsne_2d
-5.9722977,-22.409843,0,train,tsne_2d
-48.320774,-13.63891,0,train,tsne_2d
52.701187,12.451392,0,train,tsne_2d
-33.760017,5.8511195,0,train,tsne_2d
-41.357624,7.519803,0,train,tsne_2d
-6.501667,16.627283,1,train,tsne_2d
-0.2775113,-17.13393,0,train,tsne_2d
-34.172462,-5.2100143,0,train,tsne_2d
1.5624988,-5.208282,1,train,tsne_2d
53.350464,-0.36525786,0,train,tsne_2d
-33.73803,-25.414589,0,train,tsne_2d
-27.25879,-3.401969,0,train,tsne_2d
-7.7403708,-25.83362,1,train,tsne_2d
-40.683037,-24.749212,0,train,tsne_2d
1.396652,30.572931,1,train,tsne_2d
46.789005,21.815245,0,train,tsne_2d
-8.836361,-21.684628,0,train,tsne_2d
41.73744,19.062355,0,train,tsne_2d
-52.696976,-18.938065,0,train,tsne_2d
3.623562,-20.563046,0,train,tsne_2d
-33.158535,-27.87334,0,train,tsne_2d
36.400616,8.091005,0,train,tsne_2d
30.352587,11.428449,0,train,tsne_2d
9.083864,6.5521784,0,train,tsne_2d
-45.563972,2.1389494,0,train,tsne_2d
16.146948,8.402923,0,train,tsne_2d
21.212936,8.877913,0,train,tsne_2d
-45.793663,-7.341331,0,train,tsne_2d
-11.5995865,11.910337,0,train,tsne_2d
-56.288147,-20.88307,0,train,tsne_2d
-0.9371822,-11.675231,0,train,tsne_2d
-43.700092,-0.48177254,0,train,tsne_2d
-25.061932,10.54143,0,train,tsne_2d
-56.74658,-7.143429,0,train,tsne_2d
2.977988,44.507195,1,train,tsne_2d
39.49455,23.082678,0,train,tsne_2d
-23.878838,-1.1487912,0,train,tsne_2d
6.638595,8.683875,0,train,tsne_2d
-35.48768,-18.993889,0,train,tsne_2d
-28.558846,2.005217,0,train,tsne_2d
-1.5434988,-34.15037,0,train,tsne_2d
47.245625,-6.0676336,0,train,tsne_2d
52.10289,10.636895,0,train,tsne_2d
16.473547,-11.008218,1,train,tsne_2d
-16.750101,-1.8762944,0,train,tsne_2d
-23.086868,-24.81788,0,train,tsne_2d
25.891396,23.84954,0,train,tsne_2d
-1.8044672,13.871841,0,train,tsne_2d
8.008723,-16.180006,0,train,tsne_2d
8.882342,36.650173,0,train,tsne_2d
-20.58556,-26.061457,0,train,tsne_2d
-18.955217,-26.07224,0,train,tsne_2d
-41.400093,-29.68293,0,train,tsne_2d
34.161087,21.643154,0,train,tsne_2d
18.347862,1.5950371,0,train,tsne_2d
-51.585667,-19.958317,1,train,tsne_2d
26.878384,33.70275,0,train,tsne_2d
32.089897,22.962828,0,train,tsne_2d
-4.118436,2.9903312,0,train,tsne_2d
8.890453,19.087423,0,train,tsne_2d
-42.125748,-24.302462,0,train,tsne_2d
45.029884,2.868095,0,train,tsne_2d
5.999662,42.57898,1,train,tsne_2d
-21.902914,0.45377538,0,train,tsne_2d
34.998444,0.45687264,0,train,tsne_2d
-7.237195,-16.442873,0,train,tsne_2d
34.4957,34.39012,0,train,tsne_2d
36.453094,20.68557,0,train,tsne_2d
47.566032,-9.785957,0,train,tsne_2d
2.052545,-17.974405,0,train,tsne_2d
40.763268,3.341806,0,train,tsne_2d
21.958126,-18.702618,0,train,tsne_2d
34.718353,32.568066,0,train,tsne_2d
17.44766,17.572964,0,train,tsne_2d
0.5609364,-16.61743,0,train,tsne_2d
11.808182,-21.430305,0,train,tsne_2d
-19.763533,-26.544321,0,train,tsne_2d
20.839643,33.178745,0,train,tsne_2d
-19.695282,22.01127,0,train,tsne_2d
-47.86988,-9.100249,0,train,tsne_2d
-7.4948993,-31.509321,0,train,tsne_2d
58.71278,8.910778,0,train,tsne_2d
-5.9972377,16.025799,0,train,tsne_2d
16.7415,-6.796353,0,train,tsne_2d
-5.755553,-31.611372,0,train,tsne_2d
-10.264837,-33.045788,0,train,tsne_2d
-42.8584,-16.23735,0,train,tsne_2d
18.039469,-7.9020004,0,train,tsne_2d
-10.7416,-28.427809,0,train,tsne_2d
9.176974,-2.7852674,0,train,tsne_2d
15.087358,21.108156,0,train,tsne_2d
36.38494,-5.571675,0,train,tsne_2d
-28.62369,-17.004333,0,train,tsne_2d
-3.3679461,32.09001,1,train,tsne_2d
-7.1356864,22.759668,0,train,tsne_2d
10.072563,1.3940338,0,train,tsne_2d
-37.757343,-29.123005,0,train,tsne_2d
16.701834,-21.935587,1,train,tsne_2d
-2.965569,41.597626,1,train,tsne_2d
38.346664,13.486236,0,train,tsne_2d
-4.362316,-12.115272,1,train,tsne_2d
35.371223,17.62318,0,train,tsne_2d
33.467022,27.914125,0,train,tsne_2d
26.4928,18.158846,0,train,tsne_2d
35.299187,23.301937,0,train,tsne_2d
44.274933,2.029009,0,train,tsne_2d
2.2925103,22.174175,1,train,tsne_2d
0.45608425,-18.582518,0,train,tsne_2d
-14.150509,-15.907747,0,train,tsne_2d
-24.256073,-32.3129,0,train,tsne_2d
-3.6050594,43.671432,1,train,tsne_2d
-43.46591,-31.243021,0,train,tsne_2d
-35.805595,-28.710842,0,train,tsne_2d
28.019957,20.537512,0,train,tsne_2d
22.360235,20.50031,0,train,tsne_2d
27.73491,31.71962,0,train,tsne_2d
21.918684,-20.3205,0,train,tsne_2d
-19.965513,-30.954184,0,train,tsne_2d
0.8128807,40.498905,1,train,tsne_2d
14.673629,-5.414873,1,train,tsne_2d
8.622956,4.0194936,0,train,tsne_2d
-37.752254,-20.099735,0,train,tsne_2d
-40.324425,-11.616082,0,train,tsne_2d
-20.10809,-16.430315,0,train,tsne_2d
25.671185,28.475866,0,train,tsne_2d
13.343658,17.910303,0,train,tsne_2d
54.040592,2.6297228,0,train,tsne_2d
37.696472,1.1810346,0,train,tsne_2d
-16.950459,14.829385,1,train,tsne_2d
-36.66019,-11.109094,0,train,tsne_2d
25.343094,5.0853457,0,train,tsne_2d
-48.729965,-34.82026,0,train,tsne_2d
31.24966,31.684124,0,train,tsne_2d
-39.304123,-3.21302,0,train,tsne_2d
-10.3001,-19.066477,0,train,tsne_2d
31.057709,-19.443039,0,train,tsne_2d
44.560596,-5.7346625,0,train,tsne_2d
35.87286,23.554691,0,train,tsne_2d
-16.782503,-7.461127,0,train,tsne_2d
8.897558,34.51777,0,train,tsne_2d
-25.008259,16.296452,0,train,tsne_2d
-1.3162048,-21.060518,0,train,tsne_2d
17.28564,-0.5717277,0,train,tsne_2d
2.8759768,35.57046,1,train,tsne_2d
-17.036493,26.836775,0,train,tsne_2d
49.719025,4.6203117,0,train,tsne_2d
1.1696594,24.537264,1,train,tsne_2d
47.64945,3.9826727,0,train,tsne_2d
-19.364033,9.112996,0,train,tsne_2d
20.163357,21.676918,0,train,tsne_2d
-21.1202,-18.61886,0,train,tsne_2d
-56.293022,-21.00735,0,train,tsne_2d
46.15093,-6.243416,0,train,tsne_2d
-31.281311,-14.549775,0,train,tsne_2d
-28.607159,-13.923742,0,train,tsne_2d
1.546006,33.53917,1,train,tsne_2d
-4.948289,-8.103829,1,train,tsne_2d
55.253178,10.679705,0,train,tsne_2d
24.769203,33.382797,0,train,tsne_2d
35.98353,9.801693,0,train,tsne_2d
20.042702,3.0812938,0,train,tsne_2d
-35.62678,9.173587,0,train,tsne_2d
-32.457542,-30.891655,0,train,tsne_2d
53.279762,19.092625,0,train,tsne_2d
-5.4780126,31.640759,0,train,tsne_2d
-4.9485116,-17.002293,0,train,tsne_2d
3.5654345,25.873264,0,train,tsne_2d
10.336939,-8.163371,0,train,tsne_2d
-14.409575,-22.646706,0,train,tsne_2d
-50.712456,-15.687301,0,train,tsne_2d
28.214016,20.488369,0,train,tsne_2d
42.095005,17.83132,0,train,tsne_2d
-7.722936,-5.8285637,0,train,tsne_2d
9.180591,15.59574,0,train,tsne_2d
0.9209094,27.529234,0,train,tsne_2d
49.33377,-8.765528,0,train,tsne_2d
-36.906666,-1.3647544,0,train,tsne_2d
-8.740057,39.836895,1,train,tsne_2d
-36.889606,14.6732435,0,train,tsne_2d
-5.2342668,-29.051737,0,train,tsne_2d
-16.270216,21.18722,0,train,tsne_2d
-0.96983397,-5.7468667,1,train,tsne_2d
41.263657,-1.4033039,0,train,tsne_2d
0.7277607,9.462318,0,train,tsne_2d
14.531044,7.693847,0,train,tsne_2d
26.144686,1.9543532,0,train,tsne_2d
52.22937,-5.143552,0,train,tsne_2d
30.424236,15.806722,0,train,tsne_2d
21.479881,-9.089995,0,train,tsne_2d
40.58541,13.142082,0,train,tsne_2d
14.152321,-4.881848,0,train,tsne_2d
-39.071278,-17.954773,0,train,tsne_2d
46.08347,19.823792,0,train,tsne_2d
35.01921,-11.832566,0,train,tsne_2d
-25.106634,-4.149408,0,train,tsne_2d
22.9519,19.054483,0,train,tsne_2d
27.976662,24.151447,0,train,tsne_2d
-9.214974,-32.839436,0,train,tsne_2d
-26.827991,-34.35481,0,train,tsne_2d
-23.191986,12.705579,0,train,tsne_2d
29.148008,-16.01726,0,train,tsne_2d
30.635866,19.537195,0,train,tsne_2d
22.203815,12.415388,0,train,tsne_2d
-23.717508,13.564959,0,train,tsne_2d
37.522495,-9.517015,0,train,tsne_2d
-20.79078,-15.220615,0,train,tsne_2d
58.43472,8.370697,0,train,tsne_2d
-22.528889,-17.25971,0,train,tsne_2d
48.497433,-1.5167729,0,train,tsne_2d
-39.12101,-34.466568,0,train,tsne_2d
-14.366776,-2.3501854,0,train,tsne_2d
14.220116,11.532008,0,train,tsne_2d
22.338886,4.0968823,0,train,tsne_2d
-37.8244,-4.6367617,0,train,tsne_2d
-44.14968,-19.792252,0,train,tsne_2d
43.141445,26.774532,0,train,tsne_2d
-20.315708,-35.87133,0,train,tsne_2d
50.510365,2.5079882,0,train,tsne_2d
7.3705606,-14.892579,0,train,tsne_2d
3.5371814,-26.619509,1,train,tsne_2d
39.351135,18.227045,0,train,tsne_2d
11.60268,38.395695,1,train,tsne_2d
-24.082985,1.4169719,0,train,tsne_2d
-33.980488,-8.349151,1,train,tsne_2d
-10.728003,-7.0118527,0,train,tsne_2d
9.984284,22.876528,1,train,tsne_2d
-46.899063,-17.83743,0,train,tsne_2d
27.249104,28.59739,0,train,tsne_2d
41.332966,10.517152,0,train,tsne_2d
34.70239,-13.547115,0,train,tsne_2d
-44.225254,-3.782413,0,train,tsne_2d
-14.505602,-22.749739,0,train,tsne_2d
-3.5857608,-11.604939,0,train,tsne_2d
-28.765486,-36.730694,0,train,tsne_2d
17.91363,3.1426013,0,train,tsne_2d
35.969807,27.224264,0,train,tsne_2d
-54.10172,-12.05829,0,train,tsne_2d
-17.616072,-5.413115,0,train,tsne_2d
47.35078,11.592749,0,train,tsne_2d
-2.6960564,-33.466988,0,train,tsne_2d
46.348564,11.751186,0,train,tsne_2d
-22.335188,-7.470221,0,train,tsne_2d
-54.119534,-22.377008,0,train,tsne_2d
12.942583,-8.565914,0,train,tsne_2d
30.049572,-8.722144,0,train,tsne_2d
0.957378,19.817213,1,train,tsne_2d
-35.093185,4.7694488,0,train,tsne_2d
30.016981,8.434703,0,train,tsne_2d
20.619406,-25.510008,0,train,tsne_2d
3.733536,7.0987234,0,train,tsne_2d
-41.777424,7.383263,0,train,tsne_2d
17.259478,28.798006,0,train,tsne_2d
-20.545198,-11.359015,0,train,tsne_2d
-54.29346,-8.75565,0,train,tsne_2d
13.298309,5.1790113,0,train,tsne_2d
57.688217,5.5192747,0,train,tsne_2d
3.718515,-11.218751,0,train,tsne_2d
2.7516277,19.34109,1,train,tsne_2d
28.996096,27.627802,0,train,tsne_2d
26.064396,12.514325,1,train,tsne_2d
-1.5843483,-8.58627,0,train,tsne_2d
2.1373744,-5.7448173,1,train,tsne_2d
13.676916,27.814962,0,train,tsne_2d
5.645861,-5.7059064,0,train,tsne_2d
8.559841,-26.438824,0,train,tsne_2d
-19.152653,-9.200238,0,train,tsne_2d
14.429438,-6.643883,0,train,tsne_2d
31.320414,21.881678,0,train,tsne_2d
-32.07065,-19.751438,0,train,tsne_2d
47.405952,-0.44727415,0,train,tsne_2d
-41.886852,-9.770238,0,train,tsne_2d
-15.400065,12.184637,0,train,tsne_2d
-2.884202,-33.540028,0,train,tsne_2d
-44.169895,-19.042616,0,train,tsne_2d
-28.133883,0.6172985,0,train,tsne_2d
-24.616604,10.649147,0,train,tsne_2d
-30.732014,-15.913803,0,train,tsne_2d
-25.883087,-19.310358,0,train,tsne_2d
-47.897465,-0.7957881,0,train,tsne_2d
-36.81989,13.096008,0,train,tsne_2d
5.613041,23.822369,0,train,tsne_2d
-38.12977,1.6115936,0,train,tsne_2d
-12.836681,-27.602982,0,train,tsne_2d
34.501904,1.4410784,0,train,tsne_2d
-7.552275,31.184946,1,train,tsne_2d
12.0262165,-5.4421735,0,train,tsne_2d
22.614706,22.217445,0,train,tsne_2d
-49.98659,2.9789712,0,train,tsne_2d
-8.983924,-30.90929,0,train,tsne_2d
-12.369401,-20.552177,0,train,tsne_2d
41.771408,16.060799,0,train,tsne_2d
6.082334,19.368258,0,train,tsne_2d
-48.425144,-26.17117,0,train,tsne_2d
19.38627,10.872899,0,train,tsne_2d
50.09534,15.990366,0,train,tsne_2d
22.375008,8.866735,0,train,tsne_2d
-14.512112,0.30425924,0,train,tsne_2d
-34.25431,-37.660957,0,train,tsne_2d
-43.14709,-11.027001,0,train,tsne_2d
37.21171,20.423677,0,train,tsne_2d
29.87614,14.064544,1,train,tsne_2d
-2.0348685,19.54767,1,train,tsne_2d
47.956753,-7.7079654,0,train,tsne_2d
17.756718,9.716105,0,train,tsne_2d
55.70337,6.134236,0,train,tsne_2d
-11.730051,-33.364864,0,train,tsne_2d
-17.727577,-25.12592,0,train,tsne_2d
8.796885,5.486888,0,train,tsne_2d
-31.255419,14.000628,0,train,tsne_2d
-6.160871,20.212528,0,train,tsne_2d
3.9045126,-19.07151,0,train,tsne_2d
-54.603577,-8.925448,0,train,tsne_2d
-21.66034,-29.441847,0,train,tsne_2d
-3.187519,44.238907,1,train,tsne_2d
-40.511456,-10.106586,0,train,tsne_2d
-3.4776745,26.733042,0,train,tsne_2d
-4.7216086,16.509878,1,train,tsne_2d
28.030193,-10.683713,0,train,tsne_2d
-23.971577,-5.132706,0,train,tsne_2d
-26.24642,-20.828161,0,train,tsne_2d
4.4549837,18.720896,0,train,tsne_2d
-2.7143283,29.079182,0,train,tsne_2d
45.66939,9.976123,0,train,tsne_2d
7.8253074,27.377188,0,train,tsne_2d
-51.093216,-29.244043,0,train,tsne_2d
51.664833,17.11298,0,train,tsne_2d
-22.914406,5.6909842,0,train,tsne_2d
-23.570663,-5.410793,0,train,tsne_2d
44.984074,4.111064,0,train,tsne_2d
-56.640774,-2.8290188,0,train,tsne_2d
-32.914482,-8.563248,0,train,tsne_2d
32.452797,-15.681014,0,train,tsne_2d
-45.56912,-8.76482,0,train,tsne_2d
38.499245,-10.722116,0,train,tsne_2d
44.893124,14.304401,0,train,tsne_2d
4.8119774,22.111988,0,train,tsne_2d
-47.24254,-21.535128,0,train,tsne_2d
1.5032725,-24.201212,0,train,tsne_2d
2.4710186,23.559526,1,train,tsne_2d
9.559992,12.34467,0,train,tsne_2d
30.649185,-6.834575,0,train,tsne_2d
-56.284523,-20.02502,0,train,tsne_2d
15.90532,9.833138,0,train,tsne_2d
20.244484,3.9426548,0,train,tsne_2d
-5.885299,17.747242,1,train,tsne_2d
-4.7836595,6.95123,0,train,tsne_2d
4.730755,-22.958199,0,train,tsne_2d
-43.517155,7.242624,0,train,tsne_2d
-38.23612,-16.139923,0,train,tsne_2d
-20.266048,-25.974373,0,train,tsne_2d
7.6759863,-12.378811,0,train,tsne_2d
-9.519584,-7.818934,0,train,tsne_2d
35.032864,-3.4676206,0,train,tsne_2d
23.586924,6.644899,0,train,tsne_2d
28.476524,-10.2039385,0,train,tsne_2d
29.197132,-1.682462,0,train,tsne_2d
-14.939645,-29.74815,0,train,tsne_2d
25.429707,9.331135,0,train,tsne_2d
-5.2920146,17.3717,0,train,tsne_2d
-41.932983,-28.402992,0,train,tsne_2d
-25.795336,-18.826206,0,train,tsne_2d
-1.938716,32.90352,1,train,tsne_2d
-52.64654,-21.905949,0,train,tsne_2d
-21.776493,-7.0034447,0,train,tsne_2d
-12.579638,-13.923929,0,train,tsne_2d
-4.1887155,34.10785,1,train,tsne_2d
13.241379,12.9109745,0,train,tsne_2d
47.934372,-8.181146,0,train,tsne_2d
4.4073977,39.058624,1,train,tsne_2d
-57.72436,-16.27629,0,train,tsne_2d
14.885674,-5.2563796,0,train,tsne_2d
-12.838642,-24.21693,0,train,tsne_2d
17.72156,-2.4653795,0,train,tsne_2d
31.876732,-2.28862,0,train,tsne_2d
-4.272138,-0.27858025,0,train,tsne_2d
42.536575,-10.912293,0,train,tsne_2d
49.82948,19.207169,0,train,tsne_2d
16.180998,-3.587747,0,train,tsne_2d
27.161514,-4.4131308,0,train,tsne_2d
-12.844833,-5.7383466,0,train,tsne_2d
16.505543,21.850817,0,train,tsne_2d
-13.81127,-25.668741,0,train,tsne_2d
27.909498,8.548832,0,train,tsne_2d
17.620117,11.330807,0,train,tsne_2d
-32.694496,-12.044527,0,train,tsne_2d
59.121483,9.416697,0,train,tsne_2d
-0.5340622,-13.075768,0,train,tsne_2d
-6.5525517,25.24123,0,train,tsne_2d
21.985678,30.98411,0,train,tsne_2d
-43.802654,-24.772182,0,train,tsne_2d
24.985476,-8.96784,0,train,tsne_2d
47.086994,6.965881,0,train,tsne_2d
-43.356506,-5.27771,0,train,tsne_2d
7.40235,35.58701,0,train,tsne_2d
-3.685299,29.006939,0,train,tsne_2d
-6.806317,-5.61691,0,train,tsne_2d
29.750378,8.452505,0,train,tsne_2d
-28.836512,-15.169503,0,train,tsne_2d
34.5016,34.20755,0,train,tsne_2d
32.76262,-18.039934,0,train,tsne_2d
-4.6436834,20.884874,1,train,tsne_2d
38.597195,15.133937,0,train,tsne_2d
-14.723623,-28.489279,0,train,tsne_2d
43.050243,-11.025619,0,train,tsne_2d
-31.384146,-30.91568,0,train,tsne_2d
-39.076057,-24.56992,0,train,tsne_2d
55.81577,9.027295,0,train,tsne_2d
17.33311,-19.752012,1,train,tsne_2d
6.039261,3.5848606,0,train,tsne_2d
-24.400166,-3.4371285,0,train,tsne_2d
-33.955833,-19.118917,0,train,tsne_2d
-15.513694,-17.284037,0,train,tsne_2d
-43.01958,-17.428839,0,train,tsne_2d
-5.8653765,23.885803,0,train,tsne_2d
-22.662985,-3.6696088,0,train,tsne_2d
50.848152,15.030095,0,train,tsne_2d
13.478897,-5.473466,0,train,tsne_2d
16.273907,10.427062,0,train,tsne_2d
18.838394,-18.222519,1,train,tsne_2d
-2.1093237,-8.481122,0,train,tsne_2d
-5.4731326,34.092396,0,train,tsne_2d
27.184477,1.6505052,0,train,tsne_2d
-16.560232,-36.636436,0,train,tsne_2d
-30.708832,-27.559252,0,train,tsne_2d
27.83414,-10.69561,0,train,tsne_2d
18.03632,26.648596,0,train,tsne_2d
2.4435945,3.0523915,1,train,tsne_2d
-57.602226,-18.528158,0,train,tsne_2d
22.439327,4.732903,0,train,tsne_2d
17.743013,24.377659,0,train,tsne_2d
-26.167635,-9.562126,1,train,tsne_2d
7.5062733,-14.096372,0,train,tsne_2d
4.266522,-13.673238,0,train,tsne_2d
-28.193073,-23.597483,0,train,tsne_2d
13.734745,4.5157967,0,train,tsne_2d
7.40998,13.258783,0,train,tsne_2d
-10.472723,-25.674461,0,train,tsne_2d
42.910316,18.993517,0,train,tsne_2d
24.449127,-9.337445,0,train,tsne_2d
-44.308167,-19.415668,0,train,tsne_2d
5.465924,34.59134,1,train,tsne_2d
30.509092,-14.239934,0,train,tsne_2d
12.833019,-0.88704437,0,train,tsne_2d
19.201796,29.072578,0,train,tsne_2d
-12.178395,-29.996077,0,train,tsne_2d
47.50678,9.280113,0,train,tsne_2d
-33.46745,1.666573,0,train,tsne_2d
49.616295,18.747938,0,train,tsne_2d
-17.882364,-1.1652544,0,train,tsne_2d
-45.05506,-6.17351,0,train,tsne_2d
36.905922,-2.5294635,0,train,tsne_2d
-34.55085,7.1764255,0,train,tsne_2d
57.10598,8.723589,0,train,tsne_2d
28.757376,18.681293,0,train,tsne_2d
-7.067337,-24.622566,0,train,tsne_2d
6.5716014,16.229368,0,train,tsne_2d
38.61483,28.9571,0,train,tsne_2d
9.3976345,-8.193769,0,train,tsne_2d
13.8831,13.662744,0,train,tsne_2d
-3.870213,29.115644,0,train,tsne_2d
24.671246,21.302502,1,train,tsne_2d
-39.420815,4.0628138,0,train,tsne_2d
-8.798689,-9.309584,0,train,tsne_2d
-22.275688,-29.479801,0,train,tsne_2d
9.309734,20.284773,0,train,tsne_2d
-6.065732,-36.556774,0,train,tsne_2d
1.5069594,27.220358,0,train,tsne_2d
31.964924,9.335542,0,train,tsne_2d
31.605902,-13.300383,0,train,tsne_2d
-37.24204,-35.82997,0,train,tsne_2d
0.18175426,15.342107,1,train,tsne_2d
34.58025,-5.62621,0,train,tsne_2d
50.20367,17.935352,0,train,tsne_2d
-23.031221,-24.873785,0,train,tsne_2d
30.792358,20.59163,0,train,tsne_2d
-0.3449405,12.481589,0,train,tsne_2d
-27.910032,-11.393665,0,train,tsne_2d
46.53508,-8.308108,0,train,tsne_2d
10.509218,7.7902336,1,train,tsne_2d
-7.5829425,-37.90562,0,train,tsne_2d
32.24732,14.684836,0,train,tsne_2d
37.6153,7.2290454,0,train,tsne_2d
33.75564,-5.860083,0,train,tsne_2d
-17.943127,-16.613737,0,train,tsne_2d
-31.793262,-30.553118,0,train,tsne_2d
-39.13457,-2.3334956,0,train,tsne_2d
-35.06071,-15.834601,0,train,tsne_2d
-44.708252,3.700597,0,train,tsne_2d
9.859217,15.971985,1,train,tsne_2d
49.799488,0.08083834,0,train,tsne_2d
-21.999578,-11.649301,0,train,tsne_2d
-33.909237,-18.363176,0,train,tsne_2d
18.759253,-5.3625445,0,train,tsne_2d
-7.6411495,-8.205336,0,train,tsne_2d
8.8422785,28.604578,0,train,tsne_2d
-4.1264353,21.719831,0,train,tsne_2d
33.22917,28.06242,0,train,tsne_2d
23.729235,-13.918324,0,train,tsne_2d
27.075296,-13.465392,0,train,tsne_2d
-20.567724,0.44344252,1,train,tsne_2d
-33.21424,-21.057041,0,train,tsne_2d
26.466604,-12.690539,0,train,tsne_2d
6.315517,3.1007798,0,train,tsne_2d
10.682183,29.336824,0,train,tsne_2d
-55.18469,-16.982527,0,train,tsne_2d
15.491525,-18.083162,1,train,tsne_2d
-3.8093765,34.50286,0,train,tsne_2d
58.344193,13.485993,0,train,tsne_2d
28.237518,34.03706,0,train,tsne_2d
-35.74291,-35.47228,0,train,tsne_2d
-4.8384314,25.396215,0,train,tsne_2d
8.48094,-8.429968,0,train,tsne_2d
47.13876,3.110589,0,train,tsne_2d
19.80821,-12.793826,0,train,tsne_2d
13.374525,9.568447,0,train,tsne_2d
-24.676113,10.948936,0,train,tsne_2d
-17.569647,-23.593063,0,train,tsne_2d
-40.556644,-22.96231,0,train,tsne_2d
1.5026367,18.522581,1,train,tsne_2d
28.379095,-3.920651,0,train,tsne_2d
-5.217865,-14.790619,0,train,tsne_2d
16.007872,-2.7569528,0,train,tsne_2d
-4.2442517,1.2540745,0,train,tsne_2d
32.344025,8.8484535,0,train,tsne_2d
28.84212,-18.32547,0,train,tsne_2d
-49.912674,-17.67891,0,train,tsne_2d
20.132956,2.5835373,0,train,tsne_2d
-19.115993,-18.429964,0,train,tsne_2d
9.54453,0.09823494,0,train,tsne_2d
46.417164,17.845871,0,train,tsne_2d
20.53384,5.697534,0,train,tsne_2d
12.324643,32.1729,1,train,tsne_2d
-46.103237,-23.478853,1,train,tsne_2d
-28.270166,-8.807865,0,train,tsne_2d
-42.368313,-33.83018,0,train,tsne_2d
-10.932487,-34.60503,0,train,tsne_2d
11.859225,17.38615,0,train,tsne_2d
16.110754,-13.640921,0,train,tsne_2d
-28.81199,-3.0660117,0,train,tsne_2d
-25.17012,-6.113042,0,train,tsne_2d
-41.58827,-3.4352074,0,train,tsne_2d
29.849182,-7.4804335,0,train,tsne_2d
59.342495,5.736412,0,train,tsne_2d
35.189598,20.441294,0,train,tsne_2d
0.5567564,-2.6177158,1,train,tsne_2d
6.9838033,-8.60938,0,train,tsne_2d
-10.798491,-21.654745,0,train,tsne_2d
42.258316,-0.86239034,0,train,tsne_2d
-34.978706,-37.48687,0,train,tsne_2d
9.751716,13.233442,0,train,tsne_2d
21.810856,-11.345624,0,train,tsne_2d
-1.207973,-5.57004,1,train,tsne_2d
-48.58334,-1.1384643,0,train,tsne_2d
26.585302,-13.791113,0,train,tsne_2d
23.80207,-7.251685,0,train,tsne_2d
25.75887,15.622781,0,train,tsne_2d
8.45617,14.193201,0,train,tsne_2d
44.854336,10.972502,0,train,tsne_2d
-39.7663,-21.739166,0,train,tsne_2d
-51.38026,-0.7585128,0,train,tsne_2d
20.413586,4.4884844,0,train,tsne_2d
31.326878,4.604846,0,train,tsne_2d
20.569324,-4.8133574,0,train,tsne_2d
7.351856,25.433855,0,train,tsne_2d
38.491047,15.480235,0,train,tsne_2d
-0.8900063,35.850403,1,train,tsne_2d
-6.460996,-27.87669,0,train,tsne_2d
5.667708,-15.265991,0,train,tsne_2d
-0.81873125,2.989132,0,train,tsne_2d
-44.244473,-2.478105,0,train,tsne_2d
-7.2555833,26.621988,0,train,tsne_2d
54.533108,17.018522,0,train,tsne_2d
-40.39104,-18.634594,0,train,tsne_2d
34.369907,14.827685,0,train,tsne_2d
-21.292,-15.941746,0,train,tsne_2d
11.826925,33.971375,0,train,tsne_2d
-44.566113,-16.820044,1,train,tsne_2d
8.464613,24.948477,0,train,tsne_2d
-7.290217,-18.79196,0,train,tsne_2d
11.878077,23.496086,0,train,tsne_2d
-31.91929,8.767638,0,train,tsne_2d
-34.519024,-26.806171,0,train,tsne_2d
5.6608067,-10.181564,0,train,tsne_2d
12.643841,27.861877,0,train,tsne_2d
-28.1609,12.755024,0,train,tsne_2d
-25.081398,-17.78698,0,train,tsne_2d
28.984802,7.651675,0,train,tsne_2d
48.71483,6.493446,0,train,tsne_2d
-3.523638,43.59169,1,train,tsne_2d
-25.341627,-6.780295,0,train,tsne_2d
-8.8234005,-35.003082,0,train,tsne_2d
35.74921,-17.082474,0,train,tsne_2d
-4.517874,-24.608847,1,train,tsne_2d
-0.33834806,11.3803425,0,train,tsne_2d
-26.982777,-4.5418363,0,train,tsne_2d
-11.476769,0.58895963,0,train,tsne_2d
-45.322945,-34.82708,0,train,tsne_2d
-2.7793007,-24.752249,0,train,tsne_2d
-52.683434,-10.210491,0,train,tsne_2d
-36.149857,-21.709675,0,train,tsne_2d
49.702824,-3.335152,0,train,tsne_2d
45.201023,21.503754,0,train,tsne_2d
17.262611,14.485078,0,train,tsne_2d
22.92668,-13.248646,0,train,tsne_2d
14.133816,17.330767,0,train,tsne_2d
-44.552547,-33.226868,0,train,tsne_2d
24.387526,25.832657,0,train,tsne_2d
-15.674581,-0.7190965,0,train,tsne_2d
57.91852,8.378618,0,train,tsne_2d
-42.168,6.492299,0,train,tsne_2d
4.532061,-9.294533,0,train,tsne_2d
-54.420956,-1.7984104,0,train,tsne_2d
34.67923,12.133846,0,train,tsne_2d
18.528877,8.646667,0,train,tsne_2d
-26.392939,-23.716913,0,train,tsne_2d
-47.986195,-23.467827,0,train,tsne_2d
28.24221,-3.7130806,0,train,tsne_2d
-34.85042,-9.771546,0,train,tsne_2d
24.525856,20.311188,1,train,tsne_2d
-26.554222,-4.2081494,0,train,tsne_2d
5.8963747,-12.513936,0,train,tsne_2d
54.645172,0.65877557,0,train,tsne_2d
-8.861692,-14.681201,0,train,tsne_2d
9.798982,31.585125,0,train,tsne_2d
18.081148,8.245102,0,train,tsne_2d
-41.034584,-10.801448,0,train,tsne_2d
-34.175034,14.196918,0,train,tsne_2d
8.407037,34.58161,0,train,tsne_2d
40.45951,20.68595,0,train,tsne_2d
-5.27795,33.091755,1,train,tsne_2d
5.946089,20.759241,0,train,tsne_2d
6.1145577,20.671179,0,train,tsne_2d
-54.468884,-10.27572,1,train,tsne_2d
41.687458,-4.7493653,0,train,tsne_2d
17.858467,3.572812,0,train,tsne_2d
12.972812,21.95452,0,train,tsne_2d
6.481287,24.523117,0,train,tsne_2d
-16.76703,24.108728,0,train,tsne_2d
13.544633,36.26802,1,train,tsne_2d
-47.347603,-34.75627,0,train,tsne_2d
-27.467495,-16.52469,1,train,tsne_2d
-24.527523,6.717837,1,train,tsne_2d
19.22477,24.366022,0,train,tsne_2d
-6.1611905,25.283348,0,train,tsne_2d
-8.629382,29.250265,1,train,tsne_2d
15.920842,-2.5584452,0,train,tsne_2d
-46.538715,1.2234379,0,train,tsne_2d
25.657429,-15.184841,0,train,tsne_2d
-29.684694,-22.354275,0,train,tsne_2d
3.606653,38.438187,1,train,tsne_2d
27.210808,16.725685,0,train,tsne_2d
4.408472,7.808575,0,train,tsne_2d
-36.23213,-19.062866,0,train,tsne_2d
-19.355598,-5.751372,0,train,tsne_2d
-4.923877,16.121098,0,train,tsne_2d
-12.26321,15.185379,0,train,tsne_2d
45.382095,9.280505,0,train,tsne_2d
49.084637,-2.0230258,0,train,tsne_2d
5.5556436,32.015457,0,train,tsne_2d
-0.74937046,25.049404,0,train,tsne_2d
-12.297994,-5.7168484,0,train,tsne_2d
2.7364635,5.72703,0,train,tsne_2d
-43.256466,-12.685139,0,train,tsne_2d
-26.251163,9.920739,0,train,tsne_2d
23.54773,-20.847294,0,train,tsne_2d
-17.111471,-4.1193676,0,train,tsne_2d
-48.336525,-19.483738,0,train,tsne_2d
-1.3426688,-34.283478,0,train,tsne_2d
42.306747,19.11696,0,train,tsne_2d
-35.1703,-11.421589,0,train,tsne_2d
-46.489544,-12.585981,0,train,tsne_2d
-9.964852,25.733498,0,train,tsne_2d
-29.224958,-37.53561,0,train,tsne_2d
12.960864,32.652416,0,train,tsne_2d
16.451279,21.283373,0,train,tsne_2d
5.051572,25.185364,0,train,tsne_2d
12.297448,1.7786245,0,train,tsne_2d
-8.217215,25.799898,0,train,tsne_2d
14.550185,-12.841532,0,train,tsne_2d
-5.198849,15.837969,0,train,tsne_2d
30.98279,6.9868464,0,train,tsne_2d
-41.914234,-11.722564,0,train,tsne_2d
-15.65516,7.1769104,0,train,tsne_2d
-15.034236,22.661283,0,train,tsne_2d
-32.950485,-32.67033,1,train,tsne_2d
-2.0975735,-24.594215,0,train,tsne_2d
30.235968,27.159988,0,train,tsne_2d
11.938838,16.437881,0,train,tsne_2d
-1.0579836,19.305813,0,train,tsne_2d
33.086006,-5.660382,0,train,tsne_2d
46.021812,19.884762,0,train,tsne_2d
-20.37229,-27.53319,0,train,tsne_2d
7.931909,1.0531826,0,train,tsne_2d
-16.73636,-37.708683,0,train,tsne_2d
36.6724,16.625439,0,train,tsne_2d
-46.53403,-3.8993099,0,train,tsne_2d
-23.32102,-13.37759,0,train,tsne_2d
13.425596,-22.536524,0,train,tsne_2d
15.967102,25.82769,0,train,tsne_2d
-1.0656,-6.239299,1,train,tsne_2d
48.678207,17.676104,0,train,tsne_2d
-8.334671,23.652885,0,train,tsne_2d
-51.93985,-2.683537,0,train,tsne_2d
-55.639183,-17.503315,0,train,tsne_2d
-26.206978,3.3118484,0,train,tsne_2d
37.829407,-4.805017,0,train,tsne_2d
32.12194,12.66042,0,train,tsne_2d
-12.007264,-38.472412,0,train,tsne_2d
4.7265563,15.9365,0,train,tsne_2d
-38.97951,-32.164772,0,train,tsne_2d
9.87763,-1.4692723,0,train,tsne_2d
10.725353,3.558639,0,train,tsne_2d
-5.8769393,-19.07243,0,train,tsne_2d
15.259944,-22.898932,0,train,tsne_2d
7.4908695,-4.353924,0,train,tsne_2d
21.96853,-3.330989,0,train,tsne_2d
46.38387,9.990866,0,train,tsne_2d
-24.29603,-22.066765,0,train,tsne_2d
29.335064,28.825651,0,train,tsne_2d
13.1368265,20.30611,0,train,tsne_2d
-37.640507,-34.03664,0,train,tsne_2d
-34.517784,0.3917038,0,train,tsne_2d
3.1627898,22.084272,1,train,tsne_2d
14.422055,-23.906319,0,train,tsne_2d
3.2766404,34.71895,1,train,tsne_2d
38.881584,-3.2153776,0,train,tsne_2d
-1.9108796,18.793499,0,train,tsne_2d
-16.523006,-28.634285,0,train,tsne_2d
-39.765625,-31.256197,0,train,tsne_2d
3.9056966,17.683832,0,train,tsne_2d
49.779232,8.702581,0,train,tsne_2d
-37.441452,-25.011652,0,train,tsne_2d
-13.114135,-18.377323,0,train,tsne_2d
-36.550735,-1.1310173,0,train,tsne_2d
-42.354557,4.516675,0,train,tsne_2d
-19.805967,3.35731,0,train,tsne_2d
-49.14238,-15.904179,0,train,tsne_2d
-13.051569,-29.559555,0,train,tsne_2d
-17.154804,1.3127954,0,train,tsne_2d
-23.66165,-9.149567,0,train,tsne_2d
5.8024626,16.77153,0,train,tsne_2d
-4.7653885,-21.906958,0,train,tsne_2d
2.3654008,-21.35091,0,train,tsne_2d
32.099022,-7.877545,0,train,tsne_2d
56.486523,9.250729,0,train,tsne_2d
-15.78679,21.60234,0,train,tsne_2d
29.225384,30.18622,0,train,tsne_2d
36.212143,16.2345,0,train,tsne_2d
19.39076,8.863452,0,train,tsne_2d
28.736288,7.800481,0,train,tsne_2d
14.801754,27.906569,0,train,tsne_2d
53.35196,-1.3426538,0,train,tsne_2d
-5.3894644,-27.542006,0,train,tsne_2d
-41.569138,2.8315346,0,train,tsne_2d
0.70964146,7.6880674,0,train,tsne_2d
-12.178762,-15.923131,0,train,tsne_2d
-36.817413,-6.521909,0,train,tsne_2d
-25.77839,-36.492485,0,train,tsne_2d
-23.0526,15.148866,0,train,tsne_2d
-46.473183,-31.217041,0,train,tsne_2d
36.567215,23.800976,0,train,tsne_2d
46.075405,16.87497,0,train,tsne_2d
-28.885403,-8.760789,0,train,tsne_2d
-33.145847,-24.8777,0,train,tsne_2d
-5.637091,-30.077963,0,train,tsne_2d
15.97542,25.81172,0,train,tsne_2d
-40.07694,-15.5461035,0,train,tsne_2d
-17.202745,-15.099392,0,train,tsne_2d
-26.615004,10.776147,0,train,tsne_2d
15.651742,-6.979261,0,train,tsne_2d
7.2201533,25.899464,0,train,tsne_2d
3.5526178,29.4754,0,train,tsne_2d
-40.356018,-11.52828,0,train,tsne_2d
-28.429594,-25.401642,0,train,tsne_2d
54.55295,19.87704,0,train,tsne_2d
12.020876,39.248592,1,train,tsne_2d
34.74662,0.9671815,0,train,tsne_2d
2.6789773,9.221552,0,train,tsne_2d
40.24309,22.98087,0,train,tsne_2d
-31.659512,-4.7568674,0,train,tsne_2d
-19.163399,-18.678246,0,train,tsne_2d
20.099669,13.509696,0,train,tsne_2d
-31.761242,9.1863,0,train,tsne_2d
11.24661,33.07699,1,train,tsne_2d
-28.11174,3.5608063,0,train,tsne_2d
54.423367,-3.2173665,0,train,tsne_2d
-22.880182,4.921921,0,train,tsne_2d
-8.381933,28.063826,0,train,tsne_2d
29.19286,17.705206,0,train,tsne_2d
55.12468,12.127363,0,train,tsne_2d
-4.602572,-23.858976,0,train,tsne_2d
51.04372,9.659429,0,train,tsne_2d
49.598446,22.385094,0,train,tsne_2d
-7.975791,2.9366605,0,train,tsne_2d
-0.22607899,20.86749,0,train,tsne_2d
43.407383,20.85572,0,train,tsne_2d
-8.082742,-0.35343945,0,train,tsne_2d
44.345623,7.36407,0,train,tsne_2d
29.456327,-13.042606,1,train,tsne_2d
-53.59859,-14.572105,0,train,tsne_2d
-7.133811,34.260517,0,train,tsne_2d
22.250746,25.553692,0,train,tsne_2d
-2.5667677,28.405695,1,train,tsne_2d
-16.313717,-1.3185943,0,train,tsne_2d
8.8981,-0.51504916,0,train,tsne_2d
-10.072392,-18.141905,0,train,tsne_2d
-2.4421456,-17.65437,0,train,tsne_2d
-43.57348,4.357522,0,train,tsne_2d
-40.17143,-13.8093195,0,train,tsne_2d
3.218458,20.257517,1,train,tsne_2d
-52.836094,-4.5290637,0,train,tsne_2d
-16.234827,-6.1141667,0,train,tsne_2d
27.984581,21.826931,0,train,tsne_2d
-22.383385,-22.507624,0,train,tsne_2d
-4.511472,15.281959,0,train,tsne_2d
-11.238192,-10.770994,0,train,tsne_2d
45.949104,3.7569244,0,train,tsne_2d
23.80545,1.9739944,0,train,tsne_2d
6.3471212,-3.8193314,0,train,tsne_2d
-33.76524,-6.275739,0,train,tsne_2d
-47.527164,0.4469863,0,train,tsne_2d
-4.9678516,18.865438,0,train,tsne_2d
-26.341196,-37.567295,0,train,tsne_2d
-13.1382,-18.384861,0,train,tsne_2d
34.179348,-7.2895427,0,train,tsne_2d
50.421146,11.635298,0,train,tsne_2d
16.938143,-10.03644,0,train,tsne_2d
14.374055,-2.0394316,0,train,tsne_2d
3.0783062,32.280422,0,train,tsne_2d
-24.220991,-32.22419,0,train,tsne_2d
33.37393,3.151145,0,train,tsne_2d
1.4569577,-24.253597,0,train,tsne_2d
12.324899,-17.757837,0,train,tsne_2d
7.953266,-22.446384,1,train,tsne_2d
-7.3904786,14.592375,0,train,tsne_2d
46.145836,-8.744003,0,train,tsne_2d
40.88005,23.374502,0,train,tsne_2d
8.814435,19.102085,0,train,tsne_2d
-10.345558,-32.91351,0,train,tsne_2d
-35.828022,1.6865858,0,train,tsne_2d
-24.530363,0.9650778,0,train,tsne_2d
-17.43121,5.856159,0,train,tsne_2d
9.02575,28.366405,0,train,tsne_2d
-29.63012,-29.425556,0,train,tsne_2d
22.856617,-1.7638452,0,train,tsne_2d
25.552813,-11.277978,0,train,tsne_2d
48.760406,-6.2897515,0,train,tsne_2d
25.96226,21.197613,0,train,tsne_2d
-8.716284,-12.083369,0,train,tsne_2d
-17.24273,-3.8339093,0,train,tsne_2d
25.624102,-16.316254,0,train,tsne_2d
55.946304,13.168659,0,train,tsne_2d
43.06325,-16.102402,0,train,tsne_2d
2.3081675,-16.330723,0,train,tsne_2d
31.512402,-16.462337,0,train,tsne_2d
-38.368332,-16.123991,0,train,tsne_2d
-35.000595,-16.318144,0,train,tsne_2d
24.015156,15.6488285,0,train,tsne_2d
-2.305946,-17.461351,0,train,tsne_2d
-23.613546,-5.336729,0,train,tsne_2d
4.395359,-21.407372,0,train,tsne_2d
-46.442757,-27.830446,0,train,tsne_2d
-15.606446,24.280228,0,train,tsne_2d
-41.99991,-6.7605095,0,train,tsne_2d
-5.861738,-36.152737,0,train,tsne_2d
-47.28316,-14.091538,0,train,tsne_2d
-23.979362,-29.631948,0,train,tsne_2d
-15.562356,2.7157943,0,train,tsne_2d
8.301954,-9.0994215,0,train,tsne_2d
-27.378456,12.150616,0,train,tsne_2d
-40.788124,-18.250372,0,train,tsne_2d
4.883024,-3.22747,0,train,tsne_2d
19.939571,12.080305,0,train,tsne_2d
12.411714,5.306637,0,train,tsne_2d
0.6797284,13.212164,0,train,tsne_2d
23.651102,-15.395091,0,train,tsne_2d
-50.386723,-27.853266,0,train,tsne_2d
-10.648875,-30.77625,0,train,tsne_2d
26.91182,27.478502,0,train,tsne_2d
-0.23009472,39.883373,1,train,tsne_2d
-13.249103,0.3679306,0,train,tsne_2d
-6.638602,-32.50639,0,train,tsne_2d
9.517331,-20.98073,0,train,tsne_2d
-17.426443,14.989651,0,train,tsne_2d
-18.969456,6.667025,0,train,tsne_2d
46.74495,7.2875333,0,train,tsne_2d
-55.682278,-4.396485,0,train,tsne_2d
51.674316,18.626516,0,train,tsne_2d
1.6737455,16.172932,1,train,tsne_2d
51.09887,9.253495,0,train,tsne_2d
34.592155,14.858296,0,train,tsne_2d
-12.719867,3.9422424,0,train,tsne_2d
-27.872255,-32.613827,0,train,tsne_2d
29.057158,8.054717,0,train,tsne_2d
-10.344247,-8.560511,0,train,tsne_2d
-1.7695279,17.121456,0,train,tsne_2d
2.478734,5.548835,0,train,tsne_2d
-48.544712,-25.4635,0,train,tsne_2d
-41.596733,9.091527,0,train,tsne_2d
3.0284078,-5.5485816,1,train,tsne_2d
28.324593,-1.2722871,0,train,tsne_2d
-14.669535,3.5925572,0,train,tsne_2d
13.279043,-18.631361,0,train,tsne_2d
7.7198544,-7.9438066,0,train,tsne_2d
3.1474576,17.070871,1,train,tsne_2d
37.150166,14.117978,0,train,tsne_2d
6.36119,-0.49522182,0,train,tsne_2d
13.64245,-22.82396,0,train,tsne_2d
28.691391,34.548534,0,train,tsne_2d
1.4497223,-7.0660686,1,train,tsne_2d
-36.171543,-38.0409,0,train,tsne_2d
52.22221,10.528967,0,train,tsne_2d
8.854208,22.108461,0,train,tsne_2d
7.245824,23.850521,0,train,tsne_2d
-14.4363575,-28.088732,0,train,tsne_2d
-7.9410334,19.912363,0,train,tsne_2d
-1.0536796,32.29747,0,train,tsne_2d
-47.062466,3.6477427,0,train,tsne_2d
17.28114,-4.6934094,0,train,tsne_2d
37.28036,-1.7103434,0,train,tsne_2d
33.32882,-2.134232,0,train,tsne_2d
49.96979,-7.1258774,0,train,tsne_2d
-2.6508522,-15.0349865,0,train,tsne_2d
-19.33343,15.470478,0,train,tsne_2d
6.9146795,24.50953,0,train,tsne_2d
26.07322,5.4300156,0,train,tsne_2d
-49.55953,-12.942132,0,train,tsne_2d
-1.1248705,32.583424,1,train,tsne_2d
-1.0733927,2.7341135,0,train,tsne_2d
-41.106255,1.5296072,0,train,tsne_2d
-20.289846,0.49729833,0,train,tsne_2d
-2.317145,-11.139387,0,train,tsne_2d
10.094712,13.080853,0,train,tsne_2d
-42.71761,-25.21408,0,train,tsne_2d
11.350652,9.988704,1,train,tsne_2d
21.314291,24.869701,0,train,tsne_2d
9.962527,-1.7795556,0,train,tsne_2d
-4.685093,25.621565,0,train,tsne_2d
51.441875,15.509363,0,train,tsne_2d
-17.934704,-34.16709,0,train,tsne_2d
6.893383,5.767038,0,train,tsne_2d
-25.82315,3.195637,0,train,tsne_2d
45.933357,13.998192,0,train,tsne_2d
59.522087,8.1562395,1,train,tsne_2d
-27.019056,4.92361,0,train,tsne_2d
52.550434,6.8816485,0,train,tsne_2d
-19.998652,3.2958763,0,train,tsne_2d
31.955006,15.537531,0,train,tsne_2d
-15.299086,-18.404839,0,train,tsne_2d
-36.826622,11.182708,0,train,tsne_2d
-2.6297305,20.470348,0,train,tsne_2d
-33.700058,-11.0165415,0,train,tsne_2d
35.36204,-2.2917576,0,train,tsne_2d
-26.665262,-16.36761,0,train,tsne_2d
-11.072483,9.568667,0,train,tsne_2d
0.6879372,-27.05911,0,train,tsne_2d
7.31657,12.435049,0,train,tsne_2d
-18.063847,-2.4936357,1,train,tsne_2d
-3.992733,23.289492,0,train,tsne_2d
-38.653137,-10.75119,0,train,tsne_2d
55.490025,15.546531,0,train,tsne_2d
-0.20555419,43.27973,1,train,tsne_2d
17.764645,34.4682,1,train,tsne_2d
13.576088,4.607162,0,train,tsne_2d
11.697212,13.760458,0,train,tsne_2d
22.472246,26.99836,0,train,tsne_2d
-18.606707,5.300776,0,train,tsne_2d
11.951765,8.1034565,0,train,tsne_2d
44.281487,-5.401356,0,train,tsne_2d
-28.737589,-25.141512,0,train,tsne_2d
-21.54133,2.6491406,0,train,tsne_2d
-39.5171,-5.962226,0,train,tsne_2d
-15.255414,-0.46212572,0,train,tsne_2d
38.935867,-14.112673,0,train,tsne_2d
-14.315353,4.8674097,0,train,tsne_2d
-37.67274,-21.422422,0,train,tsne_2d
46.05482,3.7108154,0,train,tsne_2d
-37.26999,-35.85426,0,train,tsne_2d
41.1266,10.431599,0,train,tsne_2d
-23.569927,-18.99771,0,train,tsne_2d
-6.3982296,-22.858679,0,train,tsne_2d
11.712022,17.553152,0,train,tsne_2d
9.365729,10.405465,0,train,tsne_2d
-13.244431,8.833498,0,train,tsne_2d
31.661028,32.219933,1,train,tsne_2d
32.408173,14.54907,0,train,tsne_2d
-15.552301,-25.891455,0,train,tsne_2d
-37.44574,-22.240232,0,train,tsne_2d
-6.0291142,17.86118,0,train,tsne_2d
-16.440487,5.2138457,0,train,tsne_2d
47.13345,27.966574,0,train,tsne_2d
14.786264,-14.0610485,0,train,tsne_2d
0.8284101,-18.927835,0,train,tsne_2d
-46.580315,7.437499,0,train,tsne_2d
-39.465977,-8.679137,0,train,tsne_2d
20.265118,-6.145198,0,train,tsne_2d
52.50311,8.125939,0,train,tsne_2d
31.973772,32.723213,0,train,tsne_2d
55.99866,5.9424806,0,train,tsne_2d
8.375863,12.040253,0,train,tsne_2d
26.279903,19.418774,0,train,tsne_2d
1.0049603,0.1441828,1,train,tsne_2d
10.401142,-26.95632,0,train,tsne_2d
-0.24991636,24.339905,0,train,tsne_2d
44.979763,29.070961,0,train,tsne_2d
22.1398,18.804659,0,train,tsne_2d
-46.46249,-4.5251045,0,train,tsne_2d
20.840149,32.98856,0,train,tsne_2d
-9.6003275,4.2722754,0,train,tsne_2d
-41.775803,-12.793151,0,train,tsne_2d
16.018425,-1.4269305,0,train,tsne_2d
35.222023,-11.175223,0,train,tsne_2d
50.290615,-4.085235,0,train,tsne_2d
16.82113,-15.572349,0,train,tsne_2d
27.168924,-9.123511,0,train,tsne_2d
-31.063488,-1.0563883,0,train,tsne_2d
3.868827,4.703562,0,train,tsne_2d
5.2518473,-18.481894,0,train,tsne_2d
-8.522232,25.993135,0,train,tsne_2d
-49.180183,-5.7810187,1,train,tsne_2d
17.068338,21.17092,0,train,tsne_2d
-7.4032774,-31.908031,0,train,tsne_2d
-18.522966,-34.06646,0,train,tsne_2d
-26.43533,-37.648167,0,train,tsne_2d
-51.708008,-22.24468,0,train,tsne_2d
43.09105,6.5691447,0,train,tsne_2d
-21.46138,-13.283937,0,train,tsne_2d
-44.14759,-24.23862,0,train,tsne_2d
-0.68766284,-11.963908,0,train,tsne_2d
-29.60345,-8.627455,0,train,tsne_2d
16.772287,-6.6019597,0,train,tsne_2d
23.129976,-3.94235,0,train,tsne_2d
-51.384357,-10.209987,0,train,tsne_2d
-10.536853,-2.8144379,0,train,tsne_2d
56.521015,17.403147,0,train,tsne_2d
-4.4604974,35.609573,1,train,tsne_2d
37.199757,7.068603,0,train,tsne_2d
-31.769554,-9.43723,0,train,tsne_2d
29.59205,20.833063,0,train,tsne_2d
5.6748986,27.630415,1,train,tsne_2d
17.547031,-10.195825,0,train,tsne_2d
14.498643,-1.2253556,0,train,tsne_2d
-8.544565,19.554985,0,train,tsne_2d
-46.02438,-23.489428,1,train,tsne_2d
17.536282,23.857988,0,train,tsne_2d
-6.925308,4.09129,0,train,tsne_2d
22.319746,-4.0532374,0,train,tsne_2d
-13.001915,-24.241354,0,train,tsne_2d
-7.2578206,-27.110851,0,train,tsne_2d
49.72309,16.972012,0,train,tsne_2d
31.134594,-3.4060328,0,train,tsne_2d
-4.4304004,-9.217664,0,train,tsne_2d
15.180052,-23.339064,0,train,tsne_2d
-27.644669,-28.848557,0,train,tsne_2d
32.06116,-6.640823,0,train,tsne_2d
52.473267,14.082733,0,train,tsne_2d
13.578929,-1.8616598,0,train,tsne_2d
-18.740059,-21.009827,0,train,tsne_2d
28.257093,32.046383,0,train,tsne_2d
-31.474157,-0.86961657,0,train,tsne_2d
-52.941345,-22.097786,0,train,tsne_2d
-24.003927,11.932728,0,train,tsne_2d
12.016787,-7.5971594,0,train,tsne_2d
38.04228,23.981718,0,train,tsne_2d
48.590546,11.475406,0,train,tsne_2d
16.71116,-9.907874,0,train,tsne_2d
-3.7224827,17.490343,0,train,tsne_2d
15.417669,30.413958,0,train,tsne_2d
-1.1750897,15.697767,0,train,tsne_2d
22.101858,25.543139,0,train,tsne_2d
-57.30516,-2.3308225,0,train,tsne_2d
27.548574,15.532769,0,train,tsne_2d
-21.2329,-20.87391,0,train,tsne_2d
22.60762,-15.309206,0,train,tsne_2d
12.107203,2.0057828,0,train,tsne_2d
-19.88713,-1.9558382,0,train,tsne_2d
-41.279682,-5.4759903,0,train,tsne_2d
-31.387579,-27.93696,0,train,tsne_2d
-35.067867,-20.770494,0,train,tsne_2d
-41.705647,11.167184,0,train,tsne_2d
22.793928,29.28559,0,train,tsne_2d
2.7018661,-0.9620242,1,train,tsne_2d
48.408237,21.937286,0,train,tsne_2d
25.507702,4.440214,0,train,tsne_2d
-36.356125,-37.958176,0,train,tsne_2d
0.48175249,22.836315,0,train,tsne_2d
4.6209097,15.144089,0,train,tsne_2d
55.227795,11.002684,0,train,tsne_2d
-1.8097147,35.065815,0,train,tsne_2d
-41.10492,-15.629835,0,train,tsne_2d
-44.172997,6.704342,0,train,tsne_2d
-46.466953,-15.330225,0,train,tsne_2d
13.542036,-10.4911585,0,train,tsne_2d
-22.269957,4.653904,0,train,tsne_2d
-3.154427,-3.9633012,1,train,tsne_2d
13.2429495,15.579518,1,train,tsne_2d
49.945232,-7.2781577,0,train,tsne_2d
24.644802,19.666523,0,train,tsne_2d
50.933064,-2.4891608,0,train,tsne_2d
-48.44185,-17.841457,0,train,tsne_2d
-7.9634414,-37.615345,0,train,tsne_2d
-42.79671,-18.128967,0,train,tsne_2d
50.08903,3.2386162,0,train,tsne_2d
0.41375345,36.491226,1,train,tsne_2d
-6.9487195,-30.121794,0,train,tsne_2d
-16.260273,-24.9735,0,train,tsne_2d
-30.70693,-23.47953,0,train,tsne_2d
-14.236214,22.7714,1,train,tsne_2d
-8.458542,26.773727,0,train,tsne_2d
-19.029127,-8.358347,0,train,tsne_2d
8.889574,-21.548079,0,train,tsne_2d
-21.676657,-5.481716,0,train,tsne_2d
10.742231,3.6108184,0,train,tsne_2d
36.67736,-1.1316539,0,train,tsne_2d
3.298593,15.020877,1,train,tsne_2d
13.459256,-4.6697016,0,train,tsne_2d
27.418324,11.644551,0,train,tsne_2d
19.13086,20.58618,0,train,tsne_2d
-3.2770455,10.420007,0,train,tsne_2d
-40.590652,-5.888432,0,train,tsne_2d
56.852654,10.052321,0,train,tsne_2d
46.18856,23.128717,0,train,tsne_2d
15.720654,-17.02363,1,train,tsne_2d
45.93191,-11.333515,0,train,tsne_2d
25.451828,0.037966825,0,train,tsne_2d
-43.011814,-18.213682,0,train,tsne_2d
-32.494312,-22.822548,0,train,tsne_2d
-35.682426,-3.6996825,0,train,tsne_2d
37.50189,-0.10991342,0,train,tsne_2d
1.1511459,-0.79589903,1,train,tsne_2d
14.182436,31.202398,1,train,tsne_2d
1.1687777,31.333204,1,train,tsne_2d
-4.4548926,24.879866,0,train,tsne_2d
11.313947,13.745126,0,train,tsne_2d
3.8171256,24.314295,0,train,tsne_2d
-6.190172,-35.45067,0,train,tsne_2d
34.391315,-5.8777637,0,train,tsne_2d
-7.191279,18.776407,0,train,tsne_2d
-42.881104,-33.234543,0,train,tsne_2d
36.83531,3.2140083,0,train,tsne_2d
-35.638798,-9.174202,0,train,tsne_2d
-24.682098,-4.049947,0,train,tsne_2d
40.47091,-5.7174006,0,train,tsne_2d
-5.2760477,-22.16778,0,train,tsne_2d
-48.508747,-9.308413,0,train,tsne_2d
-13.397233,-33.686382,0,train,tsne_2d
-31.710863,-13.404717,0,train,tsne_2d
56.376434,16.5712,0,train,tsne_2d
-2.2371604,-17.773434,0,train,tsne_2d
15.575686,33.012375,0,train,tsne_2d
4.5241165,30.678442,0,train,tsne_2d
42.497654,-8.300873,0,train,tsne_2d
-36.023876,-4.63498,0,train,tsne_2d
-45.77225,1.8310822,0,train,tsne_2d
-31.241003,1.6388546,0,train,tsne_2d
-22.747988,-28.743462,0,train,tsne_2d
47.03113,28.841127,0,train,tsne_2d
20.46223,0.64334303,0,train,tsne_2d
41.462357,-12.425643,0,train,tsne_2d
-9.309825,3.0612247,0,train,tsne_2d
-36.333366,-32.270035,0,train,tsne_2d
38.820576,3.107577,0,train,tsne_2d
28.524815,-2.1671247,0,train,tsne_2d
34.29992,29.094887,0,train,tsne_2d
-34.22141,-11.5116205,0,train,tsne_2d
-2.81878,-18.613365,0,train,tsne_2d
-10.683339,0.16196086,0,train,tsne_2d
-36.940613,14.620832,0,train,tsne_2d
56.72246,3.424648,0,train,tsne_2d
55.924477,13.052711,0,train,tsne_2d
10.27842,17.041416,0,train,tsne_2d
-13.821422,-8.277628,0,train,tsne_2d
48.55435,14.39286,0,train,tsne_2d
-40.717,-7.0991178,0,train,tsne_2d
-24.455412,16.282639,0,train,tsne_2d
-19.258507,-9.17745,0,train,tsne_2d
-34.72914,-9.906478,0,train,tsne_2d
-10.840135,-28.637096,0,train,tsne_2d
-34.98594,-34.52254,0,train,tsne_2d
-45.897064,-32.17777,0,train,tsne_2d
-0.37891045,29.20257,0,train,tsne_2d
44.09188,13.201381,0,train,tsne_2d
-30.715229,-17.045643,0,train,tsne_2d
19.95787,0.27447003,0,train,tsne_2d
-13.172067,-35.130512,0,train,tsne_2d
-48.02326,-16.021494,0,train,tsne_2d
-53.279114,-1.8879491,0,train,tsne_2d
-44.013817,-1.0373111,0,train,tsne_2d
-19.377737,6.9028316,0,train,tsne_2d
14.352661,7.318863,0,train,tsne_2d
26.024221,1.7684417,0,train,tsne_2d
-0.21464105,32.077354,1,train,tsne_2d
-51.57277,-13.796516,0,train,tsne_2d
9.266503,-10.881466,0,train,tsne_2d
0.23821524,18.332172,1,train,tsne_2d
-29.346806,-30.201693,0,train,tsne_2d
-19.287607,-6.6573467,0,train,tsne_2d
13.09324,-0.406334,0,train,tsne_2d
-44.609974,-30.312775,0,train,tsne_2d
-32.597137,0.012474549,0,train,tsne_2d
-0.24056686,-2.6398156,1,train,tsne_2d
-13.201567,-37.71208,0,train,tsne_2d
-1.406804,39.26052,1,train,tsne_2d
-23.07714,-2.404405,0,train,tsne_2d
-28.49771,16.334656,0,train,tsne_2d
-44.339046,-9.977888,0,train,tsne_2d
-41.853798,-28.207302,0,train,tsne_2d
-24.811743,-20.903728,0,train,tsne_2d
-49.67464,-4.8373685,0,train,tsne_2d
33.94067,35.629704,0,train,tsne_2d
-38.385204,-10.283317,0,train,tsne_2d
-15.566604,11.991802,0,train,tsne_2d
7.5153008,22.399431,0,train,tsne_2d
22.204134,12.196255,0,train,tsne_2d
-0.58874,14.174702,0,train,tsne_2d
0.17476375,33.58483,1,train,tsne_2d
-28.826805,-5.2538843,0,train,tsne_2d
-41.372017,-26.186508,0,train,tsne_2d
-13.493033,-8.589644,0,train,tsne_2d
-29.412212,-5.8294096,1,train,tsne_2d
5.815037,31.977495,1,train,tsne_2d
-19.697008,-14.657713,0,train,tsne_2d
26.573019,12.118753,0,train,tsne_2d
8.530803,4.0922422,0,train,tsne_2d
28.178743,-2.881101,0,train,tsne_2d
-39.001953,-8.321347,0,train,tsne_2d
-51.434944,-13.46563,0,train,tsne_2d
-15.724637,11.004235,0,train,tsne_2d
24.5249,-4.349387,1,train,tsne_2d
-38.967186,-21.90868,0,train,tsne_2d
-48.51725,-17.532024,0,train,tsne_2d
59.876747,6.9840846,0,train,tsne_2d
-28.718994,-1.7723979,0,train,tsne_2d
6.479002,38.11685,0,train,tsne_2d
-8.10924,-23.733866,0,train,tsne_2d
51.813324,-5.134417,0,train,tsne_2d
0.74235815,-16.039946,0,train,tsne_2d
-41.363926,-32.531166,0,train,tsne_2d
-15.5554285,18.889462,0,train,tsne_2d
-2.955177,34.031445,1,train,tsne_2d
21.84276,-6.928669,0,train,tsne_2d
-48.567146,-13.488665,0,train,tsne_2d
-15.674056,-7.992765,1,train,tsne_2d
49.75809,12.2188635,0,train,tsne_2d
-19.642715,-24.672876,0,train,tsne_2d
28.27274,9.071195,0,train,tsne_2d
-15.376635,3.2285101,0,train,tsne_2d
18.62128,-22.289087,1,train,tsne_2d
-50.158195,-20.156864,0,train,tsne_2d
14.188558,-13.957251,0,train,tsne_2d
24.781347,13.777651,0,train,tsne_2d
-7.283449,33.41496,0,test,tsne_2d
4.98367,-8.5707655,0,test,tsne_2d
40.126972,9.1848545,0,test,tsne_2d
19.804628,17.195417,1,test,tsne_2d
-19.488087,14.924116,0,test,tsne_2d
-16.774847,-23.618385,0,test,tsne_2d
-34.239838,2.626767,0,test,tsne_2d
5.6868377,27.50751,1,test,tsne_2d
-31.4618,-16.069742,0,test,tsne_2d
-3.5236757,-11.470264,1,test,tsne_2d
-6.038888,27.675426,0,test,tsne_2d
44.17098,-0.5013169,0,test,tsne_2d
18.860296,26.598177,0,test,tsne_2d
-29.053389,-4.1500864,0,test,tsne_2d
-24.790794,-7.528935,0,test,tsne_2d
-37.19152,-11.774339,0,test,tsne_2d
44.119976,5.3625603,0,test,tsne_2d
10.4861,-3.9492564,0,test,tsne_2d
5.35644,38.92589,1,test,tsne_2d
-22.322517,-10.334044,0,test,tsne_2d
-56.963245,-18.807732,0,test,tsne_2d
-43.64064,-20.703398,0,test,tsne_2d
-6.6463585,-2.5707562,0,test,tsne_2d
-36.31755,-22.345936,0,test,tsne_2d
10.237156,-7.2520957,0,test,tsne_2d
-23.525349,-29.585709,0,test,tsne_2d
-31.318962,-10.895704,0,test,tsne_2d
4.781512,30.436579,0,test,tsne_2d
47.85225,-9.379871,0,test,tsne_2d
-30.104263,-19.395302,0,test,tsne_2d
42.532032,13.443105,0,test,tsne_2d
-34.21561,0.2708567,0,test,tsne_2d
-2.377902,8.990266,1,test,tsne_2d
13.444181,-10.603902,0,test,tsne_2d
42.035816,-2.6986299,0,test,tsne_2d
51.193306,-1.2984409,0,test,tsne_2d
-53.032715,-17.21149,0,test,tsne_2d
35.45204,10.128958,0,test,tsne_2d
-7.262254,18.789595,0,test,tsne_2d
-55.432076,-15.284187,0,test,tsne_2d
-12.963975,8.58436,0,test,tsne_2d
-36.964703,-22.086533,0,test,tsne_2d
10.340593,22.872189,0,test,tsne_2d
-42.24967,5.0437236,0,test,tsne_2d
54.730183,4.6833334,0,test,tsne_2d
-43.32773,7.4831696,0,test,tsne_2d
-39.556034,6.4866157,0,test,tsne_2d
-15.35488,15.902677,1,test,tsne_2d
-40.897007,11.175014,0,test,tsne_2d
-22.828339,-12.313756,0,test,tsne_2d
13.026292,25.04357,1,test,tsne_2d
37.57292,-12.822327,0,test,tsne_2d
-49.65055,-22.014656,0,test,tsne_2d
-5.604671,-33.70301,0,test,tsne_2d
45.293766,21.52649,0,test,tsne_2d
32.262493,28.487972,0,test,tsne_2d
-51.84396,-0.30211812,1,test,tsne_2d
-32.566334,-18.21137,0,test,tsne_2d
5.823367,24.908213,1,test,tsne_2d
20.673075,27.080023,0,test,tsne_2d
-45.463253,-1.2225236,0,test,tsne_2d
-0.70683885,-15.859987,0,test,tsne_2d
-27.180935,-39.396694,0,test,tsne_2d
-47.801826,-29.726469,0,test,tsne_2d
0.3936165,36.968662,1,test,tsne_2d
-27.436726,-25.391735,0,test,tsne_2d
28.949614,30.279526,0,test,tsne_2d
-15.32509,24.846914,0,test,tsne_2d
-14.018683,-8.517689,0,test,tsne_2d
-50.926525,-7.04363,0,test,tsne_2d
49.868793,12.875395,0,test,tsne_2d
-56.838158,-7.2221975,0,test,tsne_2d
39.475346,-12.732521,0,test,tsne_2d
-41.89994,-5.4558253,0,test,tsne_2d
-39.66988,-21.800896,0,test,tsne_2d
40.83517,-7.43484,0,test,tsne_2d
7.6155157,-13.688084,0,test,tsne_2d
-41.420986,-28.895498,0,test,tsne_2d
27.971508,24.35086,0,test,tsne_2d
39.4556,-0.22119725,0,test,tsne_2d
28.12068,6.197414,0,test,tsne_2d
-14.735523,3.8343809,0,test,tsne_2d
41.103195,23.731943,0,test,tsne_2d
18.344425,13.878363,0,test,tsne_2d
-32.06912,-4.7059555,0,test,tsne_2d
-12.013444,-1.8251259,0,test,tsne_2d
43.210793,-16.260271,0,test,tsne_2d
20.190071,15.919664,0,test,tsne_2d
25.767454,9.32249,0,test,tsne_2d
-6.2933526,-13.732684,0,test,tsne_2d
-13.157562,-13.940746,1,test,tsne_2d
57.453777,7.6837006,0,test,tsne_2d
31.067183,-10.598723,0,test,tsne_2d
6.426177,-12.01332,0,test,tsne_2d
-16.937092,4.960315,0,test,tsne_2d
-58.46268,-18.638884,0,test,tsne_2d
19.21151,23.462912,0,test,tsne_2d
-1.7199019,25.385893,0,test,tsne_2d
6.1395693,42.660294,0,test,tsne_2d
31.783741,31.6477,0,test,tsne_2d
-52.739895,-17.178738,0,test,tsne_2d
23.403475,-0.064559855,0,test,tsne_2d
32.912983,-12.362327,0,test,tsne_2d
-26.68315,11.165694,0,test,tsne_2d
9.263964,-7.0780845,0,test,tsne_2d
-8.579828,5.848071,0,test,tsne_2d
1.2858752,-5.5000954,1,test,tsne_2d
-32.58379,3.2799902,0,test,tsne_2d
39.978893,-8.429913,0,test,tsne_2d
6.327191,7.616794,0,test,tsne_2d
15.491081,33.129116,0,test,tsne_2d
-34.056446,9.231094,0,test,tsne_2d
-25.751404,-22.470507,0,test,tsne_2d
6.0811257,8.270515,0,test,tsne_2d
-33.92429,-14.629377,1,test,tsne_2d
55.141335,13.941129,0,test,tsne_2d
-51.227352,-3.8745573,0,test,tsne_2d
50.38881,11.066964,0,test,tsne_2d
34.9089,11.8347225,0,test,tsne_2d
0.5288289,-13.779307,0,test,tsne_2d
14.46436,31.000021,0,test,tsne_2d
-45.627815,-7.49916,0,test,tsne_2d
-49.329357,-8.743152,0,test,tsne_2d
-53.51593,-15.106859,0,test,tsne_2d
-5.589072,1.2186441,0,test,tsne_2d
27.086319,-8.940494,0,test,tsne_2d
-32.823555,-19.123087,0,test,tsne_2d
51.486866,20.926176,0,test,tsne_2d
-28.422527,-34.605015,0,test,tsne_2d
45.55854,14.754738,0,test,tsne_2d
-9.254915,-4.983227,0,test,tsne_2d
-8.693367,2.4016628,0,test,tsne_2d
15.199539,-10.714665,0,test,tsne_2d
40.057213,-0.5144712,0,test,tsne_2d
-21.910927,-22.144768,0,test,tsne_2d
-53.967392,-12.016362,0,test,tsne_2d
15.062726,-22.738338,0,test,tsne_2d
-36.820103,-23.885891,0,test,tsne_2d
-46.54822,-14.860809,0,test,tsne_2d
-1.273478,30.916025,1,test,tsne_2d
-6.5004897,-25.930069,0,test,tsne_2d
-32.99908,-3.5910463,0,test,tsne_2d
9.5501375,26.998976,0,test,tsne_2d
-26.695637,-24.104477,0,test,tsne_2d
53.357166,22.53211,0,test,tsne_2d
46.086124,-10.681334,0,test,tsne_2d
-11.027555,-28.912071,0,test,tsne_2d
46.66126,17.956722,0,test,tsne_2d
11.040519,21.303633,1,test,tsne_2d
-35.23182,-29.724276,0,test,tsne_2d
5.3143506,25.423018,0,test,tsne_2d
-36.647194,4.114911,0,test,tsne_2d
1.5823181,-6.383219,1,test,tsne_2d
-41.012943,10.786337,0,test,tsne_2d
25.296824,21.150845,0,test,tsne_2d
19.43482,13.391524,0,test,tsne_2d
40.476124,-5.6946282,0,test,tsne_2d
22.626421,22.257336,0,test,tsne_2d
39.27375,-2.9860897,0,test,tsne_2d
-46.523296,-22.451738,0,test,tsne_2d
52.4823,1.0277203,0,test,tsne_2d
-38.958027,-19.736109,1,test,tsne_2d
18.371931,-4.861356,0,test,tsne_2d
19.273008,15.398398,0,test,tsne_2d
-28.010311,-7.325204,0,test,tsne_2d
-55.889137,-15.768517,0,test,tsne_2d
-8.138341,28.853432,1,test,tsne_2d
-44.16559,8.089479,0,test,tsne_2d
-16.220236,-3.290687,0,test,tsne_2d
-33.30587,-3.3393507,1,test,tsne_2d
-12.91108,-2.968476,0,test,tsne_2d
42.799026,4.4492855,0,test,tsne_2d
-6.337343,-29.740242,0,test,tsne_2d
23.208048,2.8912268,0,test,tsne_2d
25.481611,10.822393,0,test,tsne_2d
-36.33915,-35.515266,0,test,tsne_2d
13.894856,1.6518695,0,test,tsne_2d
-56.72285,-18.666185,0,test,tsne_2d
-53.18664,-1.5237628,1,test,tsne_2d
-36.05822,-28.431135,0,test,tsne_2d
-19.410425,-22.149374,0,test,tsne_2d
-54.039555,-9.966061,0,test,tsne_2d
15.940361,15.450842,0,test,tsne_2d
-6.567828,10.9542265,0,test,tsne_2d
45.892864,18.566612,0,test,tsne_2d
0.35133955,-16.332546,0,test,tsne_2d
-5.0501246,26.84413,1,test,tsne_2d
-8.000723,-11.698539,0,test,tsne_2d
44.15934,16.291641,0,test,tsne_2d
-14.074628,-34.47383,0,test,tsne_2d
21.617764,35.533554,0,test,tsne_2d
-15.88869,20.416958,0,test,tsne_2d
15.598181,3.2204716,0,test,tsne_2d
-13.7569685,-2.7662635,0,test,tsne_2d
-4.570717,-27.589043,0,test,tsne_2d
-2.8894756,18.377626,0,test,tsne_2d
-23.921354,13.525804,0,test,tsne_2d
-20.553238,-43.153545,0,test,tsne_2d
-26.546795,0.3072395,0,test,tsne_2d
-7.8757563,-25.79657,0,test,tsne_2d
-6.265345,-37.96431,0,test,tsne_2d
-19.124819,9.122935,0,test,tsne_2d
-38.13752,-36.363354,0,test,tsne_2d
18.719202,4.027026,0,test,tsne_2d
-46.816788,-32.14588,0,test,tsne_2d
-6.2469287,-23.120256,0,test,tsne_2d
37.07779,11.235952,0,test,tsne_2d
-16.686602,-23.072392,0,test,tsne_2d
-30.081112,-12.4743185,0,test,tsne_2d
26.291842,6.334422,0,test,tsne_2d
23.881514,-14.072923,0,test,tsne_2d
-12.29865,-26.08025,0,test,tsne_2d
39.864147,-9.171216,0,test,tsne_2d
13.323185,16.631659,0,test,tsne_2d
27.840881,-6.145844,0,test,tsne_2d
-5.533367,25.649292,0,test,tsne_2d
-7.735025,-22.27896,0,test,tsne_2d
-13.696182,12.998324,0,test,tsne_2d
-0.7852503,-22.41345,0,test,tsne_2d
-28.49018,-21.784395,0,test,tsne_2d
21.864767,-2.8520465,0,test,tsne_2d
21.968454,-16.481045,0,test,tsne_2d
52.614475,-2.650727,0,test,tsne_2d
40.458893,20.190714,0,test,tsne_2d
-24.125677,-19.203602,0,test,tsne_2d
-32.76373,-32.465664,0,test,tsne_2d
15.590989,2.9675598,0,test,tsne_2d
-18.061512,-14.448771,0,test,tsne_2d
7.363399,23.874496,0,test,tsne_2d
-7.971695,-33.101547,0,test,tsne_2d
2.5344322,-9.796761,0,test,tsne_2d
-2.4142742,16.662569,0,test,tsne_2d
47.867126,17.826164,0,test,tsne_2d
-29.929033,-12.444633,0,test,tsne_2d
-46.13142,7.4012465,0,test,tsne_2d
1.9358186,-18.594501,0,test,tsne_2d
53.046635,-3.1116486,0,test,tsne_2d
36.79222,-4.3193593,0,test,tsne_2d
-23.898968,-14.552167,0,test,tsne_2d
-17.669315,-30.290133,0,test,tsne_2d
40.77296,-1.8596172,0,test,tsne_2d
27.090914,9.572393,0,test,tsne_2d
-36.542633,11.775368,0,test,tsne_2d
-36.915462,-31.898415,0,test,tsne_2d
-17.058311,-8.959059,0,test,tsne_2d
26.146141,23.454578,0,test,tsne_2d
28.055521,6.0979958,0,test,tsne_2d
24.098742,6.797636,0,test,tsne_2d
20.09358,1.1835833,0,test,tsne_2d
13.530955,-14.372707,0,test,tsne_2d
40.4848,14.0980835,0,test,tsne_2d
45.207813,-13.8893175,0,test,tsne_2d
49.610226,18.257017,0,test,tsne_2d
-28.040112,-33.509598,1,test,tsne_2d
4.5552506,-13.8571615,0,test,tsne_2d
-11.696699,6.3891644,0,test,tsne_2d
-50.95903,-27.727972,0,test,tsne_2d
-36.61118,-18.206738,0,test,tsne_2d
32.508495,-12.165885,0,test,tsne_2d
-45.63406,-11.32577,0,test,tsne_2d
2.6696885,-22.51666,0,test,tsne_2d
39.823975,21.43372,0,test,tsne_2d
-24.070086,-2.590662,0,test,tsne_2d
-33.374554,1.8633473,0,test,tsne_2d
-21.242624,-33.904778,0,test,tsne_2d
-19.133865,-34.48822,0,test,tsne_2d
35.816193,-19.614555,0,test,tsne_2d
31.12841,22.334509,0,test,tsne_2d
-27.181513,-2.6592495,0,test,tsne_2d
0.021007575,-16.586851,0,test,tsne_2d
-29.863832,-15.517519,0,test,tsne_2d
-9.948446,1.2473296,0,test,tsne_2d
17.758083,-2.4591532,0,test,tsne_2d
33.278194,-2.2117164,0,test,tsne_2d
30.593817,5.2178326,0,test,tsne_2d
-15.357025,-15.01917,0,test,tsne_2d
5.373311,34.380707,1,test,tsne_2d
-16.580833,10.763082,0,test,tsne_2d
16.889193,-15.579421,0,test,tsne_2d
-27.278423,10.10348,0,test,tsne_2d
52.69104,-5.2750454,0,test,tsne_2d
26.71737,-16.760618,0,test,tsne_2d
10.253966,17.039165,0,test,tsne_2d
12.472061,-1.7478102,1,test,tsne_2d
19.355927,5.1079483,0,test,tsne_2d
23.485752,15.768139,0,test,tsne_2d
-28.64026,7.860805,0,test,tsne_2d
-20.513693,-19.391306,0,test,tsne_2d
-49.576576,-24.881065,0,test,tsne_2d
24.116325,37.65037,0,test,tsne_2d
38.26255,25.056065,0,test,tsne_2d
-39.30987,3.7049873,0,test,tsne_2d
32.212307,0.38741407,0,test,tsne_2d
29.962038,-13.931034,0,test,tsne_2d
-27.442778,10.145698,0,test,tsne_2d
35.712795,10.29279,0,test,tsne_2d
12.813136,30.72234,0,test,tsne_2d
-30.936218,-24.363113,0,test,tsne_2d
-24.519909,-13.236114,1,test,tsne_2d
10.917369,-0.70287865,0,test,tsne_2d
-21.67304,9.854509,0,test,tsne_2d
14.198979,19.26371,0,test,tsne_2d
-21.004953,-30.500488,0,test,tsne_2d
10.628711,19.087635,0,test,tsne_2d
-32.516506,3.2426794,0,test,tsne_2d
-18.348328,-13.941043,0,test,tsne_2d
-6.979891,-29.986002,0,test,tsne_2d
9.402355,-5.0363274,0,test,tsne_2d
-49.336094,-34.456158,0,test,tsne_2d
44.125294,8.796723,0,test,tsne_2d
-13.839032,9.589621,0,test,tsne_2d
29.935793,7.2167654,0,test,tsne_2d
-32.60429,-35.55052,0,test,tsne_2d
5.2516007,8.955146,0,test,tsne_2d
55.578297,13.420115,0,test,tsne_2d
-45.07771,-13.642535,0,test,tsne_2d
5.5563874,11.436326,0,test,tsne_2d
8.012214,17.740814,1,test,tsne_2d
16.44351,1.9453999,0,test,tsne_2d
-27.560835,5.2477207,0,test,tsne_2d
41.579517,23.343441,0,test,tsne_2d
4.718664,18.003431,0,test,tsne_2d
-31.988071,-10.249034,1,test,tsne_2d
44.643147,5.497898,0,test,tsne_2d
56.810783,3.0003693,0,test,tsne_2d
-40.90673,-14.987424,0,test,tsne_2d
-25.723526,-18.728283,0,test,tsne_2d
27.469519,-4.7783046,0,test,tsne_2d
6.226905,-4.4042907,0,test,tsne_2d
47.948772,17.134415,0,test,tsne_2d
1.0877916,-0.06886006,1,test,tsne_2d
1.6034677,38.860718,1,test,tsne_2d
-52.177555,-2.9471192,0,test,tsne_2d
-2.4438596,11.215032,0,test,tsne_2d
27.568705,1.6365948,0,test,tsne_2d
52.709427,1.3568374,0,test,tsne_2d
-12.524551,-1.8983626,0,test,tsne_2d
-11.213471,-19.972162,0,test,tsne_2d
30.36041,0.19485842,0,test,tsne_2d
-21.937101,2.024966,0,test,tsne_2d
27.72492,12.115013,0,test,tsne_2d
-53.9204,-20.108685,0,test,tsne_2d
29.605797,-12.239425,0,test,tsne_2d
-2.369233,-4.011373,1,test,tsne_2d
-49.951706,-22.410295,0,test,tsne_2d
22.455078,-18.513313,0,test,tsne_2d
32.080334,-14.64812,0,test,tsne_2d
-28.719622,3.0755796,0,test,tsne_2d
5.4068575,11.890023,0,test,tsne_2d
-36.219265,15.481127,0,test,tsne_2d
44.028736,-12.462758,0,test,tsne_2d
27.3849,25.144203,0,test,tsne_2d
45.586475,-12.093322,0,test,tsne_2d
14.603363,-22.504753,0,test,tsne_2d
13.522785,12.891783,0,test,tsne_2d
-36.24307,-13.739915,0,test,tsne_2d
-48.71631,-30.714128,0,test,tsne_2d
-18.486235,6.173466,0,test,tsne_2d
45.84002,7.2473474,0,test,tsne_2d
-22.3769,-10.097201,0,test,tsne_2d
-6.96986,-28.350765,0,test,tsne_2d
-21.736559,-1.4296033,0,test,tsne_2d
51.324265,15.571161,0,test,tsne_2d
-36.385788,-1.4715153,0,test,tsne_2d
53.798298,9.398557,0,test,tsne_2d
43.540672,6.0226626,0,test,tsne_2d
-8.760325,-13.411544,0,test,tsne_2d
10.543408,-15.657542,0,test,tsne_2d
58.14161,4.730407,0,test,tsne_2d
-12.694714,-9.531458,0,test,tsne_2d
-27.055546,-13.717569,0,test,tsne_2d
26.597364,7.606235,0,test,tsne_2d
-32.280792,-18.181303,0,test,tsne_2d
-6.1743956,13.991724,1,test,tsne_2d
28.476238,13.077285,0,test,tsne_2d
39.580624,-13.547291,0,test,tsne_2d
8.764648,-9.321747,0,test,tsne_2d
3.6219385,1.2444996,1,test,tsne_2d
-35.585747,-38.237053,0,test,tsne_2d
46.715633,26.521646,0,test,tsne_2d
-22.164225,-11.764016,0,test,tsne_2d
41.35543,11.843404,0,test,tsne_2d
16.05756,-3.3693998,0,test,tsne_2d
-13.392969,-15.579474,1,test,tsne_2d
-36.373734,-11.108866,0,test,tsne_2d
-26.467562,-1.5440671,0,test,tsne_2d
-45.109577,-13.683983,0,test,tsne_2d
54.08058,16.624495,0,test,tsne_2d
-5.1818843,12.020974,0,test,tsne_2d
-47.585697,-25.376553,0,test,tsne_2d
-10.157069,4.3555193,0,test,tsne_2d
42.02257,-10.778798,0,test,tsne_2d
11.758518,-10.0135765,0,test,tsne_2d
-33.789497,-25.25207,0,test,tsne_2d
24.033937,37.65218,0,test,tsne_2d
-23.876837,-30.476906,0,test,tsne_2d
-20.369986,-1.9395531,0,test,tsne_2d
43.04776,14.765255,0,test,tsne_2d
38.433426,-15.547677,0,test,tsne_2d
-22.041653,6.4022975,0,test,tsne_2d
28.490942,-17.47605,0,test,tsne_2d
-15.389187,-31.280214,0,test,tsne_2d
0.81923085,18.1354,1,test,tsne_2d
-4.6000757,17.867369,0,test,tsne_2d
-10.307473,-23.464716,0,test,tsne_2d
23.316044,17.938242,0,test,tsne_2d
43.988564,-7.6083846,0,test,tsne_2d
19.330088,-25.714289,0,test,tsne_2d
33.95069,17.458591,0,test,tsne_2d
16.59845,4.167548,0,test,tsne_2d
-37.23891,-9.822268,0,test,tsne_2d
-13.153561,-28.37136,0,test,tsne_2d
-6.497253,-32.02783,0,test,tsne_2d
-1.577029,26.140896,0,test,tsne_2d
12.003953,29.857132,1,test,tsne_2d
18.139128,16.969551,0,test,tsne_2d
-40.066242,10.232099,0,test,tsne_2d
-8.119485,-24.252926,0,test,tsne_2d
-32.584,-17.798874,0,test,tsne_2d
51.435776,8.8907175,0,test,tsne_2d
-48.963665,-20.071835,0,test,tsne_2d
-34.08174,-30.208277,0,test,tsne_2d
-7.2246594,4.803733,0,test,tsne_2d
-32.455536,1.4255356,0,test,tsne_2d
54.450375,-1.7885435,0,test,tsne_2d
12.655098,20.402748,0,test,tsne_2d
20.083677,21.070309,0,test,tsne_2d
-8.139097,0.914946,0,test,tsne_2d
-29.245707,-28.527243,0,test,tsne_2d
-9.540096,-36.000954,0,test,tsne_2d
-14.576735,-3.016856,0,test,tsne_2d
9.903354,31.296122,0,test,tsne_2d
-38.117474,-4.6198435,0,test,tsne_2d
-52.785748,-18.54348,0,test,tsne_2d
25.187967,-3.338633,0,test,tsne_2d
5.7984657,16.793818,0,test,tsne_2d
8.5709095,18.323992,0,test,tsne_2d
-3.111084,10.583513,0,test,tsne_2d
-44.067703,-34.123943,0,test,tsne_2d
-43.037365,-10.564331,0,test,tsne_2d
-11.578512,-32.108482,0,test,tsne_2d
40.065784,6.2375636,0,test,tsne_2d
40.46173,18.690084,0,test,tsne_2d
-5.9715014,29.394627,0,test,tsne_2d
-17.46231,10.814247,0,test,tsne_2d
13.2562685,15.564335,0,test,tsne_2d
27.763542,-11.690738,0,test,tsne_2d
-38.119446,9.546774,0,test,tsne_2d
-42.58111,-5.2995524,0,test,tsne_2d
-30.29032,-10.25162,0,test,tsne_2d
-27.114777,-19.038994,0,test,tsne_2d
-51.148983,-18.20187,0,test,tsne_2d
38.341076,11.525881,0,test,tsne_2d
40.744396,12.717377,0,test,tsne_2d
33.028896,-14.942634,0,test,tsne_2d
-41.60519,-13.270411,0,test,tsne_2d
8.982399,36.91188,1,test,tsne_2d
38.839817,28.746946,0,test,tsne_2d
-0.3009634,43.766293,1,test,tsne_2d
33.78933,-11.999463,0,test,tsne_2d
11.804469,-5.1548104,0,test,tsne_2d
44.448936,9.115852,0,test,tsne_2d
18.595234,10.5430975,0,test,tsne_2d
50.04273,20.677557,0,test,tsne_2d
-27.643684,-26.376549,0,test,tsne_2d
-12.693014,-3.8094623,0,test,tsne_2d
-29.727585,-7.7860107,0,test,tsne_2d
-43.68736,-3.006839,0,test,tsne_2d
-17.686451,1.8721896,0,test,tsne_2d
-13.952236,-3.6930509,0,test,tsne_2d
-51.286907,-0.98808753,0,test,tsne_2d
44.818134,11.019141,0,test,tsne_2d
25.184143,0.15441035,0,test,tsne_2d
-42.25799,-32.75735,0,test,tsne_2d
-47.895916,-18.637442,0,test,tsne_2d
-49.484383,-11.346924,0,test,tsne_2d
-36.096798,-33.154785,0,test,tsne_2d
-0.6039575,32.94112,1,test,tsne_2d
-24.799023,-13.039827,0,test,tsne_2d
-25.18781,-4.902532,0,test,tsne_2d
34.1601,27.411304,0,test,tsne_2d
21.40545,9.275319,0,test,tsne_2d
-37.398685,-8.866642,0,test,tsne_2d
-36.45453,-29.66946,0,test,tsne_2d
-41.57179,-17.644072,0,test,tsne_2d
-37.9161,-7.190545,0,test,tsne_2d
-45.300224,-29.857111,0,test,tsne_2d
52.8481,-1.1421545,0,test,tsne_2d
-53.121235,-15.674064,0,test,tsne_2d
-1.4447675,0.62076324,0,test,tsne_2d
0.61596346,21.320677,1,test,tsne_2d
-41.89292,-25.396664,0,test,tsne_2d
-56.882473,-11.390422,0,test,tsne_2d
-13.701447,12.04739,0,test,tsne_2d
42.243652,-10.64315,0,test,tsne_2d
-52.0567,-3.9174945,0,test,tsne_2d
-50.81777,-26.960268,0,test,tsne_2d
-49.537796,-7.558838,0,test,tsne_2d
37.310368,-7.27498,0,test,tsne_2d
32.68002,6.6343503,0,test,tsne_2d
52.761215,7.7447743,0,test,tsne_2d
48.792145,11.310831,0,test,tsne_2d
-8.674286,-13.040605,0,test,tsne_2d
-2.3426218,23.89849,1,test,tsne_2d
-47.949574,-8.206986,0,test,tsne_2d
-25.499174,-25.004045,0,test,tsne_2d
26.701254,31.304924,1,test,tsne_2d
-46.41396,-18.527147,0,test,tsne_2d
20.865635,-7.2888384,0,test,tsne_2d
53.269627,14.808835,0,test,tsne_2d
29.92881,4.965513,0,test,tsne_2d
-39.49169,13.3188,0,test,tsne_2d
14.695187,28.031063,1,test,tsne_2d
-16.457066,14.131146,0,test,tsne_2d
48.588657,9.18204,0,test,tsne_2d
3.2789707,11.138123,0,test,tsne_2d
-11.531478,-31.821968,0,test,tsne_2d
-48.53668,-18.45513,0,test,tsne_2d
2.7099657,43.58178,1,test,tsne_2d
-42.88812,-7.859559,0,test,tsne_2d
31.88964,-16.676388,0,test,tsne_2d
-19.484793,-22.386274,0,test,tsne_2d
8.256846,22.234156,0,test,tsne_2d
-48.31621,-22.439127,0,test,tsne_2d
-1.3100176,4.645301,0,test,tsne_2d
40.412594,24.148859,0,test,tsne_2d
42.539288,10.589623,0,test,tsne_2d
14.180699,35.55559,0,test,tsne_2d
43.74618,14.010368,0,test,tsne_2d
-22.96136,7.460651,0,test,tsne_2d
1.9642987,41.215763,1,test,tsne_2d
40.42741,22.188305,0,test,tsne_2d
46.298786,-2.579097,0,test,tsne_2d
3.9263766,27.316729,0,test,tsne_2d
-37.265038,-30.798029,0,test,tsne_2d
8.063326,18.665533,0,test,tsne_2d
-36.029873,-9.540536,0,test,tsne_2d
26.054274,4.629343,0,test,tsne_2d
16.029467,8.344346,0,test,tsne_2d
2.3805869,-21.14149,0,test,tsne_2d
3.287333,20.536922,0,test,tsne_2d
16.95523,29.386343,1,test,tsne_2d
-17.511932,9.579402,0,test,tsne_2d
32.167694,29.8895,0,test,tsne_2d
29.427113,34.50346,0,test,tsne_2d
-39.038864,-5.5237303,0,test,tsne_2d
-7.3447766,2.9175608,0,test,tsne_2d
-18.252897,-27.670858,0,test,tsne_2d
7.6682534,29.362366,0,test,tsne_2d
-56.94065,-15.592205,0,test,tsne_2d
-20.366167,-30.396658,0,test,tsne_2d
-34.5821,-30.21993,0,test,tsne_2d
-43.75604,-17.716488,0,test,tsne_2d
-9.394218,-18.104404,0,test,tsne_2d
12.383271,-10.443045,0,test,tsne_2d
-19.034292,14.708526,0,test,tsne_2d
2.6900637,37.365635,1,test,tsne_2d
45.33906,16.822128,0,test,tsne_2d
0.35904774,25.178751,0,test,tsne_2d
-23.06811,-16.884953,0,test,tsne_2d
-38.598255,7.5691466,0,test,tsne_2d
-37.932053,-21.10161,0,test,tsne_2d
12.018316,-3.1506453,0,test,tsne_2d
38.59573,-15.619867,0,test,tsne_2d
-39.492893,-36.5405,0,test,tsne_2d
44.63525,-6.0916266,0,test,tsne_2d
-43.153164,8.613317,0,test,tsne_2d
16.82164,-5.212796,0,test,tsne_2d
15.860002,31.44592,0,test,tsne_2d
-48.755993,-30.128237,0,test,tsne_2d
-45.110134,-29.753424,0,test,tsne_2d
7.4299793,41.203487,0,test,tsne_2d
26.996534,-18.616634,1,test,tsne_2d
-43.141735,-36.295242,0,test,tsne_2d
-5.7390776,-35.893238,0,test,tsne_2d
29.520994,11.567165,0,test,tsne_2d
26.223444,19.728474,0,test,tsne_2d
2.4287307,22.920633,0,test,tsne_2d
-9.096447,-5.1408854,0,test,tsne_2d
-31.207344,-21.545385,0,test,tsne_2d
24.899855,-9.06137,0,test,tsne_2d
24.789736,-19.213984,0,test,tsne_2d
-33.452347,-20.668749,0,test,tsne_2d
12.473836,-2.6270115,0,test,tsne_2d
22.879204,18.228943,0,test,tsne_2d
20.965576,12.223303,0,test,tsne_2d
-57.184258,-15.149073,0,test,tsne_2d
-50.57643,-17.142527,0,test,tsne_2d
-25.590696,-2.295945,0,test,tsne_2d
25.210888,11.708541,0,test,tsne_2d
13.59045,12.06615,0,test,tsne_2d
-1.3445812,7.677634,0,test,tsne_2d
4.842674,17.516577,0,test,tsne_2d
47.623528,26.787884,0,test,tsne_2d
-10.7471285,11.871025,0,test,tsne_2d
17.863178,-8.29954,0,test,tsne_2d
12.673402,-7.687845,0,test,tsne_2d
-14.555438,-19.907988,0,test,tsne_2d
-44.610256,3.9869182,0,test,tsne_2d
-0.9177762,15.1167965,0,test,tsne_2d
-54.534428,-25.061918,0,test,tsne_2d
17.85002,1.4439421,0,test,tsne_2d
56.73522,14.246124,0,test,tsne_2d
1.7077293,16.238771,1,test,tsne_2d
20.78352,-0.15213293,0,test,tsne_2d
-3.788863,13.800283,0,test,tsne_2d
32.743385,-6.942525,0,test,tsne_2d
-42.775635,8.725061,1,test,tsne_2d
31.533312,15.025627,0,test,tsne_2d
60.444153,11.906292,0,test,tsne_2d
16.280058,-10.493435,0,test,tsne_2d
-29.640997,-2.8326428,0,test,tsne_2d
21.313004,13.502001,0,test,tsne_2d
-2.982552,15.397532,0,test,tsne_2d
-4.148485,-9.033737,0,test,tsne_2d
2.7252336,9.957992,0,test,tsne_2d
35.729877,-5.742217,0,test,tsne_2d
-46.11106,3.4661884,0,test,tsne_2d
-11.972699,-19.899387,0,test,tsne_2d
-54.623554,-22.477652,1,test,tsne_2d
-50.591225,-16.151722,0,test,tsne_2d
-3.336926,-32.684906,0,test,tsne_2d
-1.7548826,13.235693,0,test,tsne_2d
16.289948,18.832289,0,test,tsne_2d
10.622228,19.223402,0,test,tsne_2d
52.425797,4.417408,0,test,tsne_2d
-20.080673,-3.8015547,0,test,tsne_2d
3.604972,29.603333,0,test,tsne_2d
-23.047834,-11.232516,0,test,tsne_2d
-4.0520487,-1.1251951,0,test,tsne_2d
13.868942,-14.237623,0,test,tsne_2d
-38.93908,7.704064,0,test,tsne_2d
-7.3520627,-3.1893408,0,test,tsne_2d
40.635612,1.1764154,0,test,tsne_2d
30.494534,1.2647494,0,test,tsne_2d
53.12933,11.507027,0,test,tsne_2d
-47.63229,-21.067183,1,test,tsne_2d
42.21852,28.799953,1,test,tsne_2d
44.790913,29.30684,0,test,tsne_2d
-42.157837,-19.827051,0,test,tsne_2d
-9.1432295,-34.330673,0,test,tsne_2d
-21.047045,-17.802345,0,test,tsne_2d
-11.2551565,-1.3151735,0,test,tsne_2d
-25.243023,3.6346529,0,test,tsne_2d
-21.499056,-20.985363,0,test,tsne_2d
55.419968,-1.248388,0,test,tsne_2d
43.51267,21.051283,0,test,tsne_2d
-48.2053,-30.09794,0,test,tsne_2d
-44.15534,-28.784595,0,test,tsne_2d
-24.397282,-13.47753,0,test,tsne_2d
4.4795938,28.9345,0,test,tsne_2d
-14.636814,0.3910542,1,test,tsne_2d
10.435186,-21.348646,0,test,tsne_2d
34.802513,29.009624,0,test,tsne_2d
-5.624412,-30.389853,0,test,tsne_2d
46.877453,19.954792,0,test,tsne_2d
-26.706198,9.15511,0,test,tsne_2d
-20.970745,-14.348031,0,test,tsne_2d
2.959548,-22.93657,0,test,tsne_2d
45.02881,8.321202,0,test,tsne_2d
47.643726,0.07838182,0,test,tsne_2d
-22.218908,-7.4809546,0,test,tsne_2d
32.16269,-12.1715975,0,test,tsne_2d
-18.911459,-16.792957,0,test,tsne_2d
-7.505491,-37.749043,0,test,tsne_2d
44.781788,-7.6147985,0,test,tsne_2d
-34.659786,-1.9857519,0,test,tsne_2d
14.757903,17.19971,0,test,tsne_2d
-12.441042,-24.307947,0,test,tsne_2d
-10.209224,-23.444656,0,test,tsne_2d
26.521751,7.0166273,0,test,tsne_2d
5.780941,38.76613,0,test,tsne_2d
47.973476,19.405098,0,test,tsne_2d
17.512506,11.625766,1,test,tsne_2d
-21.103376,-3.475934,0,test,tsne_2d
52.455975,12.502824,0,test,tsne_2d
-52.84789,-8.069801,0,test,tsne_2d
-6.9733386,15.776389,0,test,tsne_2d
31.36,-6.642713,0,test,tsne_2d
38.285686,13.339948,0,test,tsne_2d
-9.039601,6.0495477,0,test,tsne_2d
-53.92582,-19.982687,0,test,tsne_2d
-5.2104125,-32.914314,0,test,tsne_2d
34.178207,-9.93939,0,test,tsne_2d
-16.077818,-27.909544,0,test,tsne_2d
-38.044724,-14.393569,0,test,tsne_2d
-25.67539,13.253051,0,test,tsne_2d
-10.074726,5.6352825,0,test,tsne_2d
-23.764294,14.19974,0,test,tsne_2d
-7.5695395,-24.826027,0,test,tsne_2d
-6.9435005,20.49683,1,test,tsne_2d
-7.561681,-16.561932,0,test,tsne_2d
5.419665,-9.57988,0,test,tsne_2d
-53.21467,-10.149352,1,test,tsne_2d
0.9771653,11.679743,0,test,tsne_2d
6.3275514,28.901775,1,test,tsne_2d
21.065277,9.886778,0,test,tsne_2d
-50.623707,-7.2658668,0,test,tsne_2d
-10.417935,-18.217527,0,test,tsne_2d
-26.439072,-16.5671,0,test,tsne_2d
-39.67438,-13.980292,0,test,tsne_2d
41.37134,-1.6558899,0,test,tsne_2d
38.511112,3.0663052,0,test,tsne_2d
-12.60336,-8.293254,0,test,tsne_2d
-51.937847,-21.999193,0,test,tsne_2d
-53.39517,1.9640344,0,test,tsne_2d
17.202322,-19.716404,1,test,tsne_2d
30.961756,19.00355,0,test,tsne_2d
-0.55848575,24.975779,0,test,tsne_2d
-0.55025345,40.840828,1,test,tsne_2d
3.6226246,30.119976,1,test,tsne_2d
58.84219,15.082105,0,test,tsne_2d
20.735088,35.48718,0,test,tsne_2d
48.686863,2.5854125,0,test,tsne_2d
-9.400423,3.19922,0,test,tsne_2d
32.817856,27.129475,0,test,tsne_2d
51.27482,0.49632138,0,test,tsne_2d
-10.329917,-0.81686133,0,test,tsne_2d
34.928432,0.6694161,0,test,tsne_2d
40.397255,6.481578,0,test,tsne_2d
13.454534,11.65203,0,test,tsne_2d
33.833855,16.45661,0,test,tsne_2d
-11.487414,-2.7118254,0,test,tsne_2d
-56.77694,-16.655136,0,test,tsne_2d
4.5320597,-22.643538,0,test,tsne_2d
51.759586,18.750751,0,test,tsne_2d
3.846252,21.651245,0,test,tsne_2d
22.343401,16.62362,0,test,tsne_2d
-14.738071,18.947973,0,test,tsne_2d
-0.30576292,2.6899176,0,test,tsne_2d
-23.517298,1.6053694,0,test,tsne_2d
45.37535,6.789794,0,test,tsne_2d
-41.775337,-2.577507,1,test,tsne_2d
-17.220879,9.62218,0,test,tsne_2d
-23.129656,-3.3355124,0,test,tsne_2d
-6.8383784,5.0677223,0,test,tsne_2d
1.2558662,36.206604,0,test,tsne_2d
8.792955,-19.829216,0,test,tsne_2d
16.391779,-12.584571,0,test,tsne_2d
-28.990444,-27.695272,0,test,tsne_2d
-45.90419,-26.318357,0,test,tsne_2d
31.78885,19.704828,0,test,tsne_2d
27.682264,22.844585,0,test,tsne_2d
-0.8641654,23.899961,1,test,tsne_2d
-21.716555,8.350457,0,test,tsne_2d
7.8351626,1.1087353,0,test,tsne_2d
13.984942,-2.0454402,0,test,tsne_2d
-13.44994,2.5027785,0,test,tsne_2d
49.36145,23.54615,0,test,tsne_2d
-7.4177094,29.052248,1,test,tsne_2d
25.109533,-16.796354,0,test,tsne_2d
-11.953724,-10.527956,0,test,tsne_2d
-16.670912,23.844816,0,test,tsne_2d
15.658537,-0.16778341,0,test,tsne_2d
17.15699,14.831638,0,test,tsne_2d
43.958885,8.297985,0,test,tsne_2d
23.315767,6.6389236,0,test,tsne_2d
24.27672,-1.7052766,0,test,tsne_2d
0.45651212,-2.2442193,1,test,tsne_2d
-28.075933,-11.921471,0,test,tsne_2d
3.4424896,1.0681533,1,test,tsne_2d
-30.780453,10.953096,0,test,tsne_2d
36.49678,-10.108887,0,test,tsne_2d
11.190227,-1.6970601,0,test,tsne_2d
-14.792164,8.433274,0,test,tsne_2d
28.939293,3.4161127,0,test,tsne_2d
-38.770958,-1.7341133,0,test,tsne_2d
47.67747,-4.8373337,0,test,tsne_2d
-38.223682,-33.65396,0,test,tsne_2d
58.292816,11.280532,0,test,tsne_2d
42.470703,8.419612,0,test,tsne_2d
47.516895,22.529255,0,test,tsne_2d
-43.72081,-12.030894,0,test,tsne_2d
14.479409,19.255404,0,test,tsne_2d
39.352833,17.979498,0,test,tsne_2d
8.469399,10.009466,0,test,tsne_2d
50.486145,8.2642565,0,test,tsne_2d
57.498974,5.290607,0,test,tsne_2d
27.553703,-2.7274446,0,test,tsne_2d
19.882195,-12.791508,0,test,tsne_2d
-11.402939,-11.888261,0,test,tsne_2d
22.386784,-18.637686,0,test,tsne_2d
29.644993,22.864025,1,test,tsne_2d
-32.37632,-35.658634,0,test,tsne_2d
40.76905,-15.568872,0,test,tsne_2d
0.99747425,-2.493499,1,test,tsne_2d
4.4929767,-21.32868,0,test,tsne_2d
36.015728,-11.5071125,0,test,tsne_2d
19.469223,14.849402,0,test,tsne_2d
7.585219,42.785362,0,test,tsne_2d
34.262646,17.915525,0,test,tsne_2d
0.96090496,0.8225551,1,test,tsne_2d
-34.761105,10.146889,0,test,tsne_2d
24.51595,12.2521105,0,test,tsne_2d
25.991653,33.676853,1,test,tsne_2d
1.3432727,-7.481942,1,test,tsne_2d
24.982424,17.684902,0,test,tsne_2d
-0.9514723,-3.1222095,1,test,tsne_2d
49.976517,-1.1492178,0,test,tsne_2d
-41.00961,-14.168654,0,test,tsne_2d
-40.70427,-16.665606,0,test,tsne_2d
-42.978374,-11.537793,0,test,tsne_2d
20.177328,19.657425,0,test,tsne_2d
39.74323,-13.505515,0,test,tsne_2d
5.219806,-3.4163094,0,test,tsne_2d
-48.83029,-3.4248974,0,test,tsne_2d
-4.988824,7.565853,0,test,tsne_2d
-25.754025,-1.7677099,0,test,tsne_2d
-9.224294,-4.905752,0,test,tsne_2d
34.939133,-11.214737,0,test,tsne_2d
10.628227,-18.183586,0,test,tsne_2d
32.969788,-5.3725786,0,test,tsne_2d
8.431299,25.378983,0,test,tsne_2d
34.46558,-4.5563054,0,test,tsne_2d
-5.243508,-27.288233,0,test,tsne_2d
38.289543,11.420756,0,test,tsne_2d
28.5651,35.81668,0,test,tsne_2d
-29.564041,0.47212142,0,test,tsne_2d
-14.00963,-34.98752,0,test,tsne_2d
7.573565,-10.950965,0,test,tsne_2d
40.559715,7.282036,0,test,tsne_2d
26.651634,16.6563,0,test,tsne_2d
46.647675,22.385946,0,test,tsne_2d
37.173897,6.625708,0,test,tsne_2d
5.388877,5.3260665,0,test,tsne_2d
30.622362,-1.1327409,0,test,tsne_2d
-19.54857,-34.486736,0,test,tsne_2d
53.5307,18.967934,0,test,tsne_2d
5.675173,3.389069,0,test,tsne_2d
41.510918,31.398653,0,test,tsne_2d
-37.28825,5.183143,0,test,tsne_2d
18.149506,4.8098555,0,test,tsne_2d
-47.15527,-12.478705,0,test,tsne_2d
-15.580946,18.85459,0,test,tsne_2d
16.626228,37.816555,0,test,tsne_2d
-28.27714,14.840952,0,test,tsne_2d
18.674225,-18.447968,1,test,tsne_2d
-14.802647,-18.107845,0,test,tsne_2d
-34.263165,10.714012,0,test,tsne_2d
-43.8251,-2.3875196,0,test,tsne_2d
-19.532587,-28.74302,0,test,tsne_2d
-0.7465515,25.165934,0,test,tsne_2d
-21.784668,7.078058,0,test,tsne_2d
-29.554028,0.53369635,0,test,tsne_2d
-38.83502,7.0005016,0,test,tsne_2d
-37.085735,-14.471507,0,test,tsne_2d
-12.22209,-16.368671,0,test,tsne_2d
-4.139504,-20.321646,0,test,tsne_2d
1.674077,10.78027,0,test,tsne_2d
-42.46209,11.484476,0,test,tsne_2d
23.208673,19.420446,0,test,tsne_2d
-44.07566,-20.634987,0,test,tsne_2d
-8.573948,27.104656,0,test,tsne_2d
14.346506,7.146232,0,test,tsne_2d
-46.98035,-27.529314,0,test,tsne_2d
26.660252,15.777643,0,test,tsne_2d
-25.986969,7.9839144,0,test,tsne_2d
46.18897,-7.467191,0,test,tsne_2d
19.095154,29.748056,1,test,tsne_2d
25.460016,1.3923688,0,test,tsne_2d
19.004486,24.464302,0,test,tsne_2d
19.200397,-3.4686759,0,test,tsne_2d
36.674034,-11.994277,0,test,tsne_2d
49.498672,3.6834004,0,test,tsne_2d
9.912809,15.788686,0,test,tsne_2d
-44.112846,6.286959,0,test,tsne_2d
-2.5775304,-3.9997048,1,test,tsne_2d
-21.865747,14.0713625,0,test,tsne_2d
49.01419,9.008443,0,test,tsne_2d
51.949055,-1.034371,0,test,tsne_2d
27.786028,-12.354636,0,test,tsne_2d
-50.475662,-28.656847,0,test,tsne_2d
-18.032028,-11.359992,0,test,tsne_2d
-7.099165,-18.785116,0,test,tsne_2d
-10.413193,9.703982,0,test,tsne_2d
-13.718109,11.50266,0,test,tsne_2d
5.3434505,42.128525,1,test,tsne_2d
36.32598,-9.620229,0,test,tsne_2d
5.641012,-10.203314,0,test,tsne_2d
-6.7655263,-11.774149,0,test,tsne_2d
23.747417,1.6960934,0,test,tsne_2d
-14.014234,13.583479,0,test,tsne_2d
-32.59802,1.0450872,0,test,tsne_2d
-11.066888,11.849376,0,test,tsne_2d
25.282354,-16.73024,0,test,tsne_2d
-22.1046,-4.084487,0,test,tsne_2d
-0.89411354,29.718346,1,test,tsne_2d
17.166046,6.953812,0,test,tsne_2d
54.097935,12.383887,0,test,tsne_2d
-25.206802,-24.286802,0,test,tsne_2d
-51.435284,-25.633785,0,test,tsne_2d
-46.360058,5.7582636,0,test,tsne_2d
-15.232249,-5.168939,0,test,tsne_2d
9.256505,38.94096,1,test,tsne_2d
10.341904,24.99711,0,test,tsne_2d
-45.512123,-26.694397,0,test,tsne_2d
31.696327,19.78059,0,test,tsne_2d
-10.437795,-24.214062,0,test,tsne_2d
-3.6270952,31.846127,0,test,tsne_2d
-21.00258,-15.525032,0,test,tsne_2d
-8.182913,1.0698209,0,test,tsne_2d
3.694248,15.436079,1,test,tsne_2d
20.900263,-10.139517,0,test,tsne_2d
-7.403018,-36.173447,0,test,tsne_2d
39.647617,-8.440364,0,test,tsne_2d
47.757694,21.50137,0,test,tsne_2d
13.075191,-0.22574288,0,test,tsne_2d
-20.88109,13.313351,0,test,tsne_2d
-18.298346,-12.846253,0,test,tsne_2d
-34.724243,7.1277356,0,test,tsne_2d
-9.16116,4.3181,0,test,tsne_2d
10.506409,26.263912,1,test,tsne_2d
-49.74382,-20.111914,0,test,tsne_2d
5.6883097,-18.24626,0,test,tsne_2d
21.152163,27.278818,0,test,tsne_2d
-46.53289,-29.624565,1,test,tsne_2d
-31.709394,10.416921,0,test,tsne_2d
-5.803976,22.501516,0,test,tsne_2d
-16.014147,-5.7516937,0,test,tsne_2d
-0.528173,10.068747,0,test,tsne_2d
-25.269527,14.180467,0,test,tsne_2d
-34.80788,-27.82835,0,test,tsne_2d
-1.2276751,17.140543,0,test,tsne_2d
-19.931425,-28.894184,0,test,tsne_2d
51.428585,11.438858,0,test,tsne_2d
7.5727987,10.227408,0,test,tsne_2d
19.976923,4.857442,0,test,tsne_2d
-9.133513,21.81433,0,test,tsne_2d
-30.676008,-21.736164,0,test,tsne_2d
-49.23287,-9.139571,0,test,tsne_2d
-47.64786,-28.702192,0,test,tsne_2d
52.858604,1.7705985,0,test,tsne_2d
-38.119537,9.197161,0,test,tsne_2d
3.4132814,15.67406,1,test,tsne_2d
21.509518,-7.196067,0,test,tsne_2d
-8.783759,2.2375178,0,test,tsne_2d
28.364155,29.588493,0,test,tsne_2d
52.29772,-1.8277745,0,test,tsne_2d
-54.419525,-6.1426415,0,test,tsne_2d
4.8424597,8.6745825,0,test,tsne_2d
-46.69555,-27.853216,0,test,tsne_2d
-2.1358683,19.097422,0,test,tsne_2d
-1.3043736,-20.660528,0,test,tsne_2d
29.163216,27.251995,0,test,tsne_2d
-23.245749,-20.433449,0,test,tsne_2d
-11.346479,-11.452344,0,test,tsne_2d
-56.149075,-4.0170307,0,test,tsne_2d
15.885763,-16.269218,1,test,tsne_2d
-32.3249,-27.862617,0,test,tsne_2d
24.783941,22.40022,1,test,tsne_2d
49.99732,-1.1773087,0,test,tsne_2d
-50.71077,-2.53544,0,test,tsne_2d
41.116055,17.86054,0,test,tsne_2d
8.963465,15.844013,0,test,tsne_2d
32.52424,25.67671,0,test,tsne_2d
31.355043,18.51584,0,test,tsne_2d
17.884863,34.599716,0,test,tsne_2d
41.520958,-4.2717843,0,test,tsne_2d
31.417053,-15.020445,0,test,tsne_2d
0.71022785,-13.782251,0,test,tsne_2d
-13.322594,2.1693609,0,test,tsne_2d
31.951996,7.642255,0,test,tsne_2d
43.036613,11.848772,0,test,tsne_2d
-49.190334,-25.119589,0,test,tsne_2d
-45.034744,-9.2345915,0,test,tsne_2d
-5.610533,0.28686315,0,test,tsne_2d
46.29994,27.789843,0,test,tsne_2d
-36.865173,-27.73473,1,test,tsne_2d
-45.977795,-19.796537,0,test,tsne_2d
-29.822935,-19.798214,0,test,tsne_2d
-14.681205,-3.141709,0,test,tsne_2d
-7.295074,16.942799,0,test,tsne_2d
47.496582,-7.1315336,0,test,tsne_2d
-15.697588,-12.269328,0,test,tsne_2d
-35.901207,-17.146706,0,test,tsne_2d
19.996561,20.683767,0,test,tsne_2d
38.958237,-8.187011,0,test,tsne_2d
0.95696694,17.809328,1,test,tsne_2d
-31.695164,0.031485908,0,test,tsne_2d
25.45462,-5.536909,0,test,tsne_2d
-43.24801,-15.990108,0,test,tsne_2d
40.92425,6.9194894,0,test,tsne_2d
29.298903,-7.954567,0,test,tsne_2d
-31.364851,6.1643624,0,test,tsne_2d
0.13020925,42.531178,1,test,tsne_2d
38.579876,15.002726,0,test,tsne_2d
-17.71603,-5.003306,0,test,tsne_2d
-1.7864254,22.280188,0,test,tsne_2d
-30.73686,-23.700296,0,test,tsne_2d
-38.64598,1.345322,0,test,tsne_2d
-10.463968,-25.869204,0,test,tsne_2d
8.980746,38.53128,1,test,tsne_2d
12.22642,31.563217,0,test,tsne_2d
-5.2889237,-14.742593,0,test,tsne_2d
-39.704887,-0.6853085,0,test,tsne_2d
-56.880447,-15.591143,0,test,tsne_2d
-16.601429,14.484377,0,test,tsne_2d
-41.321655,-14.751323,0,test,tsne_2d
-8.874335,-25.2293,0,test,tsne_2d
17.08749,6.7670197,0,test,tsne_2d
22.947601,5.4376526,0,test,tsne_2d
0.44152352,7.52512,0,test,tsne_2d
7.032632,-8.2431135,0,test,tsne_2d
51.77036,8.928234,0,test,tsne_2d
21.464579,-20.515615,0,test,tsne_2d
17.103434,-13.275859,0,test,tsne_2d
-45.69663,-11.403898,0,test,tsne_2d
41.762363,15.64259,0,test,tsne_2d
8.732768,-19.605125,0,test,tsne_2d
-2.3254983,31.70825,1,test,tsne_2d
-17.027737,26.81424,0,test,tsne_2d
-8.513994,-30.579567,0,test,tsne_2d
-1.7126462,19.892624,0,test,tsne_2d
-48.943638,0.99912786,0,test,tsne_2d
-49.57941,-28.16948,0,test,tsne_2d
-20.597586,-17.41184,0,test,tsne_2d
14.549972,-11.378749,0,test,tsne_2d
-14.232205,0.72072035,0,test,tsne_2d
-23.790483,14.956423,0,test,tsne_2d
-17.661407,0.0016665617,0,test,tsne_2d
-42.250023,-20.023287,0,test,tsne_2d
10.842336,-15.145056,0,test,tsne_2d
-15.240862,-2.25294,0,test,tsne_2d
-25.253317,-7.2265825,0,test,tsne_2d
-1.6786487,1.8743397,0,test,tsne_2d
44.06366,-11.408172,0,test,tsne_2d
-27.13546,-4.3466377,0,test,tsne_2d
52.885452,6.099071,0,test,tsne_2d
-4.8139577,-25.36247,0,test,tsne_2d
-15.516667,-15.000916,0,test,tsne_2d
13.787281,18.874643,0,test,tsne_2d
-30.868011,10.955787,1,test,tsne_2d
10.322813,31.034225,0,test,tsne_2d
-36.045242,-18.200218,0,test,tsne_2d
46.34501,-5.8269124,0,test,tsne_2d
-27.077463,-21.672142,0,test,tsne_2d
-35.579033,-3.5193267,0,test,tsne_2d
-4.5831037,-21.889318,0,test,tsne_2d
-8.34048,-27.910267,0,test,tsne_2d
-2.7998066,33.409214,1,test,tsne_2d
50.017036,0.6575475,0,test,tsne_2d
-20.168598,-26.271942,0,test,tsne_2d
-56.04017,-3.8558993,0,test,tsne_2d
19.224012,25.081623,0,test,tsne_2d
36.007442,13.199001,0,test,tsne_2d
47.83065,0.7911101,0,test,tsne_2d
-24.61334,-25.02963,0,test,tsne_2d
-29.639277,10.641556,0,test,tsne_2d
-21.299665,-36.776394,1,test,tsne_2d
53.34173,7.3071756,0,test,tsne_2d
-33.861275,-5.1706734,0,test,tsne_2d
-19.45406,1.1387008,0,test,tsne_2d
16.549816,33.21386,0,test,tsne_2d
8.1039,-2.384265,0,test,tsne_2d
51.643414,14.039769,1,test,tsne_2d
-32.317448,-14.427054,0,test,tsne_2d
15.788962,13.688613,0,test,tsne_2d
-20.01651,-11.904044,0,test,tsne_2d
-4.4843097,-31.952385,0,test,tsne_2d
-13.678807,10.428143,0,test,tsne_2d
3.73321,1.5351006,1,test,tsne_2d
-2.2199697,-26.64352,0,test,tsne_2d
-6.253446,13.913495,0,test,tsne_2d
-41.455307,-21.0335,0,test,tsne_2d
-16.462845,-20.570707,0,test,tsne_2d
-26.478987,-37.858315,0,test,tsne_2d
33.198864,-2.8496995,0,test,tsne_2d
-10.120707,-5.3143835,0,test,tsne_2d
-55.21026,-16.48122,0,test,tsne_2d
-16.832563,-31.504457,0,test,tsne_2d
39.157364,23.599297,0,test,tsne_2d
32.871044,8.683568,0,test,tsne_2d
54.768894,19.918314,0,test,tsne_2d
31.160162,1.7811962,0,test,tsne_2d
-6.5525827,-36.266422,0,test,tsne_2d
57.001793,6.101064,0,test,tsne_2d
-3.0549223,28.633331,0,test,tsne_2d
-40.55032,-18.214087,0,test,tsne_2d
-36.51493,-19.908316,1,test,tsne_2d
45.77346,-11.367902,0,test,tsne_2d
-47.41844,7.3114552,0,test,tsne_2d
27.263058,-10.476215,0,test,tsne_2d
13.22866,23.935144,0,test,tsne_2d
43.273014,-0.020093115,0,test,tsne_2d
-33.424183,-18.660595,0,test,tsne_2d
-16.992378,21.528688,0,test,tsne_2d
0.4735292,-22.059065,0,test,tsne_2d
39.682835,-4.1812115,0,test,tsne_2d
-27.847464,-25.11791,0,test,tsne_2d
1.738014,11.859906,0,test,tsne_2d
-38.127094,1.1823126,0,test,tsne_2d
-3.3818998,-12.863731,1,test,tsne_2d
1.8011718,-23.636873,0,test,tsne_2d
55.74601,17.696507,0,test,tsne_2d
-10.865556,-33.947533,0,test,tsne_2d
3.0315785,44.57895,1,test,tsne_2d
-31.903908,-29.82517,0,test,tsne_2d
44.879707,14.221014,0,test,tsne_2d
-54.427704,-6.1749783,0,test,tsne_2d
-21.665749,-17.768362,0,test,tsne_2d
11.45233,-10.199207,0,test,tsne_2d
-23.589165,-20.611187,0,test,tsne_2d
-46.98768,-21.992428,0,test,tsne_2d
-36.132008,-36.63203,0,test,tsne_2d
-5.559651,32.557476,1,test,tsne_2d
11.836313,15.308547,0,test,tsne_2d
-14.801758,-25.293327,0,test,tsne_2d
-1.3972374,17.16152,1,test,tsne_2d
-33.347263,-23.749092,0,test,tsne_2d
16.902391,21.421074,0,test,tsne_2d
-38.228504,-32.293827,0,test,tsne_2d
-35.642788,-22.074408,0,test,tsne_2d
-32.396633,10.718018,0,test,tsne_2d
-27.124914,-21.92885,0,test,tsne_2d
-22.728899,-11.985372,0,test,tsne_2d
21.940044,-6.852394,0,test,tsne_2d
27.704641,27.791912,0,test,tsne_2d
14.94811,0.8567196,0,test,tsne_2d
13.53582,22.347376,0,test,tsne_2d
25.813023,28.219387,0,test,tsne_2d
