x,y,label,split,projection_method
0.025162921248139014,0.25133726557971353,1,train,raw_2d
-0.2835247120099421,0.6279973499895917,0,train,raw_2d
0.8552188127673027,-0.23318755698012578,1,train,raw_2d
1.9015146132891798,-0.07691724300689425,1,train,raw_2d
-0.1555147466108785,-0.23871267077557498,1,train,raw_2d
0.05904652712365546,1.1972092420154035,0,train,raw_2d
0.84431368627848,0.5928349280732476,0,train,raw_2d
0.1145053932420742,-0.47276684901351756,1,train,raw_2d
1.8902946589725262,0.3168674105421261,1,train,raw_2d
1.031463288691897,-0.13858930182957047,1,train,raw_2d
0.43010873709986264,-0.36842544449223347,1,train,raw_2d
1.6467755099266885,-0.18300452757911395,1,train,raw_2d
-0.874418614831555,0.7972528716851686,0,train,raw_2d
1.0681721054397013,-0.743781237709321,1,train,raw_2d
0.3611851384607607,0.04755876183154627,0,train,raw_2d
0.5575714567537389,0.18906875229481562,0,train,raw_2d
1.2991687369267737,0.09215548330576835,0,train,raw_2d
1.0560521544842036,-0.33039256362064684,1,train,raw_2d
0.3056666040227764,0.8051613995557719,0,train,raw_2d
1.444104368030684,-0.6018828427172268,1,train,raw_2d
0.2781349980160827,-0.6591475753422327,1,train,raw_2d
1.2001934623164359,0.2873677622809558,0,train,raw_2d
1.818858136082411,-0.4433821878394808,1,train,raw_2d
2.2018044136661064,0.36240252958198654,1,train,raw_2d
-0.19376575644795463,-0.2901281921568823,1,train,raw_2d
-0.3868017497776169,0.5668966046622838,0,train,raw_2d
-0.3660341662796327,-0.4536898283189999,1,train,raw_2d
1.4378286950038326,-0.2239546706409264,0,train,raw_2d
-1.4869329695064941,0.8721056149070459,0,train,raw_2d
-0.5038241576803909,0.92010197081704,0,train,raw_2d
0.5487850381899612,0.835883782206755,0,train,raw_2d
0.05909062791103109,-0.5777486381405486,1,train,raw_2d
-0.7769069702961806,1.0167588994089605,0,train,raw_2d
0.4616430454950137,1.1820930671752619,0,train,raw_2d
-1.2348209094758995,0.4415558479311983,0,train,raw_2d
-1.664262884269506,0.3925578001157692,0,train,raw_2d
0.9253129052684739,-0.08228487671201823,1,train,raw_2d
0.603093712107398,-0.2048311818239512,1,train,raw_2d
-0.5122780841162928,0.4733033621735643,0,train,raw_2d
-1.0629500935553304,0.30635476333722533,0,train,raw_2d
-0.9658757917093772,1.0091450739531949,0,train,raw_2d
0.16513434658265466,0.978479762710902,0,train,raw_2d
1.8572281083009636,0.2958208662225711,1,train,raw_2d
1.0335651768325358,0.2223329200040019,1,train,raw_2d
0.21713812516786182,-0.22874717826293492,1,train,raw_2d
-0.6482396233236393,0.8589243965560485,0,train,raw_2d
0.9281270954661335,0.6783457687482874,0,train,raw_2d
1.8682019279758024,0.046349848313362446,1,train,raw_2d
0.10242812224018641,0.8724347440596777,0,train,raw_2d
-0.5226063075822158,0.4151918585594968,0,train,raw_2d
0.35304281786732783,0.5727789927543815,0,train,raw_2d
1.861527464182815,0.06834446667795027,1,train,raw_2d
-0.5248496697965481,1.003832043780998,0,train,raw_2d
0.5363766448027848,-0.8044499037308106,1,train,raw_2d
1.384442815041955,-0.09410881986848435,1,train,raw_2d
0.2945027688593903,-0.20914655880190947,1,train,raw_2d
-0.771321637869399,0.07268965899427099,0,train,raw_2d
-0.83895552720941,0.1431589797012533,1,train,raw_2d
2.0485654684500347,-0.26358219697239915,1,train,raw_2d
1.2781123763449285,0.19382920606347928,0,train,raw_2d
1.4782812130938794,-0.04371515360840143,1,train,raw_2d
0.807239203640385,-0.28164821861602474,1,train,raw_2d
0.3866600698830937,-0.36962838238074863,1,train,raw_2d
1.5653403832185573,-0.007325595403962191,1,train,raw_2d
1.3712593039851873,0.3855802309209839,1,train,raw_2d
0.7106763420215403,0.11004119829317857,0,train,raw_2d
-0.601796738740651,1.2504798537862518,0,train,raw_2d
1.6199773483311337,0.08013166188319959,1,train,raw_2d
1.795618899699856,0.007625182099352867,1,train,raw_2d
0.31964427169136567,-0.013011077837124699,1,train,raw_2d
0.644973307763611,-0.2736574475498506,1,train,raw_2d
1.986079466110851,0.21466519111196042,1,train,raw_2d
0.031386588913476454,0.8172434607126837,0,train,raw_2d
2.3375980083230816,0.08089572555039676,1,train,raw_2d
1.4482508210538865,0.0359822412402742,1,train,raw_2d
0.12958937116043995,0.8564514290760666,0,train,raw_2d
1.4309971212660422,0.6088496101223702,0,train,raw_2d
0.4090673772354838,-0.10591737711058263,1,train,raw_2d
-0.6714110349642367,1.2892980065013155,0,train,raw_2d
-0.7756841717258792,0.9401842855141855,0,train,raw_2d
1.2731377979115728,-0.4000045966499741,1,train,raw_2d
1.6057111138803197,-0.2200272417182298,1,train,raw_2d
0.7686665836359577,-0.6632899857030433,1,train,raw_2d
2.1593768158957882,-0.56401144985079,1,train,raw_2d
1.095651159334855,-0.15630236164306419,1,train,raw_2d
1.9583899678851895,0.7694116073066648,1,train,raw_2d
0.01507292845888808,1.2160360872778144,0,train,raw_2d
-1.117656989714138,-0.2568771991779938,0,train,raw_2d
-1.0085229487890617,0.25664930695856925,0,train,raw_2d
1.2252176545884328,-0.3904757992077259,1,train,raw_2d
1.7636355956961183,0.2176865948453414,1,train,raw_2d
1.7294954678035641,-0.16349959344364276,1,train,raw_2d
1.490837018432549,-0.5785055279915897,1,train,raw_2d
-0.2891743800776289,1.2513435172039862,0,train,raw_2d
-0.18804895946148897,0.21897650987583867,1,train,raw_2d
1.6238419147270786,-0.3189147307615951,1,train,raw_2d
-0.6803253361546079,0.9965563355325567,0,train,raw_2d
-0.7614318054240649,0.7479779567730878,0,train,raw_2d
2.3798527318057783,0.5650062394229329,1,train,raw_2d
1.7329659979204373,0.05466793199372861,1,train,raw_2d
-0.35288447356150277,0.9502051378275032,0,train,raw_2d
1.879653037051332,-0.46052361105501466,1,train,raw_2d
1.4684906212736153,-0.4594047067704454,1,train,raw_2d
0.8164967883977078,-0.2731950711412181,1,train,raw_2d
0.8023737952240529,-0.4311217960575455,1,train,raw_2d
1.0391874653320383,-0.4667623918460038,1,train,raw_2d
0.5787230532696723,-0.3183932285867243,1,train,raw_2d
-1.329162143890932,-0.031058316712351375,0,train,raw_2d
2.153413808270963,0.19280858221030683,1,train,raw_2d
0.0889764427642317,0.6262758126661148,1,train,raw_2d
1.0933134478208375,0.32484152638066077,0,train,raw_2d
2.4265743211789923,0.19822584042593708,1,train,raw_2d
0.4785936815999653,0.7198971435759094,0,train,raw_2d
-1.081351806199321,0.5446439020945175,0,train,raw_2d
-0.32857290390584487,0.8834732748537163,0,train,raw_2d
0.9967251463557875,0.11168225222116872,0,train,raw_2d
0.42600154843614013,0.636802233532109,0,train,raw_2d
-0.7188724496330157,1.167987054248833,0,train,raw_2d
1.3113570553312694,-0.5633677875265827,1,train,raw_2d
-0.4408430031422485,0.577564832151229,0,train,raw_2d
1.899537128475834,0.2923265127563083,1,train,raw_2d
1.0667705169868869,0.6155210948509654,0,train,raw_2d
0.4383652736949797,0.3975815517723066,0,train,raw_2d
1.9741378974949584,-0.10207444051918832,1,train,raw_2d
1.1060835989087536,0.7287297454088527,0,train,raw_2d
1.3739613465873257,-0.021439285041240062,1,train,raw_2d
1.092322576723844,-0.02692121164275818,0,train,raw_2d
0.588864974499245,-0.04100450924661053,0,train,raw_2d
0.4513300743104422,0.5876247948915349,0,train,raw_2d
0.5531847059902717,1.1490433713349042,0,train,raw_2d
0.6693692893155563,0.5400924300819671,0,train,raw_2d
0.7762034406292794,-0.0188948977116562,0,train,raw_2d
0.5812819643127858,-0.3332576801825545,1,train,raw_2d
2.101531844848882,-0.17077232492142178,1,train,raw_2d
2.181264825552925,0.16303883175560754,1,train,raw_2d
1.1403029544806382,-0.7113742484608438,1,train,raw_2d
0.7467148946181457,-0.22478660301323425,1,train,raw_2d
-0.10738940043579484,0.7003729326610819,0,train,raw_2d
-0.8335224899949675,-0.07488475153184176,0,train,raw_2d
0.8605123938817015,-0.2547101072280651,1,train,raw_2d
1.5854162380566261,-0.25029487718245125,1,train,raw_2d
1.8348835167583626,-0.15608360836433566,1,train,raw_2d
-0.025566458936970217,0.7155452697251086,1,train,raw_2d
-0.1602436789760619,0.6017933121794334,0,train,raw_2d
-0.8355281145596535,0.6570216015371587,0,train,raw_2d
-0.3352022584880782,0.34042217584279105,0,train,raw_2d
2.17423970888886,0.076265284425268,1,train,raw_2d
-0.2290115203397552,0.824306178186929,0,train,raw_2d
1.2425676804218515,-0.40565285018997965,1,train,raw_2d
1.3843109060355072,0.8667072654987199,0,train,raw_2d
-0.5294692444301043,1.234251349886605,0,train,raw_2d
0.5396777669309707,-0.41543649065942934,1,train,raw_2d
-0.05150896043700978,0.6189320208100169,0,train,raw_2d
-0.0750567569935699,0.7481786308171257,0,train,raw_2d
-0.7612299601817623,0.7241210000404484,0,train,raw_2d
1.6883755473789632,-0.37477285583617437,1,train,raw_2d
0.831537694139075,0.09780071665453488,0,train,raw_2d
-0.5843762248272,-0.27494183764901564,1,train,raw_2d
0.2793773957314897,-0.44716233701869784,1,train,raw_2d
0.2060042516582989,-0.12920603924881932,1,train,raw_2d
-0.7304303792806426,-0.013335064439745924,0,train,raw_2d
0.014947737940932626,0.6185043503522376,0,train,raw_2d
0.861652460808234,0.5066861278121843,0,train,raw_2d
1.8238429882211133,-0.3723808961663104,1,train,raw_2d
1.9501175641857922,-0.4860297955026651,1,train,raw_2d
0.27700452002038833,0.7309963669497465,1,train,raw_2d
0.497738114021908,0.21476567702933758,1,train,raw_2d
0.21759940550703247,1.0082203229037732,0,train,raw_2d
-0.09388085058218874,0.42738596854059385,1,train,raw_2d
1.0347328155742455,-0.5681530871205103,1,train,raw_2d
1.4139393691596998,0.30796013264353655,1,train,raw_2d
0.3831023462624038,0.033989875096388816,1,train,raw_2d
0.3273378281074405,0.0521428124077965,1,train,raw_2d
1.1319560295434856,0.5506673402474291,0,train,raw_2d
1.3594672158582812,-0.2739394852294136,1,train,raw_2d
1.8641167395470593,0.5242138017267034,1,train,raw_2d
2.1462851533774616,0.13825908129508652,1,train,raw_2d
2.329631335147862,-0.3323500519473074,1,train,raw_2d
-0.33652711562383203,0.9029300824579961,0,train,raw_2d
-1.017355160291367,0.8566118004185518,0,train,raw_2d
0.007653245159233435,-0.48232299013802604,1,train,raw_2d
-0.1666571646782884,0.6539592460651178,0,train,raw_2d
-0.7196885745289203,0.24875017539566974,0,train,raw_2d
-0.5468748513986107,0.24715984725325357,0,train,raw_2d
0.8204961649231588,0.07165624555459568,1,train,raw_2d
0.2692027406082793,-0.6278876692812342,1,train,raw_2d
0.9080519389309483,-0.46458936079062907,1,train,raw_2d
-0.44061270393719354,0.5014212895383634,0,train,raw_2d
2.159027993292445,0.08438386367969841,1,train,raw_2d
1.8224867246463785,0.7380784407524126,1,train,raw_2d
0.6164447076647714,0.4409022752768277,0,train,raw_2d
0.5755041674605166,0.21870524735635632,0,train,raw_2d
0.7744164680451098,0.5967232562624428,0,train,raw_2d
0.5455091366252773,-0.19881444722085165,1,train,raw_2d
2.170475750571576,0.15694640842662239,1,train,raw_2d
0.016507473635481884,-0.6754882483154024,1,train,raw_2d
0.2631021877711145,0.9731719448517584,0,train,raw_2d
-0.6491294322388186,0.8188640107080724,0,train,raw_2d
1.6438361505181858,0.44137403658568397,1,train,raw_2d
0.6183855743949768,-0.264126668702034,0,train,raw_2d
-0.7626697010664768,0.7663826125755803,0,train,raw_2d
0.0893615459613002,0.2124848089037042,1,train,raw_2d
0.8470357732146847,-0.5198457306985306,1,train,raw_2d
0.9922448769203961,-0.7924566398252497,1,train,raw_2d
-0.017009558467648234,0.4907364783415213,0,train,raw_2d
1.8857154894297394,0.545849147515378,1,train,raw_2d
1.758982635636785,-0.30159792308384165,1,train,raw_2d
0.9081617456450419,0.9798983646491088,0,train,raw_2d
0.34736391601487837,0.8717998196983293,0,train,raw_2d
-0.095513961840113,0.4115967493854872,1,train,raw_2d
1.1653008383415853,0.13108260165275587,1,train,raw_2d
0.158153899070085,-0.04650717906171167,1,train,raw_2d
-0.10654470629726098,-0.008879217970222508,0,train,raw_2d
-0.721292648860559,0.8325707166956191,0,train,raw_2d
0.37496173504603303,0.3299100583228265,1,train,raw_2d
0.7931711108630937,0.6155930738248118,0,train,raw_2d
0.46836330189914055,-0.3652971175972382,0,train,raw_2d
0.8064488750028121,0.7336448899039811,0,train,raw_2d
-0.8383087947149621,0.08345999495555229,0,train,raw_2d
-0.6749651857641366,0.6389679363228011,1,train,raw_2d
-0.8273264170685224,0.9189896474617051,0,train,raw_2d
0.28022354100899227,0.7807970493053585,0,train,raw_2d
1.62752580539834,-0.49449161919153556,1,train,raw_2d
0.3271247300469661,-0.08763932335076566,1,train,raw_2d
0.09360734707974241,0.02732566935142992,1,train,raw_2d
1.4607272168662604,-0.12522960744852007,1,train,raw_2d
1.2473140285305115,-0.35314361885915246,1,train,raw_2d
0.8269246850287887,-0.18159806964369432,1,train,raw_2d
-0.47433098407383056,1.5024267829918543,0,train,raw_2d
0.6980219705095666,1.0243847102187171,0,train,raw_2d
0.22079464824923914,0.7136410962110371,0,train,raw_2d
1.7532648775373794,0.28181757491526005,1,train,raw_2d
-0.24704975971947274,0.2619143386215175,1,train,raw_2d
-1.4794221228091204,0.23373074446436926,0,train,raw_2d
0.12923416165335336,-0.45033873046173123,1,train,raw_2d
1.276638891663355,0.1548880546471108,1,train,raw_2d
-0.6252359508332976,0.7119933706332613,0,train,raw_2d
0.2230740141845448,-0.15428261359563233,1,train,raw_2d
-0.7253678707756508,0.8527853344346293,0,train,raw_2d
0.9668958573918662,0.23463343233734812,0,train,raw_2d
0.6569961963540863,0.9150287967727248,0,train,raw_2d
0.5537786485374155,0.1477524386290159,1,train,raw_2d
-0.2294457310690636,1.0311144423416883,0,train,raw_2d
0.7548564471888395,-0.4741626162953971,1,train,raw_2d
1.3455509165649238,-0.6921998179559403,1,train,raw_2d
1.3705575656552829,-0.17792261354554684,1,train,raw_2d
0.1528253092748277,0.9612659030953727,0,train,raw_2d
1.8486647442020627,0.6527294736145814,1,train,raw_2d
0.8652336747676284,0.4120745840219487,0,train,raw_2d
1.1939021869384703,0.031028611472356284,0,train,raw_2d
0.006952899497924658,1.2825178094176926,0,train,raw_2d
1.7771604010527344,0.2340181621109236,1,train,raw_2d
-0.34193250642672346,0.21420478084393468,0,train,raw_2d
2.369136754811163,0.562690945598275,1,train,raw_2d
0.9155835299187787,-0.5192382094006702,1,train,raw_2d
0.1315287385725157,0.9012142198359743,0,train,raw_2d
0.1664882932084307,-0.6169481736440003,1,train,raw_2d
0.7436643209405314,0.24723668880899263,0,train,raw_2d
1.0974816334210868,0.19567215766931584,0,train,raw_2d
0.21279154246139387,0.7816753931010705,0,train,raw_2d
0.22750508360290406,0.8911968500807825,0,train,raw_2d
0.8950896161962099,-0.07354748675647488,0,train,raw_2d
0.5850404352038523,0.7412518959124325,0,train,raw_2d
1.9539851049555488,-0.6385830938238156,1,train,raw_2d
1.0271665015700653,-0.22785072324463831,1,train,raw_2d
0.6479957829143099,-0.05054569812579435,1,train,raw_2d
0.06863482407012622,-0.4075831539219221,1,train,raw_2d
-0.9521608239474963,-0.14741826250372767,0,train,raw_2d
0.7556336481513297,-0.10286700499839911,1,train,raw_2d
0.724094893769687,0.33678342907505743,1,train,raw_2d
0.7660619741480642,-0.8228157884206428,1,train,raw_2d
2.295355984455389,-0.06552527852056858,1,train,raw_2d
1.338727045954304,-0.4159961089560982,1,train,raw_2d
0.026546250312560665,0.5607894204408097,0,train,raw_2d
-0.6646067345396895,0.3879111432027642,0,train,raw_2d
0.2992700315226967,-0.4084076247556097,1,train,raw_2d
1.7824174344889014,0.4092648123226978,1,train,raw_2d
1.4290754002017998,-0.5169701061602632,1,train,raw_2d
0.27720409441289234,0.6797997125877597,0,train,raw_2d
0.29388798812406813,0.8751884898618922,0,train,raw_2d
-0.9527878718229479,0.9637221230817663,0,train,raw_2d
2.2787636275973853,0.03807580695518705,1,train,raw_2d
1.0279717475656516,0.3304908108219563,0,train,raw_2d
2.08539137590603,0.0655910891071508,1,train,raw_2d
0.35501493682616236,1.0389341759441042,0,train,raw_2d
1.7879764086883119,0.04577599644746444,1,train,raw_2d
0.3652155044523929,0.20123433869458912,0,train,raw_2d
0.9786124004959721,0.6506137775728946,0,train,raw_2d
-0.2940078265810072,0.21590378779970248,1,train,raw_2d
-0.8421774834672211,0.4551625530245489,0,train,raw_2d
0.9448107933718122,-0.7285947513075466,1,train,raw_2d
-0.685802075575485,0.4361574382747508,0,train,raw_2d
-0.43601485390788,1.0239217191036498,0,train,raw_2d
0.043330197984617416,0.8256515781755015,0,train,raw_2d
0.6291812252365542,-0.5896919417562776,1,train,raw_2d
-0.5021027288870381,0.5629295724001713,0,train,raw_2d
-0.0602507855943418,0.7795807802084321,0,train,raw_2d
-0.2464624079543808,1.2694808167679872,0,train,raw_2d
0.33730809196526856,0.46281783474708504,0,train,raw_2d
1.4845650646430852,0.21008333160185344,0,train,raw_2d
0.715080863700331,0.11527068631912474,0,train,raw_2d
0.5192763360526457,-0.13891400571366241,1,train,raw_2d
-1.4335495729279115,0.022121668616510153,0,train,raw_2d
1.906603229661001,-0.042806171776027524,1,train,raw_2d
0.5335171630225515,0.7555175798275422,0,train,raw_2d
0.7342835358452582,0.41222084379568574,0,train,raw_2d
-1.1985149491882363,0.24601412384683674,0,train,raw_2d
-0.8340853397767833,-0.06356729366817288,0,train,raw_2d
2.209539505105166,0.6630381552962548,1,train,raw_2d
-0.24800300779151635,0.2040996471911979,1,train,raw_2d
2.3451960819426674,1.1771705137043205,1,train,raw_2d
1.089700085171105,0.2552843047658855,0,train,raw_2d
1.800517522918574,-0.03181329920925957,1,train,raw_2d
2.2005119200210346,-0.17959697194061994,1,train,raw_2d
0.5329974749970271,0.964109390989405,0,train,raw_2d
0.8989836732979899,0.5829642914436197,0,train,raw_2d
-0.9107244913431132,0.15938064069055802,0,train,raw_2d
0.8854360158256143,0.5001258002238628,0,train,raw_2d
1.149310914714389,0.48655861835442854,0,train,raw_2d
1.236477676261039,-0.20925962595678904,0,train,raw_2d
-0.6468392376181865,0.8675285911201625,0,train,raw_2d
-0.25900535769419747,-0.11682865067436898,1,train,raw_2d
0.43484514715404593,0.9708417167429254,0,train,raw_2d
-0.3067490010968694,0.854887981124306,0,train,raw_2d
0.3906616942011765,-0.4969277586569679,1,train,raw_2d
-0.28702220917288923,0.718178895557458,0,train,raw_2d
0.10001204881602022,0.8402626380460297,0,train,raw_2d
-0.15019101508731808,0.8038296199119147,0,train,raw_2d
2.1412138095526534,0.17867401079070905,1,train,raw_2d
0.6081069253535698,-0.5040542908491822,1,train,raw_2d
-0.970705400434186,0.9862949601272455,0,train,raw_2d
0.22408575209472092,1.2029558591601357,0,train,raw_2d
0.9228129098038665,-0.227869129437243,1,train,raw_2d
-0.5769072408674293,1.0443020848945759,0,train,raw_2d
-0.783458357317255,0.4970629200277421,0,train,raw_2d
-0.4628991742496236,0.5112461006213107,0,train,raw_2d
1.3438490939134617,-0.39398673050478106,1,train,raw_2d
-0.4138115937484288,0.9097547563636159,0,train,raw_2d
0.6360181285304617,-0.009556668346603792,1,train,raw_2d
1.6376266731679614,-0.4201321916021927,1,train,raw_2d
-0.10202118755732817,1.4340716613315334,0,train,raw_2d
0.7986763456228096,0.8694305600150054,0,train,raw_2d
1.3696977501415215,0.15801291906845122,0,train,raw_2d
-1.0904742752309506,0.8872749943553588,0,train,raw_2d
0.1071217557332021,0.8056902196876347,0,train,raw_2d
0.7360620457853817,-0.021477087409663143,1,train,raw_2d
-0.6982103230008844,1.1417066477072255,0,train,raw_2d
-0.6419885419925186,0.7612520819522891,0,train,raw_2d
1.71858656341398,-0.46650252584909313,1,train,raw_2d
1.5391371331871408,-0.7084622886420585,1,train,raw_2d
1.4700343968890968,-0.781311655974525,1,train,raw_2d
0.17708747466992353,0.6313131712445158,0,train,raw_2d
1.1750693038118303,-0.5904711706160614,1,train,raw_2d
0.7238088651864013,0.9772138088970901,0,train,raw_2d
0.9926929444514985,0.7864872560647974,0,train,raw_2d
0.6786668735210231,0.6787487401617425,0,train,raw_2d
0.21470537959728955,0.24652678567094277,1,train,raw_2d
1.827980549205484,0.05407799127202716,1,train,raw_2d
-0.5803649425083006,0.7790899777919221,0,train,raw_2d
-0.16348485417445277,-0.08485313305680348,1,train,raw_2d
1.3928619394100719,-0.4129505338841786,1,train,raw_2d
-0.7964743836367274,-0.05510303826808688,0,train,raw_2d
0.780993177518058,-0.005455797380320204,0,train,raw_2d
0.7191079215108064,-0.8452140142709188,1,train,raw_2d
0.14347005114090067,0.6456901607472093,0,train,raw_2d
0.24629435487116977,0.6038465301251175,0,train,raw_2d
0.13231883125331026,0.2851492183854496,1,train,raw_2d
0.7163749658917511,-0.09167746068946343,0,train,raw_2d
-0.6597443247336541,0.23655690146744157,0,train,raw_2d
0.5545121895570622,-0.5416254111738542,1,train,raw_2d
0.7479702270182131,-0.11336351468987299,1,train,raw_2d
-0.9528414045537866,0.46342207427598836,0,train,raw_2d
0.6237483584475364,0.5022056672000521,0,train,raw_2d
0.5283442998643392,-0.17324361653824777,1,train,raw_2d
0.12325131837016585,0.06018293618701559,1,train,raw_2d
0.21599414906727077,-0.7136546439636358,1,train,raw_2d
0.5156314569576149,0.8886001580422608,0,train,raw_2d
-0.9807270215095744,-0.052269086423334776,0,train,raw_2d
0.036835855155192054,1.0276925865174604,0,train,raw_2d
0.3755812488509291,0.9761660439554403,0,train,raw_2d
-0.031061150230274087,0.7290326100317639,0,train,raw_2d
0.38459502442625937,-0.8718070886934254,1,train,raw_2d
0.36319483440135125,-0.40499313848264046,1,train,raw_2d
0.7452755364014735,0.9110078159110813,0,train,raw_2d
0.4355273072821694,0.24566548818411033,1,train,raw_2d
-0.19541220275210908,0.7820114722628393,0,train,raw_2d
-0.5363929483590577,0.40864753809079113,0,train,raw_2d
-1.029261309880773,0.49950249447982953,0,train,raw_2d
0.0778943820262592,0.8893322769963841,1,train,raw_2d
0.4063265402817385,-0.3132440722231892,1,train,raw_2d
1.294726219138512,-0.03342085817829024,1,train,raw_2d
1.8100410254423676,-0.3986828105541467,1,train,raw_2d
-0.5764925560166518,1.3705846164279243,0,train,raw_2d
0.3826964474317689,0.6540177388160884,0,train,raw_2d
-0.18740387269922174,0.706404872472982,0,train,raw_2d
1.7948499450969442,-0.6110654049389426,1,train,raw_2d
0.09114518401311734,0.2548607945014253,1,train,raw_2d
-0.8048707789464076,0.6930589648320785,0,train,raw_2d
0.231534558936284,0.19042712806279868,1,train,raw_2d
0.8849106525690332,-0.7305660833921387,1,train,raw_2d
0.8531686323842809,0.11904688306515415,0,train,raw_2d
-0.11680062894110216,1.057902792035235,0,train,raw_2d
2.3566192690653205,0.6072112420209703,1,train,raw_2d
1.0520891880105199,0.024867703366822203,0,train,raw_2d
-0.402242707350278,0.3067582450112147,0,train,raw_2d
0.4401508304726182,0.20104223234533394,1,train,raw_2d
1.2566595763981592,-0.4125952180983865,1,train,raw_2d
0.7150675654538183,-0.9635753277797781,1,train,raw_2d
-1.0544848600647352,0.34548585608335314,0,train,raw_2d
0.594515841504885,0.1952706567891214,0,train,raw_2d
1.0255150608570545,0.1051971243134473,1,train,raw_2d
0.30151006261210755,1.0116701015508143,0,train,raw_2d
-0.0926802701320398,0.8745845280108409,0,train,raw_2d
0.8807283871002416,0.7285954447821589,0,train,raw_2d
0.7211923970152508,-0.5871560967051352,1,train,raw_2d
1.7203020538928135,-0.6985595463601144,1,train,raw_2d
-0.9576109797323248,0.19975936617430085,0,train,raw_2d
-0.3344473495207357,0.711334154661698,0,train,raw_2d
0.2505071186303747,-0.41474982849147507,1,train,raw_2d
-0.10687997934300744,-0.0659931866124912,1,train,raw_2d
1.4109217634395361,-0.2515655445489751,1,train,raw_2d
0.6004714141207753,0.3247648556780095,1,train,raw_2d
-0.348678507721025,0.8935831857595282,0,train,raw_2d
0.37949374270535585,-0.21463296337690682,1,train,raw_2d
0.5784660463935805,0.5149001720358466,0,train,raw_2d
1.1786071251213595,-0.16265432689313286,1,train,raw_2d
-0.5447916637299919,0.4099414290983558,0,train,raw_2d
-1.0009452532196585,0.6520204969867753,0,train,raw_2d
-1.3275650850476,-0.04200290177148941,0,train,raw_2d
-1.3577065587689683,0.5557033560859448,0,train,raw_2d
0.2857718571295981,0.8160946767828475,0,train,raw_2d
-0.36458439026133127,0.7872180104240694,0,train,raw_2d
2.0182335265454614,0.05801472947724537,1,train,raw_2d
2.062922010018374,0.17719688297100197,1,train,raw_2d
0.7056793168980329,-0.034222288146503965,1,train,raw_2d
1.0999649378673668,0.4109418934969707,0,train,raw_2d
0.5625962069168831,0.488871874939516,0,train,raw_2d
-0.1024325221356705,0.9307413184556557,0,train,raw_2d
-0.0068648699006266245,-0.08137799350525061,1,train,raw_2d
0.7038342490913513,0.7682277931968597,0,train,raw_2d
1.3724868194689175,0.38247600270218396,1,train,raw_2d
1.986903902327176,0.5684786811129164,1,train,raw_2d
0.9392091239968172,-0.5504186132920317,1,train,raw_2d
0.8455555808841867,1.0252337936867493,0,train,raw_2d
0.4038362369496112,0.8841860699994808,0,train,raw_2d
1.4806067102491651,-0.20454984047868174,1,train,raw_2d
-0.6122776495590048,0.06763367263152549,0,train,raw_2d
0.2538357845299362,-0.5349147072818299,1,train,raw_2d
0.21344781558609316,0.058440169414534504,1,train,raw_2d
1.7512018162333243,-0.05392688094100928,1,train,raw_2d
2.1519674970184175,-0.08145394539190248,1,train,raw_2d
1.6856481247743536,-0.5999373136550689,1,train,raw_2d
0.35497048026132283,1.069024623685193,0,train,raw_2d
0.35296804996049247,1.4075777325096468,0,train,raw_2d
1.7089501606882944,0.034242867202530836,1,train,raw_2d
0.15832999461378744,0.6372710174074284,0,train,raw_2d
0.6477192608539963,-0.08779010826760521,1,train,raw_2d
1.821800976289452,0.35935594345967464,1,train,raw_2d
0.9282861116533592,0.14339511467617166,0,train,raw_2d
0.14409622039491754,1.641772961759813,0,train,raw_2d
0.30529819086085125,-0.12149227585427172,1,train,raw_2d
-1.1862076194831725,0.04506809843162479,0,train,raw_2d
0.07494226711020899,0.8265305677535162,0,train,raw_2d
-0.8010507832700148,-0.250689522191383,0,train,raw_2d
0.3849034016533931,-0.3386600942386507,1,train,raw_2d
0.04923191172791572,0.6822139125383357,1,train,raw_2d
0.26411130264519955,0.9134411568479035,0,train,raw_2d
-0.48597677118305127,0.7204666026272643,0,train,raw_2d
-0.07163806631833217,0.32428079787566566,1,train,raw_2d
-0.7653233914799931,0.5816622091679893,0,train,raw_2d
1.5837066312524954,-0.08753037329046082,1,train,raw_2d
0.28062330829847215,1.1196547453602328,0,train,raw_2d
0.8238419411758707,0.7757272486886101,0,train,raw_2d
-0.295659431619809,1.1281551905616036,0,train,raw_2d
-1.2804626997267015,0.9055774158869073,0,train,raw_2d
-1.2103612221601094,0.050582363286301696,0,train,raw_2d
0.19661240550342127,0.56140579355355,1,train,raw_2d
-0.27853653030600706,1.059843691434331,0,train,raw_2d
0.7405167549696319,-0.8725804546065237,1,train,raw_2d
1.7389969720149323,-0.1444915654958152,1,train,raw_2d
0.1580247291263623,-0.10549639316683554,1,train,raw_2d
-0.030717382254755038,-0.1580530823682342,1,train,raw_2d
1.1887580064408743,1.047406788432743,0,train,raw_2d
0.5714681563704387,0.25213123501726337,0,train,raw_2d
0.8627269401753594,0.08618936473700622,0,train,raw_2d
-0.129478649801687,0.2456506793178461,1,train,raw_2d
-0.16948850204147078,0.02046600384484519,1,train,raw_2d
-0.059802505764982694,-0.45355241067972873,1,train,raw_2d
1.1557132301951847,0.7255750244647848,0,train,raw_2d
0.7200660257450694,0.24034349349474543,0,train,raw_2d
1.3183347065611268,-0.37320638950096396,1,train,raw_2d
-0.6050167764760941,0.54256190920055,0,train,raw_2d
0.2970787092724546,-0.38318565212993144,1,train,raw_2d
0.9827280397190996,0.5057115830912803,0,train,raw_2d
0.8614067208072803,-0.4387287175290358,1,train,raw_2d
0.018236514960142253,1.0973831348972438,0,train,raw_2d
1.8254373996417281,-1.1680949498944078,1,train,raw_2d
-0.015146568929583833,1.14564426918894,0,train,raw_2d
0.023646753995825442,1.2753723805096355,0,train,raw_2d
-0.8593377067204877,0.6116039379946201,0,train,raw_2d
0.6071912934049308,1.3274565432002954,0,train,raw_2d
-0.14008542457792644,1.0608443057793768,0,train,raw_2d
-0.5996584334642725,0.23811871868888626,1,train,raw_2d
1.488178211121803,-0.9843920679469389,1,train,raw_2d
0.549768977608925,-0.1529765197518944,1,train,raw_2d
-0.7691455852526434,0.3954566696809787,0,train,raw_2d
0.055829645645409036,0.5627780166891898,1,train,raw_2d
1.1838163466622622,0.07636236195843552,0,train,raw_2d
0.08517380001925204,0.22103505188801487,1,train,raw_2d
-0.009626602462077999,1.3493150588397786,0,train,raw_2d
0.8610993806890885,-0.30206899534974285,1,train,raw_2d
1.9149723303643178,-0.35523696744253,1,train,raw_2d
1.0707209108150462,0.47666418069193484,0,train,raw_2d
0.35318267370597906,-0.6590527907296715,1,train,raw_2d
0.8078483374701214,-0.7791052788724786,1,train,raw_2d
0.985411796752616,0.3558720521115112,0,train,raw_2d
-0.9765693247235073,0.5468393760272274,0,train,raw_2d
0.07658414256295565,-0.4424854640255668,1,train,raw_2d
0.1393627228629128,0.7411521141708595,0,train,raw_2d
0.2772899214008298,0.14668229547508888,1,train,raw_2d
1.4289483060958015,-0.8392691040509792,1,train,raw_2d
-0.8889299314908906,1.0314425027963416,0,train,raw_2d
2.08544089985842,0.3203671428539237,1,train,raw_2d
0.16623975195812676,-0.6935491610582789,1,train,raw_2d
-0.2660803664509417,0.5811719216821762,1,train,raw_2d
0.07754770567008319,0.40941653964326696,1,train,raw_2d
0.7882151616620787,-0.2633377840513576,1,train,raw_2d
1.799491633260056,0.13722902774210957,1,train,raw_2d
1.6851553406196975,-0.5481829869107611,1,train,raw_2d
-0.9484295599528515,-0.001847535842860716,0,train,raw_2d
1.930259513300874,0.45081138836448786,1,train,raw_2d
0.29464225788430415,0.0743369478044481,1,train,raw_2d
-0.24780641910236983,0.7783087794765493,0,train,raw_2d
-0.9245062400354188,0.7139172609559931,0,train,raw_2d
-0.21316445886022523,0.4727400419254619,1,train,raw_2d
0.2305769157688925,-0.6681292143301464,1,train,raw_2d
1.4641788438017334,-0.7170518047317568,1,train,raw_2d
-0.0009269433073478904,0.43060356075956924,1,train,raw_2d
0.8296985148299874,0.9327823482025007,0,train,raw_2d
0.9765168674085833,-0.6617068415417329,1,train,raw_2d
1.4214498738700607,-0.49966694070144446,1,train,raw_2d
-0.03439554199526518,1.1669097219978013,0,train,raw_2d
1.9450870375222553,0.6318427833725384,1,train,raw_2d
-0.4385438779842482,0.10123569253952316,1,train,raw_2d
-0.49009054564980614,0.8004781295328943,0,train,raw_2d
-0.2767742045074376,0.43992544724342997,1,train,raw_2d
-0.08205969356189372,0.7300521567982701,1,train,raw_2d
0.5700715119651388,-0.4140379005792497,1,train,raw_2d
-0.8759571404744663,0.656748188272945,0,train,raw_2d
0.48194878047514184,0.05474237408740302,1,train,raw_2d
-0.7052207048342902,1.0781736763793048,0,train,raw_2d
1.8940248881849122,-0.5640699884850447,1,train,raw_2d
-0.5482681243109252,0.2736448584995066,0,train,raw_2d
0.3805888405203015,1.2211247339337297,0,train,raw_2d
0.6399057621905955,0.27747098979792506,0,train,raw_2d
1.9595131567916915,-0.002573577647689951,1,train,raw_2d
1.9973394441459449,0.03137368976321525,1,train,raw_2d
-0.540493709077484,0.4417093934998315,0,train,raw_2d
1.558329543765867,-0.012241660212367195,1,train,raw_2d
-0.553098944330268,0.36748564076286616,0,train,raw_2d
-1.1651489670128035,0.7109640474350853,0,train,raw_2d
0.2639207031646686,0.10913442140153347,1,train,raw_2d
1.7104600051758372,0.4167942520822705,1,train,raw_2d
-0.14782690535883075,1.2844916021656854,0,train,raw_2d
1.567031171293806,0.13128891134969145,1,train,raw_2d
-0.6958247262235424,0.4043564883467373,0,train,raw_2d
1.9521090493527928,0.7428364602020983,1,train,raw_2d
-0.30479166938449626,0.7592816578174207,1,train,raw_2d
-1.0808391580503143,0.4494490560072909,0,train,raw_2d
0.33706529523536716,-0.08423176022445339,1,train,raw_2d
1.907891126116748,0.4307192959254116,1,train,raw_2d
0.04570299702347404,0.2476547806432979,1,train,raw_2d
0.8879617457227078,0.41947784064758276,0,train,raw_2d
-1.3196726072045344,0.16087661200385328,0,train,raw_2d
-0.25605076007178773,-0.004366597928433122,1,train,raw_2d
0.9635659947611122,0.018333927721606913,1,train,raw_2d
-0.06922280658511697,0.5263317042941988,1,train,raw_2d
-0.005962159456953664,0.8913459798775842,0,train,raw_2d
-0.6494221671203979,0.9225034567699929,0,train,raw_2d
0.6757120469413341,0.6416222976521343,0,train,raw_2d
1.8227595232393226,-0.14776178728972045,1,train,raw_2d
2.2490446033338425,0.2379627122447536,1,train,raw_2d
1.2649525196602684,-0.8254746522866356,1,train,raw_2d
0.21775689476345647,1.094661313976709,0,train,raw_2d
1.4783562441505045,-0.5811920174926537,1,train,raw_2d
0.5538038298083764,0.9623818755144234,0,train,raw_2d
-1.0567147418885248,0.6813129365651515,0,train,raw_2d
2.101002209582571,-0.028514416298956013,1,train,raw_2d
1.112959028379915,-0.06123473134647783,1,train,raw_2d
0.12248338206241663,0.85059525515608,0,train,raw_2d
0.9810713084251532,1.1010897963991306,0,train,raw_2d
1.41302134832238,-0.25608189683278904,1,train,raw_2d
-1.4151131040280966,0.9096512593652717,0,train,raw_2d
1.178330379627467,0.73831868050285,0,train,raw_2d
0.5525238472912424,0.34418984171595446,0,train,raw_2d
-0.5575155844950254,0.8945076223621842,0,train,raw_2d
0.7596492882248196,-0.18208299367211805,0,train,raw_2d
-0.2640672590968086,1.050800624355408,0,train,raw_2d
0.506920344734209,0.4986028815512989,0,train,raw_2d
-1.0089290053247617,0.48642051295204525,0,train,raw_2d
0.8822279795250008,0.5341890438288037,0,train,raw_2d
1.7099008070098023,0.3956132832658358,1,train,raw_2d
0.6255869302886843,0.5921152877764468,0,train,raw_2d
1.0660855909002311,-0.5910116295784122,1,train,raw_2d
-0.4037603518638406,1.3130774461479846,0,train,raw_2d
-0.649748136877393,0.45299535100375465,0,train,raw_2d
1.7845117571374065,-0.40355423339823554,1,train,raw_2d
0.3081299658893208,1.0932400131184004,0,train,raw_2d
0.8195596476963523,1.1282223734242398,0,train,raw_2d
2.028412808902874,-0.4254477031632341,1,train,raw_2d
-0.24714572549318303,1.0773400936066717,0,train,raw_2d
1.6605751794437071,0.16598705696255184,1,train,raw_2d
-1.082191690330749,0.5726945838132486,0,train,raw_2d
1.330545448461931,-0.5147457156611235,1,train,raw_2d
-0.9524604540577161,0.7567026331532876,0,train,raw_2d
0.2658293816984254,1.0671033567984631,0,train,raw_2d
-0.14102600897970843,0.7893624308649864,1,train,raw_2d
-0.8528770865747678,0.4274976736593877,0,train,raw_2d
0.7355821975584023,0.7662363980168692,0,train,raw_2d
-0.24609299432851878,0.6016528199056097,0,train,raw_2d
0.4218639051226638,0.4765144312757079,1,train,raw_2d
0.9053893987500274,-0.08645780249878793,1,train,raw_2d
0.028982904861383208,-0.05123396451529172,1,train,raw_2d
1.6249856189364398,0.5048853368388464,1,train,raw_2d
-0.02358925228221323,0.6927406391951147,0,train,raw_2d
0.0273448261405716,0.2656538317351552,1,train,raw_2d
-0.03048740612117365,0.16640166661355474,1,train,raw_2d
1.3671822281007335,-0.5664036729410191,1,train,raw_2d
0.45186231086192896,-0.39993644758144536,1,train,raw_2d
1.0271507819322774,-0.37822318202143174,1,train,raw_2d
-0.10138104329883235,0.3418126780219487,1,train,raw_2d
2.2818202116975668,-0.6750782625769267,1,train,raw_2d
0.3735275736883411,-0.29834479589318164,1,train,raw_2d
0.6751510509221618,0.7690264522471447,0,train,raw_2d
1.5549087607962413,-0.4463188375561454,1,train,raw_2d
-0.6387859003644587,0.18342570369813987,1,train,raw_2d
0.17946622043423033,-0.05589826855401029,1,train,raw_2d
-0.6754944836053349,0.7909198728648019,0,train,raw_2d
0.6739076123738642,0.35891303869415014,1,train,raw_2d
-0.8894790724712377,1.3986173628362084,0,train,raw_2d
1.7891481941325629,0.22535740847026214,1,train,raw_2d
0.8748860822119909,-0.8757909416584375,1,train,raw_2d
0.12892805394307819,0.2432102184465682,1,train,raw_2d
0.26145995700224123,-0.3716403030018318,1,train,raw_2d
-0.747018640572447,0.22233724794142573,0,train,raw_2d
1.5511249472465258,-0.4940229200272518,1,train,raw_2d
-0.8520047487429482,0.6084250429288219,0,train,raw_2d
-0.5615310627116836,1.207717620183764,0,train,raw_2d
1.1812264049915981,-0.9121586348244439,1,train,raw_2d
1.1909395298881407,-0.6878119199091169,1,train,raw_2d
-0.10222580140536369,0.6893748256026748,0,train,raw_2d
0.15324508477864196,-0.7673742883184222,1,train,raw_2d
1.9882547922231466,0.660933360960019,1,train,raw_2d
-0.37231723670367134,0.4962988843026041,0,train,raw_2d
-0.9209232820042415,0.31274592139787716,0,train,raw_2d
-1.0908891813146138,0.39735658780035316,0,train,raw_2d
0.7573785834178783,-0.06578928109059584,1,train,raw_2d
0.49708364201539085,-0.12798638902212844,1,train,raw_2d
1.8495891818122718,-0.22970763906428554,1,train,raw_2d
1.5941006305278496,-0.13669628384516724,1,train,raw_2d
0.4065666857860981,-0.8819428082602128,1,train,raw_2d
1.8280451748592654,-0.20679334580915998,1,train,raw_2d
1.217907949969531,0.008567862377374502,0,train,raw_2d
-0.5947442920956028,0.49669583103618997,0,train,raw_2d
0.4260457191768473,0.958298720559819,0,train,raw_2d
-1.1500226357858319,0.5499534109761808,0,train,raw_2d
0.3791373983224923,-0.8567521956256381,1,train,raw_2d
1.7655251444959181,-0.05250989225567332,1,train,raw_2d
0.6704216189905786,0.9816399995662369,0,train,raw_2d
0.8929035848763912,0.11228614238994739,1,train,raw_2d
1.1037964344354112,0.4196478703012666,0,train,raw_2d
-0.8197450589168241,0.10340797828698389,0,train,raw_2d
0.360017519491967,1.097149559443014,0,train,raw_2d
-0.9125102773013538,0.4376134781110218,0,train,raw_2d
1.086906303316723,0.9159093543096679,0,train,raw_2d
2.016159494799651,-0.30340790602547296,1,train,raw_2d
-1.1566254831731526,0.7565324764008962,0,train,raw_2d
-0.5553019926994448,0.526769639577697,0,train,raw_2d
1.760601945572529,-0.34581395413893856,1,train,raw_2d
1.4897817120114427,-0.21451765300933884,1,train,raw_2d
-0.9913535379260295,0.232291500299515,0,train,raw_2d
1.3085657805640858,-0.9670157936525465,1,train,raw_2d
0.724587787840609,-0.8453718740017537,1,train,raw_2d
-0.04782018045666858,-0.008875422486534307,1,train,raw_2d
0.5532794110431162,-0.09636423875785083,1,train,raw_2d
0.7699762210624536,0.5896864965755249,0,train,raw_2d
0.2913608885120156,0.48465971677088865,0,train,raw_2d
0.7976189795954359,0.5451437027674895,0,train,raw_2d
0.968031416336046,0.34470321129046577,0,train,raw_2d
1.8829818588889704,0.4419687917340879,1,train,raw_2d
-0.2277964297388852,1.1568554531490662,0,train,raw_2d
1.901885451766228,0.032843815510756436,1,train,raw_2d
0.9536848302893791,0.30154974862157785,0,train,raw_2d
1.5272069365584897,-0.19245197998383917,1,train,raw_2d
-0.971924670492806,0.7632545451808823,0,train,raw_2d
-0.645994494028263,-0.022795356351135804,0,train,raw_2d
0.37332819606135703,1.1901058205479769,0,train,raw_2d
1.8717495526961687,0.08249625921204537,1,train,raw_2d
1.0649061430325588,0.8190790342678709,0,train,raw_2d
-0.2578762045750766,1.2780327774110645,0,train,raw_2d
-0.44445294317250683,0.9527970629809477,0,train,raw_2d
0.7490812774181682,0.13534565019869826,0,train,raw_2d
1.8230323766352279,-0.6530753867948076,1,train,raw_2d
2.6155922036051935,0.516059821523836,1,train,raw_2d
1.7069814666524445,0.03953253161754329,1,train,raw_2d
0.0035629919438795593,-0.014359863795351535,1,train,raw_2d
1.23477110698845,-0.18205189955261536,1,train,raw_2d
1.6060941177797876,-0.4161978119045806,1,train,raw_2d
-0.8339493918688268,-0.06978269520933572,0,train,raw_2d
0.8318918275284601,0.32689647765870755,0,train,raw_2d
-0.5829939695600439,0.782030435371541,0,train,raw_2d
2.817089103952131,0.6120736013979095,1,train,raw_2d
0.3666584420000659,0.13699498912616093,1,train,raw_2d
2.4126961772762283,0.4436561251356034,1,train,raw_2d
0.2823091061340156,-0.49266336051709636,1,train,raw_2d
0.01050456677039785,0.8971647996078481,0,train,raw_2d
0.5665248179006281,-0.4971691761719367,1,train,raw_2d
-1.0869361625510723,-0.22618307907831187,0,train,raw_2d
0.13180735413494704,0.83822948499481,0,train,raw_2d
2.030916200533313,-0.22601385076538427,1,train,raw_2d
0.6372329887581493,0.7907784865222872,0,train,raw_2d
-0.694034959622942,0.5971933977858254,0,train,raw_2d
0.15401367513767145,0.9681064661155289,0,train,raw_2d
-0.7373319765532875,0.01637187389633204,0,train,raw_2d
0.8187718271963702,0.4201103533451414,0,train,raw_2d
-0.8078867103329013,0.7834380026418406,0,train,raw_2d
0.6030631751317321,0.5039884967683151,0,train,raw_2d
1.6233095435753222,-0.4755205462329435,1,train,raw_2d
1.8568700086470242,-0.585441135666092,1,train,raw_2d
1.0332332180010964,-0.24314264278864567,0,train,raw_2d
-0.6199987567002813,0.3853387299919177,0,train,raw_2d
2.351822609699264,1.070907372633485,1,train,raw_2d
0.7455740114591876,0.8937630286519019,0,train,raw_2d
0.5005116231255062,0.35382828720858495,0,train,raw_2d
1.390757390952776,-0.22896837652148042,1,train,raw_2d
0.4082598994694445,-0.27800535267860293,1,train,raw_2d
2.241389586700989,0.2882333557658257,1,train,raw_2d
0.5040157565095245,-0.01720093917769993,1,train,raw_2d
2.0335803647250716,0.1613064635663247,1,train,raw_2d
0.5336885835469243,-0.1513577014117086,1,train,raw_2d
-0.19527793508859415,0.9982187498048126,0,train,raw_2d
-0.7961904676734938,0.21259455320667864,0,train,raw_2d
0.8291833547302169,0.5250030441379205,0,train,raw_2d
-0.5664770890546648,0.8169200668402197,0,train,raw_2d
-0.9474306942278957,0.15020059811433184,0,train,raw_2d
1.85109589776182,0.00706212290890787,1,train,raw_2d
-1.2606369837392573,0.10179142934515292,0,train,raw_2d
1.3223458156994483,0.026650943722479455,1,train,raw_2d
1.5149994103401592,-0.37077776896314607,1,train,raw_2d
1.075802646876336,-0.1554348830794931,1,train,raw_2d
0.23196909713749359,-0.06290032077789215,1,train,raw_2d
1.7500941071226288,-0.05638000021369877,1,train,raw_2d
1.8937887027130138,-0.04761322310607918,1,train,raw_2d
0.8993302966445951,-0.602938132800133,1,train,raw_2d
0.2252180138568884,0.23097447370978103,1,train,raw_2d
-0.810034142621268,0.8283771555971668,0,train,raw_2d
0.5201679276863918,0.6672530706360422,0,train,raw_2d
0.6318596691530712,0.5433545859283082,0,train,raw_2d
0.340471497349539,0.9821294238386347,0,train,raw_2d
-0.8568351773496995,0.4062851106102791,0,train,raw_2d
0.8934409201443069,0.6783264199341066,0,train,raw_2d
-0.7170874046956808,0.7514045418599702,0,train,raw_2d
-0.33790647804094315,0.3390013989438762,1,train,raw_2d
0.4093881165912316,0.08415623788278348,1,train,raw_2d
1.1273742193003473,-0.11814499775274812,0,train,raw_2d
0.2709288404021206,0.37598144141122,1,train,raw_2d
-0.967400456164634,-0.24614192210457386,0,train,raw_2d
0.8451841849719984,-0.2687193929420575,1,train,raw_2d
-0.2146476617894003,-0.34447705225166364,1,train,raw_2d
0.4030346308664972,0.9406253936247737,0,train,raw_2d
-0.4967255003875187,0.7291465951663015,1,train,raw_2d
2.0087053675677,-0.6580742308636899,1,train,raw_2d
-1.1612544730113141,0.9612567752547566,0,train,raw_2d
0.20254874488283525,0.7794779526255508,0,train,raw_2d
0.833229384287275,0.9926605964643609,0,train,raw_2d
1.1272989303341296,-0.5619518889977527,1,train,raw_2d
1.8041100805849861,0.29384842718265314,1,train,raw_2d
1.5601840577986794,-0.3092505753083391,1,train,raw_2d
0.4739787513522532,0.14715922342075693,1,train,raw_2d
0.8008687097659255,-0.23307968308130578,1,train,raw_2d
1.2740644471580613,-0.6051423010330225,1,train,raw_2d
0.581307441860002,-0.43257286105572357,1,train,raw_2d
1.0836581428297207,-0.45408293806633426,1,train,raw_2d
1.0510478002573842,-0.47202791933522126,1,train,raw_2d
0.9349956702261876,-0.47488777984019825,1,train,raw_2d
0.25467051762507187,-0.15159008802847726,1,train,raw_2d
0.8954598468185032,0.4807799598313016,0,train,raw_2d
0.9523723303274407,0.035603571883280755,0,train,raw_2d
1.7255880899438345,-0.28822396029985453,1,train,raw_2d
-0.6301833560532695,0.6767358775254073,0,train,raw_2d
1.8907728989903825,-0.0018868666916541654,1,train,raw_2d
1.4939309037029698,-0.6300965099113792,1,train,raw_2d
0.5803590511245017,1.1405297331479745,0,train,raw_2d
1.52985877073096,0.3319310438573435,0,train,raw_2d
-0.9359937148604949,0.9111748559021444,0,train,raw_2d
2.074361365744063,1.0217104280566234,1,train,raw_2d
1.6427977083648027,0.24875741634579845,1,train,raw_2d
-0.29900148780511476,1.1908307640701907,0,train,raw_2d
2.1625790345792986,-0.23159097007604967,1,train,raw_2d
-0.7892417368411894,1.1203337174923456,0,train,raw_2d
0.3839055631608948,-0.35456566378071075,1,train,raw_2d
-1.2493911833905014,0.48697927624953236,0,train,raw_2d
-0.10859367225463168,-0.005490528536403926,1,train,raw_2d
-0.12932082605937184,-0.053606157504573815,1,train,raw_2d
0.7439739339638657,1.2009539224764993,0,train,raw_2d
1.1968908227568438,-0.4550884095138995,1,train,raw_2d
0.22124077336475378,0.5082730178967833,1,train,raw_2d
0.5773280954954706,0.5463988746261006,0,train,raw_2d
0.4257746748408261,-0.15632194130126048,1,train,raw_2d
0.00785252073195973,-0.15297189399345384,1,train,raw_2d
-0.081267180283642,0.5282025657703806,1,train,raw_2d
-0.6875374864833939,-0.25578740269135986,0,train,raw_2d
0.7050274475110185,0.7756856768253388,0,train,raw_2d
-1.2171249098696235,0.19511616773133786,0,train,raw_2d
0.05364437299572106,1.1440620656132514,0,train,raw_2d
0.10906860509775718,1.3957153878990383,0,train,raw_2d
0.4448061157230844,0.571178726774252,0,train,raw_2d
-0.4865706282281458,0.9716664514181721,0,train,raw_2d
2.1000034172943867,-0.17538733075123233,1,train,raw_2d
1.6798275395722044,-0.1948023072666487,1,train,raw_2d
0.6206565270546728,0.7054183567771536,0,train,raw_2d
1.6205856256874893,-0.0741949258108359,1,train,raw_2d
-0.020448686747667005,0.19785352747821386,1,train,raw_2d
0.6681346180735251,-0.46346420626897894,1,train,raw_2d
0.7605158327377906,0.26749323877209774,1,train,raw_2d
2.242457661252234,0.2454090572398619,1,train,raw_2d
-0.9830998080017451,-0.29119896275437473,0,train,raw_2d
-0.05940688145222027,1.218138638228101,0,train,raw_2d
1.0305960736533066,-0.000496950541871044,1,train,raw_2d
0.725044743520593,0.09562725373792419,0,train,raw_2d
0.06583277847926383,1.5268480228799217,0,train,raw_2d
0.5681502203722304,0.39320508914648145,0,train,raw_2d
0.7261929331155503,1.0615877290028852,0,train,raw_2d
-0.431135434621121,0.6225890109042954,0,train,raw_2d
0.09505764978930455,-0.2742546185385459,1,train,raw_2d
0.14952561874230297,-0.3774053959257651,1,train,raw_2d
-0.7493566948180588,1.0216545657244809,0,train,raw_2d
0.42233553679448244,-0.441225188875938,1,train,raw_2d
1.7530075785056354,0.21641893171740195,1,train,raw_2d
0.14452635243325407,0.18249521422472342,1,train,raw_2d
1.046146500570862,-0.17210585012150234,1,train,raw_2d
0.04213118389968937,1.0193081239258424,0,train,raw_2d
0.4138130191327758,0.7322408853196346,0,train,raw_2d
0.541863178171007,0.08397732200332675,1,train,raw_2d
1.5000343541040493,-0.7559768062680752,1,train,raw_2d
-0.26914218996937156,1.223384646931952,0,train,raw_2d
-1.1131905923107623,-0.2069829716519932,0,train,raw_2d
-0.6201900639558728,0.913181654177096,0,train,raw_2d
-0.5328886918957602,0.119441121909139,1,train,raw_2d
-1.4644771815014013,0.3582980949916449,0,train,raw_2d
-0.5506780032846201,0.0733081935237978,0,train,raw_2d
-0.7758484457984519,-0.07853264976112528,0,train,raw_2d
1.5319312431308583,0.06655284315747244,1,train,raw_2d
-0.008657879877843055,1.1231586082481146,0,train,raw_2d
-0.7024583283064035,0.3075841881027921,0,train,raw_2d
0.6228578904378812,0.6026847469111206,1,train,raw_2d
0.5393701931740195,1.0712996520949647,0,train,raw_2d
1.777396218735435,-0.05016677911191056,1,train,raw_2d
-0.7805386221047579,0.7510781832870445,0,train,raw_2d
0.5281689500533966,1.2386652875294315,0,train,raw_2d
-1.2253975050782722,0.43289006001784613,0,train,raw_2d
-0.8066987306940123,0.8101961915351851,0,train,raw_2d
1.911859911584225,-0.47593707915230854,1,train,raw_2d
1.5431568511483311,0.1557658214390038,0,train,raw_2d
2.0114649358920205,0.6753463447967573,1,train,raw_2d
0.2963283390019716,0.1015447071826982,1,train,raw_2d
2.212796547345353,-0.2799750212618539,1,train,raw_2d
0.8212632211568428,-0.1359703930940666,1,train,raw_2d
1.9088825682051556,0.07727835619806703,1,train,raw_2d
0.937672923176861,1.0861074090295602,0,train,raw_2d
-0.747640447636511,0.6655547058887907,0,train,raw_2d
2.053624025214418,0.3965280045317804,1,train,raw_2d
0.7901340703220464,-0.18830672474247392,1,train,raw_2d
-0.4183254079023889,0.6863648082827188,0,train,raw_2d
-0.28640600369319746,1.0164522905982705,0,train,raw_2d
0.2909648816052141,-0.019556666424234592,1,train,raw_2d
-0.896159607900106,1.230165910229545,0,train,raw_2d
-0.2635339231149053,0.9668127543234953,0,train,raw_2d
1.1110027709236756,-0.7831072591885158,1,train,raw_2d
0.750054883207188,0.5189204568353459,0,train,raw_2d
-0.8984017097906297,0.48659249251446846,0,train,raw_2d
-0.5925394213401054,1.1942121149571803,0,train,raw_2d
1.1124980954761434,0.26557899048239164,0,train,raw_2d
0.8464399336006254,-0.28690854211428685,0,train,raw_2d
0.16710211340706993,0.8530287604027175,0,train,raw_2d
-0.1344883228020011,0.06097287489014114,1,train,raw_2d
-0.6702452535476123,-0.04734605668757047,0,train,raw_2d
2.0641572606387153,-0.28434667987006157,1,train,raw_2d
1.0052815114915832,-0.5872977446465617,1,train,raw_2d
0.06191636229693562,-0.34052178572445413,1,train,raw_2d
1.9881885889581032,-0.22665624035183973,1,train,raw_2d
1.8003462067818536,-0.20215992021812695,1,train,raw_2d
0.93803205835612,-0.0608317867495794,0,train,raw_2d
1.7543934820775875,-0.05831082730864334,1,train,raw_2d
0.2786971166390557,-0.49258125603735464,1,train,raw_2d
-0.0665473118542005,0.5861216288939908,1,train,raw_2d
0.5143674228690187,0.751287823235909,0,train,raw_2d
1.397281292539326,0.10188913277279993,0,train,raw_2d
-0.5371096042237624,1.1946951780384625,0,train,raw_2d
0.4678527532608082,0.8083416753321637,0,train,raw_2d
0.6537062091565267,-0.6877091847458792,1,train,raw_2d
1.113268117680779,-0.20408544698550263,1,train,raw_2d
1.7255698560264021,0.062157434516567966,1,train,raw_2d
-1.0760745563219092,0.7381307006996243,0,train,raw_2d
2.0063851400102224,0.4650741458557998,1,train,raw_2d
0.37100976384887796,1.1570946747419042,0,train,raw_2d
0.2823065414745393,-0.4358470144112897,1,train,raw_2d
-0.8828245946300913,0.11935787858567595,0,train,raw_2d
0.8473235287182407,-0.6427131732822661,1,train,raw_2d
0.22355045997406697,1.3532890272629525,0,train,raw_2d
-0.899922676405946,0.13830017877639877,0,train,raw_2d
0.6006211606100409,0.7021016812399,0,train,raw_2d
1.1739323888278232,-0.44794068952180244,1,train,raw_2d
-0.6894949311116175,-0.2885040329769639,1,train,raw_2d
0.5438477664194213,0.8647994006059021,0,train,raw_2d
0.5935008208061089,0.5945451063245493,0,train,raw_2d
0.08116057123405734,0.6096400618206004,0,train,raw_2d
1.4406505594842614,-0.7612930861480354,1,train,raw_2d
1.1688322061453518,0.21500821050808,0,train,raw_2d
0.9102098124319321,0.41301090298809773,0,train,raw_2d
0.784493279763427,0.08331762352326094,0,train,raw_2d
0.9947982672042663,-0.3378735583004252,1,train,raw_2d
0.9002637109636806,-0.3545533698180453,1,train,raw_2d
1.1460748876025555,0.8324253209786189,0,train,raw_2d
-0.31483589245648835,0.7586299302629607,0,train,raw_2d
0.11325869579479303,-0.05741477429801417,1,train,raw_2d
0.5548846242336835,0.1567210427032536,1,train,raw_2d
0.6548768225225657,-0.8894427525538471,1,train,raw_2d
0.2127773846596292,0.831034248328433,0,train,raw_2d
-0.4277904023977348,0.582844436466259,0,train,raw_2d
0.2582399095463785,0.07373599028523897,1,train,raw_2d
0.45373787288725365,-0.4071182811122006,1,train,raw_2d
0.035889731594213076,-0.22508641623366077,1,train,raw_2d
0.891041075323009,-0.6624162469788236,1,train,raw_2d
1.9703457303427103,0.5016759864946807,1,train,raw_2d
0.06712049055040603,0.021072328834730814,1,train,raw_2d
0.8757205726900195,0.32763131264247647,0,train,raw_2d
0.5716861220359452,0.603268090348863,0,train,raw_2d
0.48772356433154246,-0.5084481173515853,1,train,raw_2d
-0.6805522151903624,0.6733694719228328,0,train,raw_2d
1.6075318411244373,-0.21854404963522323,1,train,raw_2d
0.09216571277503086,0.8555296686809872,0,train,raw_2d
1.082242380800826,-0.3353675565199469,1,train,raw_2d
-0.07466386127316009,-0.5296591932683393,1,train,raw_2d
-0.8248949841056648,0.26347224351564136,0,train,raw_2d
0.3601017244359897,-0.16550555087188823,1,train,raw_2d
0.527170292737428,0.5104137013410541,0,train,raw_2d
0.41655150279803715,0.7404442774231482,0,train,raw_2d
0.3318977059855922,0.32159810431528607,1,train,raw_2d
0.2721476686244241,-0.5213573208626062,1,train,raw_2d
-1.327296937540703,0.5628598738068872,0,train,raw_2d
0.6964483284730517,0.4915373388046249,0,train,raw_2d
1.1730209805644758,-0.17223728659317453,1,train,raw_2d
-0.5665994856375051,0.923922521765971,0,train,raw_2d
1.9715503541067416,0.324142311367167,1,train,raw_2d
-0.578359979742287,0.9120075720120628,0,train,raw_2d
-0.9776778037556922,-0.17515777133844182,0,train,raw_2d
-0.8325555356500853,0.14306541229629388,0,train,raw_2d
1.2449655865542986,-0.11249891827978781,1,train,raw_2d
0.46023851240392843,1.2446567678155493,0,train,raw_2d
0.9384925183746695,0.3845624681423524,1,train,raw_2d
0.2404905952349743,1.4054222815540962,0,train,raw_2d
0.40898090916053575,-0.15648998922317248,1,train,raw_2d
2.284998562576,-0.051612873046456065,1,train,raw_2d
-0.6413405644516502,0.07782062228869224,1,train,raw_2d
-0.5038208962980173,0.43659097907901817,0,train,raw_2d
0.5574053815627081,0.7463097341527747,0,train,raw_2d
0.9945136275984671,0.5008925188824068,0,train,raw_2d
0.016554332854799125,1.0177479075740785,0,train,raw_2d
0.056766098298032974,0.7807706116429894,0,train,raw_2d
-1.1019982462045064,-0.2122027551459673,0,train,raw_2d
-0.9424521266217865,0.46302539400010534,0,train,raw_2d
0.46415880665481846,0.8825524674719106,0,train,raw_2d
0.887828714552656,1.1080775935010307,0,train,raw_2d
1.986304473965481,-0.020575843717419218,1,train,raw_2d
0.7447359681500947,0.47673113384984794,0,train,raw_2d
2.2163865574076476,-0.8988492674415567,1,train,raw_2d
-0.6014774803491016,0.9447291858148101,0,train,raw_2d
-0.20871360608755052,1.5719205122777304,0,train,raw_2d
-1.2274283972283735,0.27356947657961644,0,train,raw_2d
0.6350590938164282,-0.6034051754857571,1,train,raw_2d
0.9016018159712492,0.4512314690447914,0,train,raw_2d
1.6342680391857307,-0.46586875738057626,1,train,raw_2d
1.2357717885508888,-0.946278214916464,1,train,raw_2d
0.34118352378474764,-0.5567200438355979,1,train,raw_2d
2.146393656544678,0.29118730062200116,1,train,raw_2d
2.010945644715636,-0.03887710670881524,1,train,raw_2d
0.5734826512892055,-0.33026569049243193,1,train,raw_2d
0.953973167782699,-0.13989148068271037,0,train,raw_2d
0.9966586669953427,-0.313885101479776,1,train,raw_2d
0.3210931782732809,-0.6597760580408433,1,train,raw_2d
0.061957211511122795,-0.29880298520697207,1,train,raw_2d
0.356330945867717,-0.11877230770795927,1,train,raw_2d
-0.3149123920356026,1.115129044984232,0,train,raw_2d
1.0878346642835957,0.04162179579391567,1,train,raw_2d
-0.9506501046745033,0.18388740512183763,0,train,raw_2d
0.4534559790722672,1.1330382136242882,0,train,raw_2d
0.0331260115764966,0.15585669729532436,1,train,raw_2d
2.417464389352828,0.3109464786463942,1,train,raw_2d
1.0689285020145372,-0.4535433652275535,1,train,raw_2d
0.6329879887579148,0.9883862519787595,0,train,raw_2d
0.848695160999812,-0.4104860929454019,1,train,raw_2d
1.2290959153482865,0.8426290861727317,0,train,raw_2d
-0.03782728669199387,-0.028407480586208834,1,train,raw_2d
0.777636832866725,0.3157472262415184,0,train,raw_2d
1.68085934005599,-0.14453309335474884,1,train,raw_2d
-0.4039707452398977,1.6431702309525882,0,train,raw_2d
0.8739551378577655,0.15742743308842488,0,train,raw_2d
-0.46531039279129793,0.3357768595987874,0,train,raw_2d
0.5912886569227037,-0.1994924398033524,1,train,raw_2d
1.0784749109962521,-0.6122823257917618,1,train,raw_2d
0.541310326914059,-0.9307215293529982,1,train,raw_2d
1.6087290137099746,0.06549122727383638,1,train,raw_2d
0.21391067376043135,0.8249820250346555,0,train,raw_2d
-1.2321385869910364,0.8512065338311738,0,train,raw_2d
1.7581337980412683,-0.38401384550628703,1,train,raw_2d
1.5967465832380183,0.1490566133183623,1,train,raw_2d
1.4057631739230563,-0.2542188086989694,1,train,raw_2d
0.19000011896554247,-0.5787851033817027,1,train,raw_2d
2.1443019666576117,-0.2767380732559263,1,train,raw_2d
0.6139497996048258,-0.5487561030004132,1,train,raw_2d
0.6428404241451129,0.5740308035552308,0,train,raw_2d
1.9945958923348839,-0.07617622328068224,1,train,raw_2d
-0.4017495797071051,0.6533175715329421,0,train,raw_2d
0.11993057340695255,0.3200915189655513,0,train,raw_2d
1.9857324158746636,0.19858383528102647,1,train,raw_2d
1.5107887905327302,-0.25405599481150415,1,train,raw_2d
0.6809636806241631,1.060730319064657,0,train,raw_2d
-0.14580804412300807,0.47711924460664,0,train,raw_2d
-1.1995990275670823,0.3165390521790917,0,train,raw_2d
1.5823770165603908,-0.08244463833237048,1,train,raw_2d
0.47368022233910206,-0.08359313148862016,1,train,raw_2d
1.0999913543559805,-0.2393758543650375,1,train,raw_2d
-0.3495410480266175,0.32998820395375084,1,train,raw_2d
1.0835476783692124,-0.4220104945032226,1,train,raw_2d
1.9051114142910608,-0.22764149713754056,1,train,raw_2d
0.7102378232988475,0.04942281822657124,1,train,raw_2d
0.07586301515878308,-0.7699545198904192,1,train,raw_2d
0.549070060291483,-0.5146134051227121,1,train,raw_2d
0.7263288164945811,0.3445946266667109,0,train,raw_2d
1.0482821997655374,-0.7026189514415208,1,train,raw_2d
1.5584939486151554,0.26874098010155223,1,train,raw_2d
0.7781093265523501,-0.46105758128771324,1,train,raw_2d
1.0888603645257144,0.9233739936037229,0,train,raw_2d
1.9445767918122905,-0.4029831227412857,1,train,raw_2d
1.1837174344217263,-0.3536619730492813,1,train,raw_2d
2.0128779384482423,0.3428601610828144,1,train,raw_2d
-1.1232634077001151,0.19405515429827827,0,train,raw_2d
1.5101109323085817,-0.08162010962489039,1,train,raw_2d
0.8621929745847734,-0.3981225982631572,1,train,raw_2d
-1.385045140604051,0.9619107722679592,0,train,raw_2d
-1.3504098416033907,0.3030488029903249,0,train,raw_2d
0.5821408497105968,1.4877424239140171,0,train,raw_2d
2.225672443561938,0.5228947844851268,1,train,raw_2d
-0.11917280829058503,0.0926350383241738,1,train,raw_2d
1.1753336651023638,0.5799959520979965,0,train,raw_2d
0.03788396820410955,0.024249668445093284,1,train,raw_2d
0.23825885568290062,0.7939169794055395,0,train,raw_2d
1.3391524058757294,-0.2296805451418799,1,train,raw_2d
-0.28309496980217264,0.4275378408662641,1,train,raw_2d
1.775917163838855,0.4203787227766404,1,train,raw_2d
0.5815903744258896,0.5248464084967516,0,train,raw_2d
0.007447495598013831,-0.009361900351907437,1,train,raw_2d
0.7317955602537717,0.9619908608352592,0,train,raw_2d
-0.19115895741597896,0.8932652466686194,0,train,raw_2d
0.5207399066916871,-0.22794003472848676,1,train,raw_2d
0.5017212058118161,0.45049151885643945,0,train,raw_2d
-0.001545263956938936,0.20391213550097403,1,train,raw_2d
1.899772048507479,-0.41513344824039633,1,train,raw_2d
2.126252804905709,0.7308526579064922,1,train,raw_2d
0.5414458594406831,0.07624474891632309,1,train,raw_2d
1.124845895032168,-0.5335294914010863,1,train,raw_2d
-0.3165878437677078,0.8978853750949954,0,train,raw_2d
-1.1427713407993834,0.0014737242525680871,0,train,raw_2d
1.7755244642344308,-0.44056443919120347,1,train,raw_2d
0.39740722229457415,0.4053486669498848,1,train,raw_2d
0.6383627216823856,-0.656118171687213,1,train,raw_2d
0.8240393368250688,-0.24546292405394865,1,train,raw_2d
0.04680747175712098,0.41331658453646203,1,train,raw_2d
0.8377820646831171,0.9488392843811785,0,train,raw_2d
1.166505976451131,0.21493664288995465,1,train,raw_2d
-0.2440787673170991,0.9072136243506992,0,train,raw_2d
-0.343484519145831,0.6173331811025154,0,train,raw_2d
-0.228794334425317,0.7208206052122086,0,train,raw_2d
-0.43557871512919266,1.4796928254197375,0,train,raw_2d
0.6311667940168595,-0.23305385484071323,0,train,raw_2d
1.8066537504621951,0.021608864997057053,1,train,raw_2d
0.2123085440750585,1.0456856969226909,0,train,raw_2d
0.6328682700207221,0.6626126112039117,0,train,raw_2d
0.8165814808165966,-0.3433068210950603,1,train,raw_2d
0.4269015218710319,0.5936789927863098,0,train,raw_2d
-1.162232884070849,0.09501344758391377,0,train,raw_2d
-0.0023641787694488083,1.4580570909264008,0,train,raw_2d
0.20048817573192265,0.6095752530828908,1,train,raw_2d
0.24470293362055912,0.708296126524167,1,train,raw_2d
-0.001855132173157109,1.3248402796556478,0,train,raw_2d
0.5714194087968327,-0.5463320889451172,0,train,raw_2d
1.3068434855939692,-0.20748947656969713,1,train,raw_2d
0.6057993477352951,0.8818468799730926,0,train,raw_2d
2.2227276473009225,-0.1722672876240931,1,train,raw_2d
0.17605024826058974,1.2068979530118615,0,train,raw_2d
0.987697955631614,0.3490197428038012,0,train,raw_2d
0.8399445823817532,0.3998064131008594,0,train,raw_2d
-0.5727384368172718,0.6609912277242473,0,train,raw_2d
-0.6803003854661563,0.8222206813507154,0,train,raw_2d
1.0181031964783391,1.2495062998451782,0,train,raw_2d
-0.19226842161602414,0.8525609970734649,0,train,raw_2d
0.8813911580206448,-0.42298194765738006,1,train,raw_2d
0.7785341977835829,-0.711019275017587,1,train,raw_2d
0.8587389884143395,0.7154511859350293,0,train,raw_2d
1.5139164624094372,-0.5016307877216288,1,train,raw_2d
0.7497776235393807,-0.3694518304165188,1,train,raw_2d
0.3111185863612288,0.607635424041189,0,train,raw_2d
0.6632688947314676,-0.016290102491183456,1,train,raw_2d
1.480797537331294,-0.3541531209336545,1,train,raw_2d
0.610222760300612,-0.31125938378081514,1,train,raw_2d
-0.6219815709055216,-0.4482841794916611,0,train,raw_2d
0.3295675173320863,0.6985735178805329,0,train,raw_2d
-0.575426924194838,0.7016996262231125,0,train,raw_2d
1.3150491224455982,-0.2870239546610379,1,train,raw_2d
1.1583441718363177,0.38670538677758615,0,train,raw_2d
0.767466915788998,0.622824320499878,0,train,raw_2d
0.08409564453150366,1.1985331270813637,0,train,raw_2d
0.11757939328086037,0.3121426200619813,1,train,raw_2d
1.9252882552953476,0.027918465030516315,1,train,raw_2d
1.5572457642433766,0.045856358017724794,1,train,raw_2d
-0.0366874603709601,-0.09479166330786058,1,train,raw_2d
1.4562614128965632,-0.12067528449473736,1,train,raw_2d
0.5447745667609207,0.7560935107324114,0,train,raw_2d
-0.018307378624904627,-0.021715485702906823,1,train,raw_2d
-0.018789731613941596,1.1061250438106331,0,train,raw_2d
-0.74174968469027,0.7736950696299454,0,train,raw_2d
0.3326146868740976,1.2474156682014896,0,train,raw_2d
0.4148821916869609,-0.36485860704839757,1,train,raw_2d
-0.5035678155107746,0.2562701995374344,0,train,raw_2d
2.1398271213205478,0.022955019337156747,1,train,raw_2d
-0.7812758978402752,0.018275104883532456,0,train,raw_2d
-0.6837754487865716,1.3744691144146806,0,train,raw_2d
1.233672733143274,-0.06621657458711283,1,train,raw_2d
0.3904282868097017,1.0202589672015892,0,train,raw_2d
0.4758560891420886,-0.09563013935480225,1,train,raw_2d
1.219837833145045,-0.629032055226854,1,train,raw_2d
1.0567916110196172,0.8329876994671537,0,train,raw_2d
0.8377923728839364,0.08507362414413144,0,train,raw_2d
-0.9956162618170521,0.07103999429674376,0,train,raw_2d
0.39813694855209303,-0.39524813094827266,1,train,raw_2d
0.5926718655563095,-0.7087096429905941,1,train,raw_2d
-0.13078935098691982,0.005338497420170285,1,train,raw_2d
-0.3873345308080385,0.15520623318303656,1,train,raw_2d
0.3444720279908494,-0.6417072662677274,1,train,raw_2d
0.45541623791617125,1.0335156794709848,0,train,raw_2d
2.213917335351696,0.4818618564757258,1,train,raw_2d
-0.020594427318030295,1.1765771568848604,0,train,raw_2d
0.945364882455491,0.3217439950847981,0,train,raw_2d
-0.1580251976249345,0.8665764636807933,0,train,raw_2d
1.191198855290406,0.20015347386615745,0,train,raw_2d
-1.5016839107567173,0.11239368846645639,0,train,raw_2d
1.3832436549911455,-0.8777114941152642,1,train,raw_2d
0.6432593949600167,-0.5742807196271134,1,train,raw_2d
1.6432135965432086,0.09325138507073716,1,train,raw_2d
0.5448181740950764,1.19254785217771,0,train,raw_2d
0.07583194113194258,1.0980170491579317,0,train,raw_2d
0.7024247781512983,0.011968202917092823,1,train,raw_2d
1.0267815207212325,0.3321941594012018,0,train,raw_2d
0.6304202284874767,0.688153598141048,0,train,raw_2d
-1.0634712671653093,-0.0805209366893005,0,train,raw_2d
1.9551192980947405,-0.29425165457097957,1,train,raw_2d
-0.31322538005864,0.8111664056288643,0,train,raw_2d
-0.6550137728017517,1.019122465059596,0,train,raw_2d
-0.689003340377358,0.7748560775875828,0,train,raw_2d
-0.3159435797051071,-0.970417044800361,1,train,raw_2d
1.8290260842958748,-0.17033780782584496,1,train,raw_2d
0.4328785765606589,0.9176533027768817,0,train,raw_2d
0.8737836138202855,-0.18270796894412852,0,train,raw_2d
-0.9674103439345949,-0.5454333044700186,0,train,raw_2d
0.5033168883296153,1.1231983429104442,0,train,raw_2d
0.5792498024525674,-0.8111327952558816,1,train,raw_2d
-0.7950774781353545,1.0231883533843824,0,train,raw_2d
-0.9128028689554569,0.10926340953329605,0,train,raw_2d
1.2092895123343008,-0.19112698281054918,1,train,raw_2d
0.3939700240254118,-0.10216457279393792,1,train,raw_2d
0.8462198113265916,0.940880650407675,0,train,raw_2d
1.5363494326904445,0.005978350328383841,1,train,raw_2d
1.773505890952431,-0.40145504930115655,1,train,raw_2d
-0.9010190293741542,0.697163971776299,0,train,raw_2d
0.2600189149249844,1.2420630815097304,0,train,raw_2d
-0.16088234899946974,0.48755865253696723,1,train,raw_2d
-0.18381023883380804,0.05938659124817902,1,train,raw_2d
-1.1216588121859945,-0.01608768876048919,0,train,raw_2d
-1.2272004994375167,0.2777528811146686,0,train,raw_2d
0.015191873217962587,1.1533018562320785,0,train,raw_2d
1.1515473110286605,-0.1250466065817588,0,train,raw_2d
-0.8378611027332061,-0.24131667261879397,0,train,raw_2d
1.203581948344716,-0.3614357282137617,1,train,raw_2d
-0.2616380965545705,0.2536452543064065,1,train,raw_2d
0.4327664996784696,1.0589879618424802,0,train,raw_2d
-0.16551375229307977,0.33425467008063975,1,train,raw_2d
2.2071383884871714,0.14024707319655244,1,train,raw_2d
1.8291143588217416,-0.23365025697483055,1,train,raw_2d
0.49260966276108836,0.30502956024240185,1,train,raw_2d
-0.07135139496794424,1.2403115586175837,0,train,raw_2d
0.3977015885744965,-0.132333598295088,1,train,raw_2d
1.021266571340437,-0.35387859843364944,1,train,raw_2d
-0.9351565879083125,-0.2439599292846104,0,train,raw_2d
-1.2570824557166174,0.33256352440399956,0,train,raw_2d
0.6584814689776881,0.5032546693271184,0,train,raw_2d
-1.00917032770884,0.1400699592892557,0,train,raw_2d
-0.4763547258067461,1.3416136249089268,0,train,raw_2d
-1.152569207143861,0.43510509777777123,0,train,raw_2d
0.8979782215783909,0.7958083532601297,0,train,raw_2d
0.21585472232641956,0.8874369508294606,0,train,raw_2d
1.0742171456770024,-0.23449750664527635,0,train,raw_2d
0.23767986515843742,-0.883665663421202,1,train,raw_2d
0.8812476209395873,0.36016426548671243,0,train,raw_2d
0.34252602710367563,0.54767298533829,0,train,raw_2d
1.191578608924644,0.09567352680967245,1,train,raw_2d
-0.5965118730991296,0.5397455232105042,0,train,raw_2d
0.4511354601250667,-0.05006635854436034,1,train,raw_2d
-0.8112150063437171,0.6830804217950791,0,train,raw_2d
0.18935904801142595,-0.3151257003533986,1,train,raw_2d
-0.8083293366749604,0.7806539635451799,0,train,raw_2d
-0.10272685344876267,1.2953919305974702,0,train,raw_2d
-0.8311242097130493,0.9169149296530036,0,train,raw_2d
1.1619727589415865,-1.1744211615547266,1,train,raw_2d
0.6939723380427314,0.1194948178413372,0,train,raw_2d
2.233839106530035,-0.1251591843849973,1,train,raw_2d
-0.10461181546605768,1.1902742725419118,0,train,raw_2d
0.24154180312163398,0.6298833883067487,0,train,raw_2d
1.400375652655499,0.9096546172090972,0,train,raw_2d
0.8040580081628488,0.10400931622202854,0,train,raw_2d
1.9552063437613036,0.736810611216328,1,train,raw_2d
-1.1960617081274687,0.6126411462445395,0,train,raw_2d
2.465639608851089,0.1841069706029602,1,train,raw_2d
0.3108777905789392,0.026873096580630168,1,train,raw_2d
1.9881617984961122,0.024954956926648314,1,train,raw_2d
0.3545726215708649,-0.8260086631889595,1,train,raw_2d
0.1511629085129111,0.2100010668979111,1,train,raw_2d
-0.39122349988371374,0.9740282092507557,0,train,raw_2d
1.8125460315800836,0.18732935875415757,1,train,raw_2d
2.00451235769141,-0.45734352956082813,1,train,raw_2d
1.2693664090260497,-0.27544348980141364,1,train,raw_2d
1.3293476529609403,-0.11728220475114362,0,train,raw_2d
0.274807821182827,0.8509299924641462,0,train,raw_2d
1.9248156183220808,0.5624631191507463,1,train,raw_2d
1.7613884812876313,0.22654959402742425,1,train,raw_2d
0.9408918596294604,0.37757784372942144,0,train,raw_2d
-0.3988699970622016,-0.3769611117680812,1,train,raw_2d
0.1325520044842332,1.402657639014132,0,train,raw_2d
-0.24874675132978435,1.4234514715287085,0,train,raw_2d
2.154946561501461,-0.23154625069540247,1,train,raw_2d
1.0762749424517302,-0.3414008841917271,1,train,raw_2d
0.5148986377199747,-0.29512672193469597,1,train,raw_2d
1.2458269103553714,0.0672552197067022,0,train,raw_2d
1.5779896301873322,0.04051448825099982,1,train,raw_2d
-0.3201400258887993,0.03057338289002648,0,train,raw_2d
1.1501158921984642,0.7059538257252675,0,train,raw_2d
0.34393660204429044,0.727562892070747,0,train,raw_2d
0.761481211451048,0.4497519098117203,0,train,raw_2d
0.8971050152968084,0.2524639212098829,0,train,raw_2d
0.07568363804937561,-0.5353029493258552,1,train,raw_2d
1.3817118388056193,-0.037549381616959365,1,train,raw_2d
0.12228969631825332,1.1998203753642562,0,train,raw_2d
0.26124267173576643,0.9270157541490907,0,train,raw_2d
-0.545848887731296,0.7748180328543046,0,train,raw_2d
1.1003512152179595,-0.8067118899320967,1,train,raw_2d
-0.32314112995836686,0.7532278562630909,0,train,raw_2d
0.8581297287539775,-0.7719677525587247,1,train,raw_2d
-0.8081214141813741,-0.06952981615259332,0,train,raw_2d
1.4484259904720767,-0.36026358918876555,1,train,raw_2d
0.5197801305803229,0.986992625815858,0,train,raw_2d
-0.6496917520739449,0.37308050972196394,0,train,raw_2d
0.9883625511763654,0.7738577804460817,0,train,raw_2d
1.524561620570473,-0.21747376668388435,1,train,raw_2d
0.6175007462193953,-0.5080761408794452,1,train,raw_2d
-0.752562014885414,0.7573307405937683,0,train,raw_2d
0.3171425134115727,-0.08959639503889684,1,train,raw_2d
2.2329281469391526,0.04428605053005244,1,train,raw_2d
-0.670711177090678,0.11675997927898524,0,train,raw_2d
2.0468853888617864,0.8157957630018171,1,train,raw_2d
-1.4142579972803933,0.27786269636196514,0,train,raw_2d
-0.6372350284434376,0.7711012235876845,0,train,raw_2d
0.5629406562966861,-0.39195094583522594,1,train,raw_2d
-0.2539976421450124,1.251056498763443,0,train,raw_2d
-0.5284720561442195,0.7253514416757674,0,train,raw_2d
0.679208240466282,1.183530087597494,0,train,raw_2d
1.2907631084288278,0.11645378665859163,1,train,raw_2d
-0.30888794434024486,0.6536276121913971,0,train,raw_2d
-0.033416141622942874,-0.12320516218706953,1,train,raw_2d
0.24660835969934844,0.2575802079825932,1,train,raw_2d
-1.0636209918315394,0.17373991438790776,0,train,raw_2d
1.6348056653650067,0.21429730765413008,1,train,raw_2d
1.8260980200131358,0.3539804263058385,1,train,raw_2d
1.7280163343445734,-0.32588635641129865,1,train,raw_2d
0.5338742769144066,-0.1448148355814584,1,train,raw_2d
-0.015825465164441513,1.1033617482498779,0,train,raw_2d
2.3265528853360364,-0.7163443368510097,1,train,raw_2d
0.006828541318319184,0.16080531382513583,1,train,raw_2d
0.19738227953830842,0.36477676164949435,1,train,raw_2d
0.9375823770537928,0.3912640606849782,0,train,raw_2d
0.16534784767055108,0.9488851777787721,0,train,raw_2d
0.8711815330958639,0.19458446125748174,0,train,raw_2d
0.8132205968720868,-0.5861963225041609,1,train,raw_2d
0.4376009665358246,1.1159956373376705,0,train,raw_2d
1.2706083813524205,0.3800601410800249,0,train,raw_2d
0.4198105739285978,-0.5986232613758092,1,train,raw_2d
0.9850329797786059,1.3992777335503146,0,train,raw_2d
-0.5549857412409103,0.2437925153740174,0,train,raw_2d
1.0281474128599928,-1.0359477612923293,1,train,raw_2d
1.1048870829058184,0.7295003408335174,0,train,raw_2d
1.577171545506794,0.0749272148746345,1,train,raw_2d
0.11722831141432122,-0.4732794682618983,1,train,raw_2d
1.3775814723133828,0.9453654323535283,0,train,raw_2d
-0.858195159396149,0.2521854649091576,0,train,raw_2d
-1.2405770320706893,0.031515613520324004,0,train,raw_2d
0.04279962905073441,-0.2271113191957378,1,train,raw_2d
-0.3409673431722159,0.6538115289410473,0,train,raw_2d
0.6955436497531591,-0.028551727996301124,1,train,raw_2d
0.2804932329518431,0.9129580609999046,0,train,raw_2d
0.7692035305807003,0.11096025838664106,0,train,raw_2d
-0.3942587660134295,0.7249562702208292,0,train,raw_2d
-0.3296703162239742,0.6014491042022353,1,train,raw_2d
1.1779418423998675,-0.8308370004264902,1,train,raw_2d
-1.0033362230301273,0.53271720445799,0,train,raw_2d
-0.4731813729238385,0.7879934501595698,0,train,raw_2d
0.8494721351783202,0.6317524112574988,0,train,raw_2d
-0.691140334370541,0.6567084864802102,0,train,raw_2d
0.8359531678281051,0.7933343749024497,0,train,raw_2d
0.7494182262951852,1.2176511297816661,0,train,raw_2d
0.2846877995750122,1.224381689609354,0,train,raw_2d
1.0056381489070865,0.43991319288271424,0,train,raw_2d
-0.6707052280995736,1.6139724500578914,0,train,raw_2d
0.11617058441943308,-0.22616035748554897,1,train,raw_2d
2.202446906009509,0.18934223019512134,1,train,raw_2d
1.7859032994831525,-0.2479835549258005,1,train,raw_2d
1.7510912909005723,0.6509417439506241,1,train,raw_2d
0.3008408578221107,0.34633415878774354,1,train,raw_2d
-1.1128845174886388,0.2387117972490886,0,train,raw_2d
0.8493037748548707,-0.7849311969894481,1,train,raw_2d
1.5890585035762321,0.04263148637042404,1,train,raw_2d
0.027952854870845187,-0.32274943898237024,1,train,raw_2d
-0.11077067892043672,1.022559588273981,0,train,raw_2d
-0.33897392738762544,1.0484676552024734,0,train,raw_2d
-1.0928664589532575,0.17888582744080128,0,train,raw_2d
-0.5894823728708283,0.7817544022428479,0,train,raw_2d
0.7949859109396175,0.18125242341142675,0,train,raw_2d
0.7267819895676113,0.44773939803116924,0,train,raw_2d
-0.572372111545365,0.34750284787698066,1,train,raw_2d
1.0650119018634525,-0.05057546966034768,0,train,raw_2d
0.04446120854651642,-0.5778324973781657,1,train,raw_2d
0.5466020671120151,0.5703321686020012,0,train,raw_2d
0.8626159601904865,0.8850718035447873,0,train,raw_2d
0.8011127374651915,0.034698164079430174,0,train,raw_2d
2.179862541078533,-0.679038999664911,1,train,raw_2d
0.6784234867957833,-0.3966864303440963,1,train,raw_2d
1.2121687745589813,-0.2728682903712033,1,train,raw_2d
0.3797959017117487,-0.08986404635454384,1,train,raw_2d
1.7868233941948624,0.22112046352186876,1,train,raw_2d
1.726416653567296,0.015465993546510765,1,train,raw_2d
-0.5174242578881626,0.592920959158105,0,train,raw_2d
2.327767695214307,-0.04126140778821524,1,train,raw_2d
0.02141245531402758,0.04554719111109845,1,train,raw_2d
0.6675285221920539,-0.2511533895762741,0,train,raw_2d
2.0087730545258626,0.06957782251815928,1,train,raw_2d
0.1921237897339238,-0.18838488349533355,1,train,raw_2d
-0.014226299818086423,0.7430666596311313,0,train,raw_2d
1.0237220200396953,-0.37726790472019023,1,train,raw_2d
0.39983966869450416,-0.34473030903085905,1,train,raw_2d
-0.5757531162584519,1.0712295824288531,0,train,raw_2d
1.9431430424929548,-0.9249862761413249,1,train,raw_2d
-0.8672571311625178,1.2912606813753682,0,train,raw_2d
0.9037823133641358,0.9070448751911673,0,train,raw_2d
1.3854786186935042,0.29423344033717214,1,train,raw_2d
-1.0600115331659077,0.584576678622164,0,train,raw_2d
-0.6164093649692292,1.1741274960316779,0,train,raw_2d
-0.08392828358911722,0.4060946298610407,0,train,raw_2d
-0.09784210888983759,1.1655066931280635,0,train,raw_2d
2.1278341553164553,0.42615992505376493,1,train,raw_2d
0.32182464836363295,0.05581630856514136,1,train,raw_2d
0.8918581485433646,-0.20950592166333276,1,train,raw_2d
1.8696599294555516,-0.5033090741778011,1,train,raw_2d
-0.19276385367121787,0.9646125483084098,0,train,raw_2d
-1.0715250793734556,0.5565433000985578,0,train,raw_2d
-0.5134542082484576,0.6488081092807249,0,train,raw_2d
1.8181426841373374,0.5203469096419955,1,train,raw_2d
-0.3340895968123817,0.4881807900845835,1,train,raw_2d
0.6201507372774439,-0.8582505278544821,1,train,raw_2d
0.7651190548728117,0.7834819423847525,0,train,raw_2d
1.9828639137984738,0.41418531669855513,1,train,raw_2d
1.70874090945462,0.22882585491798502,1,train,raw_2d
0.657893198752108,1.4966556460586276,0,train,raw_2d
0.7681110104032719,-0.6887422831510639,1,train,raw_2d
0.15020568102138693,0.6994069783757397,0,train,raw_2d
1.355256693598879,0.32553965616623554,0,train,raw_2d
0.24580479465110722,0.7678200190808512,0,train,raw_2d
0.04471269390040428,0.8641341260703412,1,train,raw_2d
1.310357724665209,-0.994840629514322,1,train,raw_2d
0.8219582151967362,0.6827567251371673,0,train,raw_2d
1.9749726027151688,0.20685410800771303,1,train,raw_2d
-1.1968809971874288,0.9603045811454902,0,train,raw_2d
-0.07330677585556575,0.2987437992113948,1,train,raw_2d
-0.9333266717097055,0.07763391965553189,0,train,raw_2d
0.1925444532591326,0.5863345028796242,0,train,raw_2d
-0.7880583698111088,1.3272439371425153,0,train,raw_2d
0.21363236855117917,1.3774312315291835,0,train,raw_2d
0.29543341378476917,-0.05264139444433379,1,train,raw_2d
0.7384551205441485,-0.05867453003421211,0,train,raw_2d
1.9188909164726908,0.441635012576658,1,train,raw_2d
0.9453206037024081,-0.7348865211384265,1,train,raw_2d
-0.10025400021153519,1.0113526670161501,0,train,raw_2d
1.3921619265734697,-0.48042803142966284,1,train,raw_2d
-0.47581338919765315,0.5590176026405491,0,train,raw_2d
0.5021668784849975,-0.6630470297002795,1,train,raw_2d
-0.7359155868410384,0.8568043465199965,0,train,raw_2d
-0.16616660357177812,0.9949491800856515,1,train,raw_2d
0.6857291315818884,0.2523932068577063,0,train,raw_2d
-0.148000632136974,0.9111635693266026,1,train,raw_2d
1.8148769472698718,-0.042310156497614826,1,train,raw_2d
0.02578995769320158,1.479570509311375,0,train,raw_2d
-0.4110116400395402,1.8085683308156923,0,train,raw_2d
1.7228312597346498,-0.3314117609164326,1,train,raw_2d
-1.0606167001940936,0.035479004553429394,0,train,raw_2d
-1.0445256709308575,-0.5933246242792825,0,train,raw_2d
0.7379038215647052,0.7682510012523673,0,train,raw_2d
1.8644056724058151,0.2965161995709398,1,train,raw_2d
1.4491148080670742,-0.3882214861299138,1,train,raw_2d
1.9581333412640216,0.27094599154584337,1,train,raw_2d
1.300676408588691,-0.31436883409768157,1,train,raw_2d
1.7654846237137785,-0.3679093780682716,1,train,raw_2d
1.545945072562115,1.23168660577779,0,train,raw_2d
0.7624064519847904,0.5715066734031695,0,train,raw_2d
1.551328042313297,-0.1364789903123541,1,train,raw_2d
-0.9923821253615098,0.36861247377461887,0,train,raw_2d
1.3703452871971706,-0.33864946461828227,1,train,raw_2d
0.2532781252418277,-0.23309283273828899,1,train,raw_2d
-1.333001223529691,0.18435994655761123,0,train,raw_2d
0.11746038139295645,-0.4398801061176046,1,train,raw_2d
2.226418668047937,0.3056674139257736,1,train,raw_2d
-0.26619357139069644,0.25345159491861907,1,train,raw_2d
1.8755079560718404,0.5060952708040365,1,train,raw_2d
-1.102134592889608,0.7004921001568154,0,train,raw_2d
1.524941801393689,0.23854505366508405,1,train,raw_2d
0.25133630790233985,0.8725045026813574,0,train,raw_2d
-0.9151822278293285,0.8715000842379614,0,train,raw_2d
0.43591360809619556,0.32041161048332667,1,train,raw_2d
1.0828209365735377,0.5420132744701396,0,train,raw_2d
0.8147809128727688,0.30697782319632916,0,train,raw_2d
1.9660179082273508,-0.5440387817404341,1,train,raw_2d
0.1022503980590796,1.2923073199507304,0,train,raw_2d
0.19320726510087732,-0.4069886524578376,1,train,raw_2d
-0.9063063906829231,0.35613554387136337,0,train,raw_2d
1.6958106861172852,-0.2886336043244291,1,train,raw_2d
0.7199319130385682,0.17471147052278913,0,train,raw_2d
0.3538831891063723,0.1243332042750013,1,train,raw_2d
-0.18968042844953956,-0.04912499873894821,1,train,raw_2d
0.8241646168008205,0.5254461789247412,0,train,raw_2d
2.4822422748093462,0.5542403934717357,1,train,raw_2d
1.798923831360807,0.7404249526210465,1,train,raw_2d
1.3399142082582487,-0.419143364787451,1,train,raw_2d
1.1852979389384863,0.621316906350352,0,train,raw_2d
0.173249462867767,0.12881209663191587,1,train,raw_2d
1.9822888557108624,-0.2991423826411412,1,train,raw_2d
0.9946674840670211,0.7005309729851364,0,train,raw_2d
0.5579290224368736,0.4621130220512477,0,train,raw_2d
0.7003196941975007,-0.45280283663841225,1,train,raw_2d
-0.5443282570924828,0.8481988256934124,0,train,raw_2d
1.0438051597689844,1.160769404231464,0,train,raw_2d
0.23041149921102766,0.05742879932299577,1,train,raw_2d
-0.011764748806766256,0.8334311877863301,0,train,raw_2d
1.0131672182351776,-0.5245130301213883,1,train,raw_2d
0.032003743833095344,-0.032469687524227075,1,train,raw_2d
1.0436533447893388,-0.5153816404678296,1,train,raw_2d
-0.6360570847002529,0.4012317533541868,0,train,raw_2d
-1.021812793182476,0.5156768529493538,0,train,raw_2d
-0.8610239367889628,0.047307165149077846,0,train,raw_2d
-0.7469597927995626,0.37442886304846246,0,train,raw_2d
0.31415994755813054,0.30022432823374695,1,train,raw_2d
0.6529291905779446,-0.06778405789611322,0,train,raw_2d
0.3630474684452056,0.3878444952709331,1,train,raw_2d
-0.7296643698332455,1.018175108723308,0,train,raw_2d
0.8162385700045561,1.176400454976382,0,train,raw_2d
2.2655905561763108,-0.4850487043145801,1,train,raw_2d
-0.971448426153386,0.23293239724285902,0,train,raw_2d
0.9289036216707554,-0.1046972540170168,1,train,raw_2d
2.3541463091899195,-0.2670616366599704,1,train,raw_2d
1.1741173854222204,0.11872532047532991,0,train,raw_2d
-0.8414213687309808,0.7683634383748768,0,train,raw_2d
1.1153010588851786,-0.16527211874225325,1,train,raw_2d
-0.7429638622122245,1.4727880068189902,0,train,raw_2d
1.5476053924011182,-0.7005213993035699,1,train,raw_2d
0.5974679650925321,0.257966501148362,0,train,raw_2d
2.0440546910965103,-0.5355648191272213,1,train,raw_2d
-0.15937064268461656,0.2921725015142377,1,train,raw_2d
0.8641575740983556,0.7698950653029456,0,train,raw_2d
1.2577446195496886,-0.4283988875605853,1,train,raw_2d
-0.7297159604229133,0.8805054071359939,0,train,raw_2d
0.17977501133987053,0.5723124040962462,0,train,raw_2d
0.6224780200622029,0.7546321101922677,0,train,raw_2d
1.6570463466366494,0.18881942905246069,1,train,raw_2d
-0.14003383734916885,0.9616201526598703,0,train,raw_2d
0.08213646748072367,1.4636485729743631,0,train,raw_2d
-0.07708559712361313,0.47280934298790245,0,train,raw_2d
0.8024876882218379,0.5970175151885518,0,train,raw_2d
0.004945417443845263,-0.028084030568737706,1,train,raw_2d
0.09279004155897151,0.8698765809161515,0,train,raw_2d
1.2920114337208095,0.4790194480174529,0,train,raw_2d
-0.567577886643144,1.0057395486263538,0,train,raw_2d
-0.20723043004582747,0.6257096229452159,0,train,raw_2d
0.8477297290953438,1.0556485723557987,0,train,raw_2d
1.5871255502511918,-0.19834765098895563,1,train,raw_2d
1.3903255361330875,0.5422677952654407,0,train,raw_2d
-0.23489266357031513,-0.44442441442765956,1,train,raw_2d
2.067649339784873,0.3985296701459024,1,train,raw_2d
1.0891125805034234,-0.2140436037040061,1,train,raw_2d
-0.15505751067355086,0.528471360023742,1,train,raw_2d
1.249854540769993,-0.19692729798339292,0,train,raw_2d
2.1032455184789254,0.39186116423615736,1,train,raw_2d
0.11661114763706426,0.7917987951098934,0,train,raw_2d
1.044728737604504,-0.6045463230545027,1,train,raw_2d
1.818469456424618,-0.4788471825884613,1,train,raw_2d
0.30574567162940025,0.032136380234928374,1,train,raw_2d
1.438360800451868,-0.15328873168943308,1,train,raw_2d
0.3182450463017985,0.4773656802114837,1,train,raw_2d
1.3075398355507277,-0.2941042299744735,1,train,raw_2d
0.7067583803457883,-0.5488602452648208,1,train,raw_2d
0.8994959598809469,0.6699005487525385,0,train,raw_2d
1.875715840457366,-0.02997394851267815,1,train,raw_2d
-0.03889552650087072,1.4764268004663652,0,train,raw_2d
0.37208561077970614,1.0910405723011405,0,train,raw_2d
0.13782120530943442,0.526225186753107,1,train,raw_2d
1.53268451926018,0.019475796901438996,0,train,raw_2d
0.7566939701515303,-0.7727450519024907,1,train,raw_2d
0.0829399146248383,0.951775535026964,0,train,raw_2d
-0.09587726889599371,1.1190662959297053,0,train,raw_2d
1.0030227816499244,-0.8868911931009285,1,train,raw_2d
0.2683991511324082,0.037620443542901005,0,train,raw_2d
0.8095537798836449,0.12383509749106308,0,train,raw_2d
2.1747889002268934,-0.031115688269415298,1,train,raw_2d
1.2252445313977,-0.6513925971059089,1,train,raw_2d
-0.8426694007842466,0.4235185912303949,0,train,raw_2d
-0.11461675047224626,-0.3359951806560968,1,train,raw_2d
1.1714246875396759,-0.66625674616783,1,train,raw_2d
1.036412119201073,-0.6662935744282396,1,train,raw_2d
0.390952881743833,-0.7667655598180512,1,train,raw_2d
-0.12765125976810465,-0.08350930971780514,1,train,raw_2d
-0.10816084300790885,0.6224755960080792,0,train,raw_2d
0.1311761675023404,0.45425230692894214,0,train,raw_2d
1.7630911474860818,-0.5137636973785376,1,train,raw_2d
0.7108449382650474,0.9836689681326446,0,train,raw_2d
-1.4000950699544743,1.1267169738174223,0,train,raw_2d
2.328935988307183,0.28270711331917237,1,train,raw_2d
0.2187742468451144,0.8564325731292513,0,train,raw_2d
1.2681020730495676,0.3211535147637987,0,train,raw_2d
1.930240385530239,0.0934248798006227,1,train,raw_2d
0.7959678623904745,0.1606500546168979,0,train,raw_2d
-0.5638735087771378,0.8788400473160585,0,train,raw_2d
-0.6877459774429046,1.0304648067014894,0,train,raw_2d
1.4984923922156481,-0.09483380761628069,1,train,raw_2d
1.0030138774050614,-0.606932082938798,1,train,raw_2d
1.7358048777137371,0.45222136697132553,1,train,raw_2d
1.7847139264065917,0.11664176689932931,1,train,raw_2d
1.9642494237769985,0.2697134932429866,1,test,raw_2d
-0.9578225365533535,0.4833906962465644,0,test,raw_2d
2.1365900437733925,-0.3071966430745106,1,test,raw_2d
0.2242594683221328,-0.6045308488107345,1,test,raw_2d
0.891596521404527,0.7553074787835423,0,test,raw_2d
1.319156749366432,-0.31069496885007813,1,test,raw_2d
1.4757251884990588,-0.35026591756535597,1,test,raw_2d
0.4318413612771732,0.6420383369061226,0,test,raw_2d
1.6464597596163892,-0.6968720449202573,1,test,raw_2d
-0.7245542022424799,0.3730598325723477,0,test,raw_2d
-0.5732586526529038,1.0806496520171343,0,test,raw_2d
1.5684392660656854,0.37637499568016164,1,test,raw_2d
0.9783692215528867,-0.24266238225470244,1,test,raw_2d
0.004385725846630717,0.9719114335803051,0,test,raw_2d
0.35270530874830497,-0.4767948587180192,1,test,raw_2d
-0.7160723039956836,0.3240592288176887,0,test,raw_2d
0.34741525142218166,0.8543729918151088,0,test,raw_2d
0.376057061280799,-0.3170374407788889,1,test,raw_2d
-0.016482943326157448,-0.21979037243200067,1,test,raw_2d
0.35293746387978603,0.5839144953127235,1,test,raw_2d
0.15138474058192045,0.4823139585597489,1,test,raw_2d
-1.440602980281612,0.2996245093091091,0,test,raw_2d
0.6507267847261254,0.033643775346200666,0,test,raw_2d
1.9588152115399198,0.4316585315489817,1,test,raw_2d
0.7880755559648538,-0.5497005159579746,1,test,raw_2d
-0.1234938096527876,1.0966958887411815,0,test,raw_2d
-0.6510017959044921,0.02264190162329205,0,test,raw_2d
-0.415919076514311,0.5727221149598601,0,test,raw_2d
1.9492863186955494,0.610112695355399,1,test,raw_2d
-1.0923112159979944,0.508383672729732,0,test,raw_2d
1.2783744468719778,-0.4281209596413836,1,test,raw_2d
-1.3622551322511762,0.26115009336100786,0,test,raw_2d
1.8616318954235824,0.190925106260098,1,test,raw_2d
0.13400947399283056,0.2358208832859344,1,test,raw_2d
0.8007523545427054,-0.24045860546538225,1,test,raw_2d
-1.3566873262148662,-0.1500455602670216,0,test,raw_2d
0.4004327660567467,0.3182794431466924,1,test,raw_2d
-0.45793994769375346,0.46170283224187936,0,test,raw_2d
1.0103911114748816,0.3822503437191165,0,test,raw_2d
0.6083423885270276,-0.04357081239245211,0,test,raw_2d
-0.7038730614760416,0.5575639611290383,0,test,raw_2d
-1.0862938732039344,0.8478307063388124,0,test,raw_2d
-0.20166734038420958,1.234478106496523,0,test,raw_2d
0.2571809899751585,0.10864297271471823,1,test,raw_2d
0.853854116192395,0.31641355786133984,1,test,raw_2d
1.9301059210779838,0.546032872498081,1,test,raw_2d
1.5265646188844284,0.13926371562925963,1,test,raw_2d
1.9501652576881081,0.10445143013732233,1,test,raw_2d
-0.012976161773007172,0.06901321242190062,1,test,raw_2d
-1.0137965237430226,-0.09900855503493157,0,test,raw_2d
2.078555818047198,0.2674303862660371,1,test,raw_2d
-0.5053234270341698,0.9461985717352523,0,test,raw_2d
0.9228389178145846,-0.4122565531606666,1,test,raw_2d
-0.37389580938814504,0.7360271359198141,0,test,raw_2d
0.9037354349173543,0.33164712786225925,0,test,raw_2d
0.14536895059718546,0.6534555245068054,1,test,raw_2d
-0.08145938619597475,0.3466106314547106,1,test,raw_2d
0.6867385350655081,-0.8000750599116331,1,test,raw_2d
0.7231512307806529,1.6169368882378268,0,test,raw_2d
0.26003508653688295,1.3076475097598719,0,test,raw_2d
1.3352744898423499,-0.9291590609595808,1,test,raw_2d
0.8601903887162412,-0.44673195671203353,1,test,raw_2d
2.1620228879546537,0.7626056615647551,1,test,raw_2d
-0.02873900902023177,1.1101649843380847,0,test,raw_2d
-0.1606254431718281,0.5080319170393364,1,test,raw_2d
0.6930611023859632,0.6030469427838188,0,test,raw_2d
0.01881971804393734,1.0546822468084645,0,test,raw_2d
-0.5982210958270402,1.1328507233257974,0,test,raw_2d
1.0077448965679505,-0.37400485537714007,1,test,raw_2d
0.487879652941918,0.616748973548497,0,test,raw_2d
0.1968828411313039,0.3618986244569598,1,test,raw_2d
2.042753713428542,0.6991545509217261,1,test,raw_2d
1.9616949056739759,-0.36792953254895283,1,test,raw_2d
0.47716606778034526,-0.4904818816079077,1,test,raw_2d
1.129891221540789,-0.18591788190575376,1,test,raw_2d
2.1156469985223874,0.27996679570680727,1,test,raw_2d
-1.3551423637117648,0.35547040321058165,0,test,raw_2d
1.7511755524973465,-0.28200784159643166,1,test,raw_2d
-0.5051454562527203,0.8909175509816855,0,test,raw_2d
-0.6740648643072427,0.613816471497083,0,test,raw_2d
0.841008651389468,0.7328591960960734,0,test,raw_2d
0.3227680151626826,0.389999547908056,1,test,raw_2d
-0.1686844305873143,1.139144305764804,0,test,raw_2d
1.152127441543907,-0.35113133869718427,1,test,raw_2d
1.1525193379051852,-0.10061850687578637,0,test,raw_2d
-0.803106231369372,0.8425837361290485,0,test,raw_2d
1.7374374237907284,-0.2582266152176214,1,test,raw_2d
0.5860975265521401,0.07411901283744952,0,test,raw_2d
0.1977273360177304,0.61241160475016,0,test,raw_2d
0.93737802363777,1.2319106414734757,0,test,raw_2d
1.2694999832143972,-0.271418471377347,1,test,raw_2d
0.6473544568321371,0.42183800572167307,0,test,raw_2d
1.0664471371141875,0.14976813277012596,0,test,raw_2d
0.8600714413128281,-0.3073329949602096,0,test,raw_2d
1.4187983607236467,-0.2332214016727726,1,test,raw_2d
1.0900233561603838,0.5583532749267889,0,test,raw_2d
0.6272143591252666,-0.8615083078306451,1,test,raw_2d
1.3671416413507256,-0.3743546592679976,1,test,raw_2d
1.8181969836196623,-0.23639441863737862,1,test,raw_2d
2.2068085456081468,0.17244483048452056,1,test,raw_2d
0.47160239668167603,0.8163157607756356,0,test,raw_2d
-0.7118031569375127,0.7674286799280915,0,test,raw_2d
2.274335224070226,-0.18319516591162288,1,test,raw_2d
0.08065731473477444,0.5130112466845564,0,test,raw_2d
0.6931571156348497,0.5934443434816378,0,test,raw_2d
0.8186038515910382,-0.21001455307450118,0,test,raw_2d
0.44699789169925314,-0.16356388117031773,1,test,raw_2d
-0.9760438687336734,0.5558465768125768,0,test,raw_2d
0.14694817668862276,-0.32521353389895447,1,test,raw_2d
-0.9157135326918835,-0.30016003746691855,0,test,raw_2d
0.4359000381026532,-0.584127359312112,1,test,raw_2d
0.4785805078537197,-0.6716179142009538,1,test,raw_2d
0.44244150750314826,0.3558647497534575,1,test,raw_2d
-0.6748032576593612,1.0202720527435734,0,test,raw_2d
-1.0897153471196195,0.23603924483586936,0,test,raw_2d
0.0746498630990454,0.6765676163911359,1,test,raw_2d
1.1266136843916554,-0.49800710022860883,1,test,raw_2d
-0.2976811725458823,0.7849794782896201,0,test,raw_2d
0.15324969106995942,-0.6123210397690222,1,test,raw_2d
0.43444763817225834,0.04945660004359853,1,test,raw_2d
1.3743482437441763,-0.14221964957080252,1,test,raw_2d
-0.6840340705105941,0.3276377198767079,0,test,raw_2d
-0.7449330239471412,0.6653642174166363,0,test,raw_2d
1.333450342361051,0.48513859129057346,0,test,raw_2d
1.9055729302634534,0.519770727826916,1,test,raw_2d
-0.15210534842961781,0.5084744442710465,0,test,raw_2d
0.9759662580067157,-0.13162771551172636,0,test,raw_2d
-0.9222735373634301,0.2661070669127279,0,test,raw_2d
1.0650522164014182,0.5989588200721683,0,test,raw_2d
1.885207301125112,-0.6258957190155444,1,test,raw_2d
0.0944313469424842,-0.5238879403805071,1,test,raw_2d
-1.1388798131358642,-0.09334932930926182,0,test,raw_2d
-0.449791771949522,-0.05031307326967081,1,test,raw_2d
0.6193920202726635,-0.40565891233159906,1,test,raw_2d
-1.0322405083486326,0.7156164843277585,0,test,raw_2d
0.7725517465140642,-0.5349124899568158,1,test,raw_2d
1.6055652590172227,0.3735302508695184,1,test,raw_2d
-0.531800470375091,0.6374857877839488,0,test,raw_2d
1.4845212891917459,-0.46997960908047426,1,test,raw_2d
1.1278689051272646,-1.5272741833887489,1,test,raw_2d
1.2014237265917727,-0.16965101281882866,1,test,raw_2d
1.979286297035784,0.39956221786090473,1,test,raw_2d
-0.12365132884839602,0.37722123423395204,0,test,raw_2d
0.2939087157644526,0.8428154302526575,0,test,raw_2d
1.8948208521564678,-0.2006396014863554,1,test,raw_2d
-1.0778218925182792,-0.22938645293982995,0,test,raw_2d
0.9326480355936271,-0.49565008221137025,1,test,raw_2d
1.1169414134559723,-0.7358020584994011,1,test,raw_2d
1.4421657278798468,0.6570570198218498,0,test,raw_2d
1.2610609364573488,0.36238859372350457,0,test,raw_2d
0.7133624562169177,-0.3216425574144609,1,test,raw_2d
0.40043390186788136,0.8620473136333402,0,test,raw_2d
-0.6448508661251156,1.3828097574315463,0,test,raw_2d
0.06844675784769917,0.40539565465011856,1,test,raw_2d
1.4203486469262807,1.1224162061884495,0,test,raw_2d
1.2015139338831191,0.004165882722149017,1,test,raw_2d
0.5896222881121301,0.8518957267586312,0,test,raw_2d
0.6079694987192651,0.8561173596676281,0,test,raw_2d
1.3066208976186382,-0.03280299596028449,1,test,raw_2d
0.7748253132012846,0.8760471958229956,0,test,raw_2d
-1.4135098193326185,-0.5514778568740618,0,test,raw_2d
-0.28364437791198294,1.227205175205307,0,test,raw_2d
1.0243339609535538,0.20447759071601243,0,test,raw_2d
0.8966219692650397,-0.4487878879819783,1,test,raw_2d
0.20257752306987015,1.290554638629391,0,test,raw_2d
0.7714767753945561,0.3890746295193908,0,test,raw_2d
0.4992990733990676,-0.4404507931537475,1,test,raw_2d
2.0650570893682585,1.1755528699671576,1,test,raw_2d
-0.008461879943019772,0.38879016773682845,1,test,raw_2d
0.000377288184156499,0.7006020784911637,0,test,raw_2d
1.9394562101178532,-0.0519583177249217,1,test,raw_2d
0.39541282783263476,0.7629315197347557,0,test,raw_2d
1.4921156906324402,-0.057576457632038974,1,test,raw_2d
1.725791312333906,-0.03121835833595238,1,test,raw_2d
0.12703465610062148,0.5713925273350634,0,test,raw_2d
-0.7961024597622592,0.26946965187556315,0,test,raw_2d
2.4869115219530755,0.031188637265657543,1,test,raw_2d
0.6997918416659176,-0.3069575602635367,1,test,raw_2d
0.41705892376624665,-0.4902553560779715,1,test,raw_2d
1.353013010201263,-0.2311719643096185,1,test,raw_2d
1.7970121276410693,0.18712248969348236,1,test,raw_2d
0.45611915707365147,-0.22788815894771683,1,test,raw_2d
-1.1083158390622354,0.7324251402591404,0,test,raw_2d
0.4815453088262878,0.8953685032990458,0,test,raw_2d
0.4377644368390571,0.564862126097584,0,test,raw_2d
1.570463583727782,-0.07506291264220424,1,test,raw_2d
0.039586367199333526,0.6385210542550865,1,test,raw_2d
1.113884500428094,-0.25769524207283895,1,test,raw_2d
1.3458059956422583,-0.5341918810186803,1,test,raw_2d
0.47238374838410113,-0.28413767194541406,1,test,raw_2d
0.9404347020173504,-0.931433697063945,1,test,raw_2d
1.9627456778532757,0.015019019930251128,1,test,raw_2d
0.14531480837377495,1.3437153231142005,0,test,raw_2d
-1.1658940817434948,0.980984164828046,0,test,raw_2d
0.4659381169033863,-0.3952440028069178,1,test,raw_2d
-0.5942264067750886,0.3126082605589936,0,test,raw_2d
0.5206518064508637,-0.4349273236596455,1,test,raw_2d
0.20882199785183345,0.581645869994376,0,test,raw_2d
-0.11096000679116363,0.5767399826328475,0,test,raw_2d
-0.18579644969772474,0.12223262009826265,1,test,raw_2d
0.38803880401539553,0.10101838928902612,1,test,raw_2d
0.9765106188161388,0.30691726100894856,0,test,raw_2d
-0.9963258418132289,0.6935609298174643,0,test,raw_2d
-0.2895432288783878,0.9422454644168272,0,test,raw_2d
1.2757487823482698,-0.11867535934927115,1,test,raw_2d
0.06547318766593571,0.7966193056147305,1,test,raw_2d
0.41662755540698304,-0.03580405660970376,1,test,raw_2d
0.07105269620189783,0.18214653664806998,1,test,raw_2d
0.8550866425508905,1.2560821232180133,0,test,raw_2d
1.7275076710779522,-1.4198492114586942,1,test,raw_2d
0.04876035624741806,0.8731244615753184,0,test,raw_2d
1.5015845032906405,-0.36311651963222036,1,test,raw_2d
0.25908171423511483,0.9280021771450011,0,test,raw_2d
0.21626172676388494,0.49262565640863665,0,test,raw_2d
1.5066538841996098,-0.7032907772285659,1,test,raw_2d
0.7516635451569311,0.9378255297736805,0,test,raw_2d
-0.5218947536178191,0.7174892277251308,0,test,raw_2d
1.0381736759497122,-0.7008267035499403,0,test,raw_2d
0.3147330147885846,0.5925392484133211,0,test,raw_2d
1.7253045569157905,0.2951146858631729,1,test,raw_2d
-0.008184523827351957,0.8531304735547502,0,test,raw_2d
-0.9649852385720674,-0.41166385265859284,0,test,raw_2d
1.0691874010246687,-0.1432976538258275,1,test,raw_2d
0.17733464118953762,1.5973135302529118,0,test,raw_2d
1.1682710460220207,0.16262283542796785,1,test,raw_2d
1.5650229308244064,0.4465506964151733,1,test,raw_2d
0.5602007214791598,0.2899171787569353,0,test,raw_2d
0.8716276416017783,-0.6601441701557471,1,test,raw_2d
1.991408783624864,-0.4120877882425827,1,test,raw_2d
0.4821622803352262,0.11611864675017414,1,test,raw_2d
0.11224605104041982,1.1570845659113962,0,test,raw_2d
1.383767927133635,-0.3438734801803975,1,test,raw_2d
1.3295033740467008,0.49103919375305805,0,test,raw_2d
-0.15259747160545725,0.8014138215605949,0,test,raw_2d
0.6377207421932919,-0.5122081406365812,1,test,raw_2d
1.7318316119850818,0.34611046054562733,1,test,raw_2d
0.42431738796825214,0.8826387528621582,0,test,raw_2d
1.9170755515112146,-0.10872744873286214,1,test,raw_2d
-0.024211695447644732,0.7436344939904863,0,test,raw_2d
0.142187326419987,-0.30297380806980195,1,test,raw_2d
1.6171337138892175,-0.279066437462544,1,test,raw_2d
-0.2294638346237418,1.1960048838383979,0,test,raw_2d
-0.09495426100832965,-0.3711898319456819,1,test,raw_2d
1.1974785033470337,-0.5704810722386819,0,test,raw_2d
2.39522324687435,-0.3922339808174332,1,test,raw_2d
1.7569130768126748,0.3861220273100573,1,test,raw_2d
-0.5879454859928916,0.8511863900284847,0,test,raw_2d
-0.27785374887429304,0.9259387056507982,0,test,raw_2d
0.5348884982845755,0.5571268970104133,0,test,raw_2d
0.316940834033968,-0.5517845846409026,1,test,raw_2d
-0.8716751958454089,0.49236842578149437,0,test,raw_2d
0.9876369304829877,-0.6658261326543442,1,test,raw_2d
2.590400803077622,0.37779852750353815,1,test,raw_2d
-0.31742536623908424,0.38632758449039195,1,test,raw_2d
-0.6716438797909811,0.08958725128020512,0,test,raw_2d
0.04461849565276893,1.0798857447634105,0,test,raw_2d
0.8166170668153476,-0.12887874959850354,1,test,raw_2d
0.14417192506851778,1.621908718789814,0,test,raw_2d
0.18512167554051906,-0.444936474187418,1,test,raw_2d
-0.8068389553401419,0.8825300683286175,0,test,raw_2d
1.3486448614310198,-0.5508798798371111,1,test,raw_2d
0.20371718776695907,-0.1769774304539617,1,test,raw_2d
0.5478204696415575,0.784815817641096,0,test,raw_2d
-1.03381928145536,-0.36102245989485776,0,test,raw_2d
0.1532941908800736,1.0988521750771303,0,test,raw_2d
0.3172130016791027,0.16492145027583333,1,test,raw_2d
-1.1206529465739052,0.2863624296751963,0,test,raw_2d
-0.01637506089633739,-0.16026200728833317,1,test,raw_2d
1.7877719819013753,-0.3199654034831355,1,test,raw_2d
0.5368777254946672,1.087479017266395,0,test,raw_2d
0.11891238208713016,0.0372719268318972,1,test,raw_2d
0.9484058281106116,0.5837571702226485,0,test,raw_2d
0.4951896819577844,0.7389297541877263,0,test,raw_2d
-0.2546923601393624,0.699553215990813,0,test,raw_2d
0.10126432459533351,0.35061458855331984,1,test,raw_2d
0.6660442340979557,0.7300476853539872,0,test,raw_2d
0.8387436162418984,-0.4631380832064435,1,test,raw_2d
-0.8565124012969542,0.6755996419443667,0,test,raw_2d
1.6339815953337662,0.50137201016727,1,test,raw_2d
2.169001721694929,-0.086569526883918,1,test,raw_2d
-0.5003032769195186,0.18118794219269962,1,test,raw_2d
1.4619859062227418,-0.33842174654303947,1,test,raw_2d
-0.7402571232185884,0.3411375084625039,0,test,raw_2d
-0.7318635910572647,0.8068242218763415,0,test,raw_2d
-0.20727287994994936,0.06715577195920183,1,test,raw_2d
0.8249367821810007,0.07972389252653907,0,test,raw_2d
-0.7499772630821444,0.5602028108251957,0,test,raw_2d
0.28149657919545595,-0.41074423588200093,1,test,raw_2d
0.9075068352317933,-0.09979180166932389,1,test,raw_2d
-0.8167964170386985,0.38442488245891193,0,test,raw_2d
0.8408252679392083,0.5795171298219787,0,test,raw_2d
1.9039098961139225,-0.6708356666051374,1,test,raw_2d
0.040716751676207974,0.8876940759681392,0,test,raw_2d
0.29164071372134637,1.007635632919066,0,test,raw_2d
0.9463037153880639,1.0384350838895924,0,test,raw_2d
0.6042417527294228,-0.2945997568144877,1,test,raw_2d
0.8562409905557384,-0.48751432555856167,0,test,raw_2d
1.1347772283953301,-0.017828428693696705,0,test,raw_2d
-0.9393368541521789,0.53678475578598,0,test,raw_2d
0.633999640569789,0.07843791843300713,1,test,raw_2d
0.34743924915048746,-0.37669075059099755,1,test,raw_2d
0.854758401370176,0.031607045137531375,0,test,raw_2d
0.9801766535447506,0.19736936822953277,0,test,raw_2d
-0.7996032134226964,0.6849494053095301,0,test,raw_2d
0.9305597753281021,0.5750963837043798,0,test,raw_2d
0.7922038610481652,-0.05716966426002279,0,test,raw_2d
1.6518455210838459,-0.416049422896199,1,test,raw_2d
0.6351213761942746,-0.18695301204845277,1,test,raw_2d
0.7974813501311658,0.00022821371962977732,0,test,raw_2d
-0.6461301184996154,0.18806568856901182,0,test,raw_2d
0.5338812091090178,-0.43165171596318086,1,test,raw_2d
1.0131334333179571,0.3843941943364909,0,test,raw_2d
0.3137726062749122,0.6751960778356282,0,test,raw_2d
1.2333137602457818,-0.15425647386274574,1,test,raw_2d
0.6664114209184666,0.7295028964036587,0,test,raw_2d
1.230360088370877,-0.3456095137667591,1,test,raw_2d
0.8194247588716339,0.5951215750699524,0,test,raw_2d
0.6866611257766171,0.7575340433033841,1,test,raw_2d
0.3322992990632315,-0.32358788213169976,1,test,raw_2d
0.3517307672156625,-0.3852559259309385,1,test,raw_2d
1.3783697045267853,0.383635549938837,0,test,raw_2d
1.1162103894363598,-0.039392481185439865,1,test,raw_2d
0.13461069527088784,0.8751059940043635,0,test,raw_2d
0.3871086433979377,-0.6440057510310496,1,test,raw_2d
-0.057781418128366235,-0.43802752225211333,1,test,raw_2d
1.7381154260805673,0.4143774219622131,1,test,raw_2d
0.4283542140267078,0.6183369532718476,0,test,raw_2d
2.0612854192204875,0.15861379899007055,1,test,raw_2d
0.4432196824657598,-0.10096625404187046,1,test,raw_2d
1.033857996144088,0.5740703388814128,0,test,raw_2d
-0.9260985075383223,0.12062142172891888,0,test,raw_2d
0.3202451433398965,1.1399772442265774,0,test,raw_2d
-1.0119590962195892,1.4791819233273475,0,test,raw_2d
1.6488345731852085,-0.33849710052675597,1,test,raw_2d
0.9238384176586899,0.8254204205149891,0,test,raw_2d
-0.890615996869766,0.6326684489854928,0,test,raw_2d
-0.2882161718437191,1.1775487405361011,0,test,raw_2d
0.03080282812645263,0.8613527469644335,0,test,raw_2d
0.2405263586235694,0.6376668470046645,1,test,raw_2d
1.7935637886656919,0.07098589319192503,1,test,raw_2d
-0.2366507160006207,-0.5738010150361461,1,test,raw_2d
-0.10985914474435521,0.10713112072583336,1,test,raw_2d
0.9661621197965674,-0.622703660940659,1,test,raw_2d
-0.3644947720737755,1.070188649705008,0,test,raw_2d
1.9364841322555444,0.08326733629433414,1,test,raw_2d
0.32363145326797804,1.0829617149007646,0,test,raw_2d
-1.0789612297122433,-0.38518472550590344,0,test,raw_2d
1.772500373882388,-0.15531514374758942,1,test,raw_2d
1.820672409199121,-0.03782911108333273,1,test,raw_2d
1.020006507875684,-0.5933309133120986,1,test,raw_2d
0.4975510823163143,1.2632648921801823,0,test,raw_2d
-0.8704899783312888,0.756134320442436,0,test,raw_2d
-0.07580269421643959,-0.3885626565297449,1,test,raw_2d
-0.3121655073831784,0.6553120569529121,1,test,raw_2d
0.17244737738438573,0.9083254776994382,0,test,raw_2d
0.9411982733262868,0.21728817577329512,0,test,raw_2d
0.5402610562365135,-0.7938827791264987,1,test,raw_2d
0.8372060493788457,0.8211085036380619,0,test,raw_2d
1.9986438540037865,-0.05774808701312584,1,test,raw_2d
-0.16554788174248347,1.115163927553203,0,test,raw_2d
-0.5064042599651127,0.37259489177012695,0,test,raw_2d
-0.05720592657491945,0.6559965617319992,1,test,raw_2d
0.326732513865406,-0.25942725948059975,1,test,raw_2d
-0.5392475425800694,1.0002957341974792,0,test,raw_2d
0.019147459911753748,1.4432666734574608,0,test,raw_2d
1.5063824535932409,-0.06360413454501851,1,test,raw_2d
0.6791464622103255,-0.2852060189310272,1,test,raw_2d
0.05405470511775648,-0.42357480505082146,1,test,raw_2d
-0.5535720335300084,1.1229778253895826,0,test,raw_2d
-0.3452463630277124,0.7210204245129954,0,test,raw_2d
-0.14981569746153717,0.06275176331292823,1,test,raw_2d
0.32730874262496434,0.8832500396871822,0,test,raw_2d
0.4666190049736868,-0.618346843785332,1,test,raw_2d
1.801166447312422,-0.23444134276116005,1,test,raw_2d
0.7521615596298428,-0.3258889824274882,1,test,raw_2d
-0.6632198103711785,0.771138510064129,0,test,raw_2d
-0.6848216278473132,0.6878333651118176,0,test,raw_2d
1.4520166043827905,0.3358723837488983,1,test,raw_2d
0.9467564894598363,0.176495448547837,0,test,raw_2d
1.9155837782689764,0.22734324096180347,1,test,raw_2d
0.6200570487011964,-0.1376196201687569,1,test,raw_2d
1.1268954669410025,-0.22996351160582315,1,test,raw_2d
-0.6154767284603619,0.7587128074460265,0,test,raw_2d
-1.0158451051399684,0.6657051536176478,0,test,raw_2d
1.1164319614463194,0.18958020658443964,0,test,raw_2d
1.287417240072668,0.3421880735286968,0,test,raw_2d
1.7993887419754744,-0.15142950093567545,1,test,raw_2d
0.560898065914448,1.2519956824961795,0,test,raw_2d
-0.5864896293463635,0.5675975963160341,0,test,raw_2d
1.7380885304469107,0.5785344860056857,1,test,raw_2d
0.44589883498660565,-0.6723100379435946,1,test,raw_2d
2.1112097055099346,0.3932992152061022,1,test,raw_2d
0.8803171515097324,0.24010800027860632,0,test,raw_2d
-0.30096025511173286,0.1441806742083862,0,test,raw_2d
2.3889547156391773,0.2602527533650832,1,test,raw_2d
2.5772684341464305,-0.1051945386870495,1,test,raw_2d
0.556882044786385,0.8972014124079374,0,test,raw_2d
0.5545600256271863,0.25456502598506325,0,test,raw_2d
0.5963623314778792,0.7306363009049645,0,test,raw_2d
1.9188758422983594,0.2335377705355653,1,test,raw_2d
-0.866921196278642,0.9259872939683985,0,test,raw_2d
-0.8502406906822386,0.3851895611088735,0,test,raw_2d
0.18073817007586446,1.0898143329776366,0,test,raw_2d
1.7152703915780256,-0.08797390893637014,1,test,raw_2d
0.2645728555055403,0.13254057168163022,1,test,raw_2d
0.2339846282746249,0.5495101870020839,0,test,raw_2d
1.5510128020895844,-0.22275640548629702,1,test,raw_2d
2.099662572926266,-0.26137216367562927,1,test,raw_2d
-0.004871264529986423,1.036357445792173,0,test,raw_2d
2.0126146410815777,0.5325807865600684,1,test,raw_2d
0.7443664884697766,-0.5298341361773996,1,test,raw_2d
-0.5319896617511155,0.4407596088548015,0,test,raw_2d
0.7906941175499048,0.3971181539052768,0,test,raw_2d
1.3365957954841712,-0.42011074331477316,0,test,raw_2d
-0.26708057513018657,0.09606913179350612,1,test,raw_2d
1.4046700485652224,-0.48429974707825835,1,test,raw_2d
1.026736885273971,0.10612513769299145,0,test,raw_2d
1.3752435560102576,-0.6499309074823686,1,test,raw_2d
0.5531341599254964,-0.5475440963975842,1,test,raw_2d
0.021435669653673918,0.23250929831699865,1,test,raw_2d
-0.23032843549857188,0.4582224943823534,0,test,raw_2d
0.1269182759339545,0.7154719823564735,0,test,raw_2d
-0.8326311403676523,0.5890178489076326,0,test,raw_2d
0.25226220814283995,0.4576709272729919,0,test,raw_2d
0.7724239005567395,0.5160332802532894,0,test,raw_2d
2.1105434074576466,0.4526682302308129,1,test,raw_2d
1.415905067599136,0.4080948583977281,1,test,raw_2d
0.6851772387959533,-0.4201757233883715,1,test,raw_2d
1.0484310746354344,0.9498706127026645,0,test,raw_2d
0.9975849018708677,-0.6026645806050923,1,test,raw_2d
2.2515965013585757,0.07953916845260928,1,test,raw_2d
-0.9007686510487765,0.9617261232082768,0,test,raw_2d
1.6039768863987536,-0.09360217962946626,1,test,raw_2d
1.3343755461073221,0.49631285474070386,1,test,raw_2d
1.1708073383145199,-0.4175752250044061,1,test,raw_2d
0.04501695073694899,1.650130522456286,0,test,raw_2d
-0.07135878638138521,-0.4118149033855819,1,test,raw_2d
1.8409650260434016,-0.006332849928479822,1,test,raw_2d
-0.8214068521144411,0.4384623818780518,0,test,raw_2d
0.00043940937577624517,0.694586373743967,0,test,raw_2d
0.45398864696533486,0.4006291653596026,1,test,raw_2d
1.0022605484624987,0.2930896918946518,0,test,raw_2d
1.8844963210183916,-0.23985217642059606,1,test,raw_2d
2.3990329696246553,0.3543242259819413,1,test,raw_2d
0.4749655224421256,-0.04304594947273166,1,test,raw_2d
-0.520822820265744,1.1787567706319395,0,test,raw_2d
2.198706979064698,0.4592663446409561,1,test,raw_2d
0.062050545122041924,-0.046528969403949905,1,test,raw_2d
-0.4846878754690422,0.8005500698181454,0,test,raw_2d
-0.7259205914486774,0.42390396693204824,0,test,raw_2d
-0.30942234951191294,0.08270928540866651,1,test,raw_2d
1.2511248508963007,-0.08370653119918067,1,test,raw_2d
-0.6377897325068527,0.6946654181968626,0,test,raw_2d
1.0615631860542336,-1.093578033242081,1,test,raw_2d
-0.698000997478881,0.7152042631151064,0,test,raw_2d
-0.2804230149722088,0.26312532278424905,1,test,raw_2d
-0.415186352927869,0.7144614557319079,0,test,raw_2d
0.9394154007575856,0.6339378987836419,0,test,raw_2d
-0.6898557708392111,0.18450108576944674,0,test,raw_2d
0.8175912444325021,0.15062466476034655,0,test,raw_2d
0.7117458374371168,-0.22305131366780978,1,test,raw_2d
2.4879127375725525,0.7409211449921063,1,test,raw_2d
-0.8736093302551439,0.4809947052959518,0,test,raw_2d
1.5445286058264647,-0.08971584206307055,1,test,raw_2d
-0.8090239703142702,0.3231250626853326,0,test,raw_2d
-0.030673263803606493,0.12969291928446358,1,test,raw_2d
0.2762706485090332,-0.3683039605867525,1,test,raw_2d
-0.12711973406062296,0.7281813911880843,0,test,raw_2d
0.19817673731660318,-0.20328302956959482,1,test,raw_2d
0.32945295493715304,0.7679681659136026,0,test,raw_2d
-0.6864875815851446,1.603235802021775,0,test,raw_2d
0.6664465982305428,-0.013301590899542914,1,test,raw_2d
1.7309657110047048,0.44973334045314417,1,test,raw_2d
-0.3482117864739789,0.6671101944622363,0,test,raw_2d
0.9466821211385175,0.811336363043103,0,test,raw_2d
-0.7947304219573494,0.6342024647029667,0,test,raw_2d
0.03365522081545953,1.1797910565585696,0,test,raw_2d
1.1010278420722601,-0.7088389069607717,1,test,raw_2d
0.6181916076709782,0.2637493360366019,0,test,raw_2d
2.0061011504779076,-0.057790715580390895,1,test,raw_2d
-1.903079299535079,-0.03015734798012603,0,test,raw_2d
0.24954937160901336,-0.17598457555704616,1,test,raw_2d
-0.09900627834245171,0.9177006737473884,0,test,raw_2d
2.1022400809116224,0.3516594752826332,1,test,raw_2d
-0.7638823219355504,0.5255408056825275,0,test,raw_2d
1.3637421786198876,-1.1979838751524392,1,test,raw_2d
0.924042219419703,-0.6294930820642851,1,test,raw_2d
0.51234919853096,-0.08856092233144308,1,test,raw_2d
0.6096491582514362,-0.2906814447733981,1,test,raw_2d
0.32012556876851206,-0.4273709758551533,1,test,raw_2d
2.0162965266378867,0.053989436288424106,1,test,raw_2d
1.7238484675832524,-0.2581303666925059,1,test,raw_2d
1.098774271377469,-0.00867793558076152,1,test,raw_2d
-0.025041906323485005,0.40050824568084015,1,test,raw_2d
-0.48579988873173174,0.0984615169355968,0,test,raw_2d
-1.1792142753468067,-0.07570476906546657,0,test,raw_2d
1.6363113966561653,-0.5493093840416243,1,test,raw_2d
0.552583431026257,-0.39090068613464335,1,test,raw_2d
1.163840132357309,0.4248228735140802,0,test,raw_2d
1.9102990469352983,-0.4166299687366076,1,test,raw_2d
-0.0016183889180702848,-0.026482678535003565,1,test,raw_2d
1.520732797344025,-0.3539542943582944,1,test,raw_2d
0.11455723564892326,-0.3439602787132001,1,test,raw_2d
0.18529045601581057,-0.02905831317709187,1,test,raw_2d
-0.10102559121767918,0.5210578151491048,1,test,raw_2d
0.3869845645601651,0.8821914201812691,0,test,raw_2d
0.6764242035957411,-0.4012973043202065,0,test,raw_2d
-0.14865371504949154,0.3079870647847936,1,test,raw_2d
0.8448319344587835,0.06010711496201082,0,test,raw_2d
0.2380246914851277,-0.3994315509049193,1,test,raw_2d
0.07879581853998735,-0.21091018010120866,1,test,raw_2d
-0.3720188356261305,0.9897693255489919,0,test,raw_2d
0.5922063352770819,0.8874479545159621,0,test,raw_2d
0.16234982000201564,0.5358218706019682,0,test,raw_2d
-0.9526426285874426,0.64796088255939,0,test,raw_2d
-0.702898630972651,0.4368629990383783,0,test,raw_2d
1.3841159776167697,-0.06726267651392488,0,test,raw_2d
-0.15155854795550477,0.5783279931422278,0,test,raw_2d
0.18805242326922678,1.4059785905098448,0,test,raw_2d
0.9467126863713061,0.1454791776562355,0,test,raw_2d
0.10936237494199028,-0.07966151534612845,1,test,raw_2d
-0.1706857102243997,0.7375660034446794,0,test,raw_2d
-1.5231317098848645,0.8094852016737346,0,test,raw_2d
0.27467567442102925,0.16732212709431454,0,test,raw_2d
0.28769455153556556,-0.01757926267537476,1,test,raw_2d
1.0424622863878241,-0.04342159137198981,1,test,raw_2d
0.6003597612258241,0.2492288290856165,1,test,raw_2d
-0.78155037397204,1.0604844314581456,0,test,raw_2d
0.17610293743163552,-0.01371030581401357,1,test,raw_2d
0.3706884277173731,1.1968802795139672,0,test,raw_2d
1.9189500233744208,-0.43619322941435557,1,test,raw_2d
-0.7082997412194616,0.2510381930921347,0,test,raw_2d
-0.9570848477920044,-0.40329756458047045,0,test,raw_2d
0.19188456296691817,0.6003716092801528,0,test,raw_2d
-0.3621771238149218,1.0117965698021054,0,test,raw_2d
0.1253142313437341,-0.13042204928506618,1,test,raw_2d
0.3324917400150229,1.0164011394760553,0,test,raw_2d
0.6063800607676137,-0.25759762200823433,1,test,raw_2d
0.6995632097052258,-0.5297783932706197,1,test,raw_2d
-0.7454590192839664,0.5957345932185721,0,test,raw_2d
-0.5196098293593235,1.2186066825253936,0,test,raw_2d
-0.6542961025062239,0.7086674399509674,0,test,raw_2d
1.5209350741842662,-0.647284918173503,1,test,raw_2d
1.1563463182736369,-0.5095735903110802,1,test,raw_2d
0.8539983597718508,-0.4404505496501791,1,test,raw_2d
1.8179649741843913,0.34959808374314616,1,test,raw_2d
2.0573098974761383,-0.3117035744719918,1,test,raw_2d
1.5781816115816112,0.22959540181900906,1,test,raw_2d
-0.3104118292890513,-0.19431235829632296,1,test,raw_2d
1.253823180881335,-0.12432930726957464,1,test,raw_2d
0.0914262878578688,0.5580433507724497,1,test,raw_2d
-0.5333587358278458,1.0893573496784645,0,test,raw_2d
-1.0749699064052045,0.10752523769839484,0,test,raw_2d
1.289282376941189,0.32714085210300414,0,test,raw_2d
1.3472053439406189,-0.7512725753963607,1,test,raw_2d
1.413736371074973,-0.27011510072941736,1,test,raw_2d
0.3904873057927246,0.8530280997876347,0,test,raw_2d
0.9429180261925326,0.20384267025546046,0,test,raw_2d
0.9998552439696251,-0.06078775955726995,1,test,raw_2d
2.0689330787007187,-0.5102356731182989,1,test,raw_2d
0.7002688888156248,0.4636912838591567,0,test,raw_2d
1.3392603824554996,-0.5035211035253444,1,test,raw_2d
0.6017577786525705,-0.4357527430302954,1,test,raw_2d
0.8506988189163684,-1.1730675965021446,1,test,raw_2d
1.311938769404805,-0.11998897833842599,1,test,raw_2d
-1.2018235921750682,0.36211073291343954,0,test,raw_2d
-1.1837713800244376,0.13536808823465424,0,test,raw_2d
1.8405544332615211,-0.41824625820423567,1,test,raw_2d
-1.2245090880012865,0.6049849708211819,0,test,raw_2d
-0.8956309675699231,0.8401640747347987,0,test,raw_2d
-0.22597541723729653,-0.057490012278963165,1,test,raw_2d
0.3834347911407031,-0.19974650611510592,1,test,raw_2d
1.026683448258641,0.6568564095349316,0,test,raw_2d
0.05699613076826372,-0.21375541760091202,1,test,raw_2d
0.5770346320429383,0.25675026222986996,0,test,raw_2d
-1.3358789281201142,0.3412428806398351,0,test,raw_2d
-1.1620625430795615,0.6142109519369288,0,test,raw_2d
0.17934893238713195,1.28178651045051,0,test,raw_2d
0.9375389623337629,0.10336452940014318,1,test,raw_2d
1.1530458923969589,-0.36317512318770473,1,test,raw_2d
0.9404322568450467,0.47241161013216293,0,test,raw_2d
1.9093503918011772,0.2508304958904994,1,test,raw_2d
0.919736699774126,0.5143773153547457,0,test,raw_2d
0.6047166575503261,0.4346708806211914,0,test,raw_2d
0.5351325259523828,0.5471543053819207,1,test,raw_2d
1.3113743236432278,-0.04804057362141567,1,test,raw_2d
0.3132499013326845,0.6829017190196425,0,test,raw_2d
0.14926694457024964,0.2933903517718015,1,test,raw_2d
1.2981889405058202,-0.4005539554894643,1,test,raw_2d
0.7994765360733381,0.12121848632594912,0,test,raw_2d
-0.4806235212602189,0.8495049572717346,0,test,raw_2d
2.296569207530445,-0.9474776688902979,1,test,raw_2d
-0.7190999633083719,0.40349754480255756,0,test,raw_2d
-0.9417087047706046,0.43722768274403795,0,test,raw_2d
2.0177769374977146,-0.6366603515717546,1,test,raw_2d
-0.9010008780905869,1.1777924217483364,0,test,raw_2d
0.6026670127120377,0.4271493579734101,0,test,raw_2d
0.997992556469611,-0.686187839264455,1,test,raw_2d
1.1235732995668994,-0.43472822956261997,1,test,raw_2d
0.8613069707441805,-0.12279071477374637,1,test,raw_2d
0.03383031231154893,1.6587234192898512,0,test,raw_2d
1.4804430131684787,-0.38654280309924827,1,test,raw_2d
0.31105230973357045,-0.5669614043494643,1,test,raw_2d
0.8258985990175917,0.171673958204965,0,test,raw_2d
0.7450705727732,-0.4368007860761006,1,test,raw_2d
-1.316321320162872,0.018554208825995566,0,test,raw_2d
0.9040515390218558,0.7485075531035589,0,test,raw_2d
1.3784491947785493,0.6328477933478114,1,test,raw_2d
-0.6726721313049524,0.35901172505186985,0,test,raw_2d
-0.27027702855265223,0.853461994865093,1,test,raw_2d
0.729522556468849,-0.45971029578151507,1,test,raw_2d
-1.1679141797429484,-0.06161979512816157,0,test,raw_2d
0.4379121768499873,-0.08887101273818826,1,test,raw_2d
-0.1565466795387387,0.962492282986305,0,test,raw_2d
0.5282647635740407,-0.051994175026984335,1,test,raw_2d
0.3666053620229343,0.9146894799800487,1,test,raw_2d
-0.636130783075814,0.37930293512777397,0,test,raw_2d
0.5591810329097335,0.7661239289479836,0,test,raw_2d
0.8589396885957178,0.224463557835708,0,test,raw_2d
2.1521903294227624,0.19935538673594733,1,test,raw_2d
-0.30808519124914246,0.5392252044473621,1,test,raw_2d
-0.11950790030529784,1.0463620026355884,0,test,raw_2d
-1.0306774089209136,0.5368008466764855,0,test,raw_2d
-0.7972395370780168,0.6825544194740792,0,test,raw_2d
-0.7631945775914912,0.6422428514363315,0,test,raw_2d
0.3850037437102891,0.025118009816629427,1,test,raw_2d
0.16179008732592923,-0.017950250147800134,1,test,raw_2d
0.3526619878983843,0.6571959554312037,0,test,raw_2d
-0.24033713451767727,0.8410115055330802,0,test,raw_2d
1.8241246888927696,0.37570801923968467,1,test,raw_2d
1.255465911993861,-0.1776723151631918,0,test,raw_2d
1.7657083813653653,0.1277160291919504,1,test,raw_2d
-1.205450092523846,0.5797938399083462,0,test,raw_2d
-0.7523558790831677,0.7786637002049814,0,test,raw_2d
0.5028722923379898,-0.3114389378899046,1,test,raw_2d
0.4398376342287116,0.6838215633821314,0,test,raw_2d
1.2428266622577218,-0.2770604116033714,1,test,raw_2d
-0.4331943977937514,1.495577126190711,0,test,raw_2d
1.647152097180696,-0.17200578466252767,1,test,raw_2d
2.21171003658456,0.8957538155295701,1,test,raw_2d
-0.0714804502009444,-0.4823601627668751,1,test,raw_2d
0.8190281801261083,0.6553291304275018,0,test,raw_2d
1.1390103375858893,-0.5902386140495457,1,test,raw_2d
0.6910244737417117,-0.6826390009889063,1,test,raw_2d
-0.870461602531327,0.9232184836256639,0,test,raw_2d
-0.047191727252932636,0.13258862501513236,1,test,raw_2d
1.1461011309765343,-0.44164539852194956,1,test,raw_2d
2.115231545621901,-0.13977703154762436,1,test,raw_2d
-0.9361946699814919,1.1785788031991207,0,test,raw_2d
-0.7154519871134876,0.3627271278133488,0,test,raw_2d
1.6235900927692264,-0.4878926828585026,1,test,raw_2d
0.7184355326184086,0.5923120660867813,0,test,raw_2d
0.6864518592504035,0.39302116517620045,0,test,raw_2d
1.8120560693372656,0.3456502117921587,1,test,raw_2d
-0.5257180847279221,0.96597299791399,0,test,raw_2d
-0.1596708588103523,0.7707522901530125,0,test,raw_2d
1.2481669531941206,-0.17421589530319004,1,test,raw_2d
1.935276199835441,-0.8225715400199318,1,test,raw_2d
0.7484722063543074,-0.24418810675029656,1,test,raw_2d
0.9521594452513193,0.8813066925121521,0,test,raw_2d
1.6954152969441878,-0.6029571786810352,1,test,raw_2d
0.807512442036798,1.1615415737916062,0,test,raw_2d
0.4974375351075971,-0.19279807090898143,1,test,raw_2d
-0.3596546944964548,0.7155219470782523,0,test,raw_2d
1.7836669304615231,0.3024830515885216,1,test,raw_2d
-0.478475691691579,0.8270306956545019,0,test,raw_2d
1.4343228624510787,-0.2009639367970711,1,test,raw_2d
0.5631053305999061,0.34044245939925155,0,test,raw_2d
1.8772983848342444,0.9747398454441623,1,test,raw_2d
0.944416998341156,0.3622776934847809,0,test,raw_2d
0.6722904112083592,0.3114160891052894,0,test,raw_2d
0.4236225469059658,0.9716118166505522,0,test,raw_2d
0.15633540192515621,-0.1548768347341951,1,test,raw_2d
2.036543413618561,-0.55642699397321,1,test,raw_2d
0.30129632980687715,0.6341723248582684,0,test,raw_2d
-0.1347937650640046,0.031609749367407076,1,test,raw_2d
0.39512163667124717,-0.18658953240015141,1,test,raw_2d
-1.1840535285740716,0.5101516803578056,0,test,raw_2d
0.4429002955948936,0.8648697891330237,0,test,raw_2d
-0.6009147850173212,0.8761899059875633,0,test,raw_2d
2.309347254730435,-0.1394205643969697,1,test,raw_2d
1.090180587912285,0.7466472930672531,0,test,raw_2d
0.061323719080900625,0.09977502958929796,1,test,raw_2d
0.8759879190901404,0.5013007044307908,0,test,raw_2d
-0.9871768895755936,0.43622089590175817,0,test,raw_2d
0.5301657795099276,0.976545992813872,0,test,raw_2d
1.0628150895152155,-0.06159285202370174,0,test,raw_2d
2.205971866386481,0.4809123011107659,1,test,raw_2d
0.21881301016780483,-0.5904571809177169,1,test,raw_2d
-0.8455620639116184,0.6346143962293347,0,test,raw_2d
0.5384376023330255,-0.17921845170562978,1,test,raw_2d
-0.2214578797097213,0.41920912940996174,1,test,raw_2d
0.10192388041721204,0.8235393539942779,0,test,raw_2d
-0.3224112164673737,1.067163559284885,0,test,raw_2d
-0.12745413423885787,-0.02665254216301316,1,test,raw_2d
-1.3891641307780285,0.5645507446064691,0,test,raw_2d
0.8703522837412648,0.5676055041733026,0,test,raw_2d
0.34260475532312873,0.7358526646677399,0,test,raw_2d
0.25353622430645834,0.8598496348037813,0,test,raw_2d
-0.5094523076228252,0.7260195008142386,0,test,raw_2d
0.10464341084831755,0.921786268039114,0,test,raw_2d
-0.09741555694556142,0.8985037121918557,0,test,raw_2d
-0.9258698442522411,0.03779263124331683,0,test,raw_2d
-0.47044209161094275,0.35630294719843203,0,test,raw_2d
0.8787100717176433,-0.5000013633961393,1,test,raw_2d
-1.1128827291914272,0.467912011637126,0,test,raw_2d
2.014951657099773,-0.5789118283033675,1,test,raw_2d
1.0402932434325047,-0.7566890162104699,1,test,raw_2d
0.25122039905965293,-0.5845648811463038,1,test,raw_2d
0.0793767783610029,0.07958851909616654,1,test,raw_2d
-0.8916256091894336,0.10689652650015702,0,test,raw_2d
0.05169718992458725,0.8612773647569162,0,test,raw_2d
-0.3300273162828969,1.3007199202321722,0,test,raw_2d
0.5778674106949316,0.91012862975158,0,test,raw_2d
0.47691106399170713,1.3350946255802874,0,test,raw_2d
0.9355287994636221,-0.5331432372988797,1,test,raw_2d
0.4889851891701184,0.052296638697814535,1,test,raw_2d
0.24012803546144176,0.06806237191076309,1,test,raw_2d
1.5530798511979802,-0.2902983136369555,1,test,raw_2d
1.6982721963716105,-0.5159509170897713,1,test,raw_2d
1.7225058741003414,0.02078888356145131,1,test,raw_2d
0.4783737878290863,-0.25302605021702657,1,test,raw_2d
0.5707851126042626,1.4555304984643627,0,test,raw_2d
0.8560579888725245,0.4243277591359741,0,test,raw_2d
0.7050790528316605,-0.21012011123922994,1,test,raw_2d
1.9390869466107699,-0.05122191691159572,1,test,raw_2d
1.686205394050961,-0.38884156985823215,1,test,raw_2d
0.31918161793762423,-0.0657150152041194,1,test,raw_2d
2.008555145246404,-0.08428896987625534,1,test,raw_2d
0.46833203517395977,0.5931541719063229,0,test,raw_2d
-0.3255191794240648,0.8752390119322948,0,test,raw_2d
1.0017791714792559,-0.21675411428881827,1,test,raw_2d
0.26739038296456785,0.7190090744491903,0,test,raw_2d
1.0630636247073477,0.2189259692152543,0,test,raw_2d
-1.123682489554919,0.3827575996935545,0,test,raw_2d
0.021856395247094124,-0.16879096693118634,1,test,raw_2d
0.4590586614438638,-0.21837998939462777,1,test,raw_2d
0.503293835107778,0.3675815467020972,0,test,raw_2d
0.6504460360907688,0.3045729472045242,0,test,raw_2d
-0.6553980627468639,0.5895508205424134,0,test,raw_2d
0.32952156237394103,0.7745873385596447,0,test,raw_2d
0.13035406116959114,0.47860922744778406,0,test,raw_2d
1.0114467135589595,0.13476036238126532,1,test,raw_2d
-0.6547945605329564,0.9589244587207295,0,test,raw_2d
-1.6373631104707456,0.5470462090974312,0,test,raw_2d
0.9142475266502152,-0.5577108877522964,1,test,raw_2d
0.80262836358579,0.476911623753636,0,test,raw_2d
0.23488266720983292,0.28607468789005486,1,test,raw_2d
1.281232050685502,0.3822050021182246,0,test,raw_2d
0.5918811974146224,-0.40262814145999776,1,test,raw_2d
1.206796403980186,-0.9624046062701872,1,test,raw_2d
-0.2938309088324127,0.51004789975368,0,test,raw_2d
1.7452760164658048,-0.26099955621737625,1,test,raw_2d
2.256948369142558,0.3294704197521031,1,test,raw_2d
-0.8294373269217524,0.7896227818579818,0,test,raw_2d
-0.991573951967783,0.2952275222645293,0,test,raw_2d
0.41267879455246104,-0.3352428695593074,1,test,raw_2d
1.1175074804929472,-0.5658501653691672,1,test,raw_2d
1.8823214859632729,0.01136245401736008,1,test,raw_2d
1.613428265418378,-0.5067997833965163,1,test,raw_2d
0.8640584260965632,0.27005397094864475,0,test,raw_2d
-0.23165010869709662,0.4238426270827394,1,test,raw_2d
0.9424081477972077,-0.46420854854487104,1,test,raw_2d
1.2243710150144822,-0.7231001100674702,1,test,raw_2d
-1.410246712136631,0.3489644987203204,0,test,raw_2d
0.5606836941775293,-0.8489141378869128,1,test,raw_2d
0.6369097394386924,-0.17373768379065005,1,test,raw_2d
0.4406351914893283,1.050620479118351,0,test,raw_2d
0.6397452868036866,-0.1301036726721022,1,test,raw_2d
0.7454109153666437,0.6941167208421825,0,test,raw_2d
1.0002691788773201,-0.030002528967565,0,test,raw_2d
0.38656775875444815,0.26123128464708495,0,test,raw_2d
1.558444408640789,0.786755500040017,1,test,raw_2d
-0.11748828466968797,0.7294848114540262,0,test,raw_2d
-0.6635260036090801,0.6728334989978055,0,test,raw_2d
0.9773615461780949,-0.313203041963467,0,test,raw_2d
2.0456291524655987,-0.41782727815330917,1,test,raw_2d
1.0883471533169722,-0.609324593832963,1,test,raw_2d
0.4302874946673054,-0.9271913551500238,1,test,raw_2d
-0.5027482576296052,0.8362950938063768,0,test,raw_2d
-1.2741623274570582,-0.030555563831784482,0,test,raw_2d
-0.9129083958466937,0.7132256084108733,0,test,raw_2d
-0.4899602207224647,0.7079377565885769,0,test,raw_2d
-0.3529659963500716,0.8413650271383708,0,test,raw_2d
0.8139121140427273,0.6262602950830488,0,test,raw_2d
-0.4593535013820274,0.80946089094722,0,test,raw_2d
-0.07798867689365999,0.05680095721439174,1,test,raw_2d
-0.5748649680116629,0.5731592343321738,0,test,raw_2d
-1.0591370714391661,0.09247762431124103,0,test,raw_2d
1.01873323346058,0.7967640204499606,0,test,raw_2d
0.7112587672737034,-0.6217357293479595,1,test,raw_2d
-0.7920707618825608,0.6316119568619857,0,test,raw_2d
-0.9199019225794637,0.982871070257359,0,test,raw_2d
-0.41454082758589345,0.2902103377437587,0,test,raw_2d
0.3038555305907156,0.2628078939016879,0,test,raw_2d
-0.14962036294770376,0.9016441332153123,0,test,raw_2d
-0.16794479094011416,0.5948047453162566,0,test,raw_2d
0.5615200046003728,0.528236236016739,0,test,raw_2d
1.5499023177530749,0.21410369241381527,1,test,raw_2d
-1.138255790507085,0.3006560141549277,0,test,raw_2d
-0.24172785916218684,0.6847914312338972,0,test,raw_2d
0.5917101054474567,0.22370279145359562,1,test,raw_2d
1.2977754044284633,-0.816165713977125,1,test,raw_2d
1.5007432078166603,-0.18102934895302988,1,test,raw_2d
1.0626697016081081,0.3581764904632211,0,test,raw_2d
1.0873664391228348,-1.0686027147645385,1,test,raw_2d
-1.0182014932645038,0.4136408047928937,0,test,raw_2d
1.5206245952754438,-0.12234322786840457,1,test,raw_2d
1.615978062958291,-0.2534444666598714,1,test,raw_2d
1.2987773648094927,-0.027066697860783084,1,test,raw_2d
-0.09761767043796368,1.1421080706211486,0,test,raw_2d
1.9002871524536868,0.7242575699580596,1,test,raw_2d
-0.5972319180808632,0.49325792352891706,1,test,raw_2d
0.6750318211831557,0.18181437005523676,1,test,raw_2d
-0.2593523136478825,0.5166505015088787,0,test,raw_2d
0.09583282910279645,1.0272595442635506,0,test,raw_2d
0.5443196787201208,-0.43776330911063627,1,test,raw_2d
-0.2249184443755725,0.6498275938526221,0,test,raw_2d
0.1831996596689329,1.37121696718217,0,test,raw_2d
1.2912649141769,0.32417074340064406,1,test,raw_2d
-0.9812657947551685,0.6946188433547843,0,test,raw_2d
0.2732162162965078,0.8441234546855552,0,test,raw_2d
-0.03914858487076379,-0.10512248623608367,1,test,raw_2d
-0.979871943006976,0.1697083470744805,0,test,raw_2d
0.03642348924709702,0.36064117227852044,1,test,raw_2d
-0.9459890978063954,0.7212786688984721,0,test,raw_2d
1.2735888916422995,0.025055480916784667,0,test,raw_2d
1.009767408030112,0.7799824484543137,0,test,raw_2d
2.01278429788942,0.2275962810802779,1,test,raw_2d
1.8983097855308892,-0.14701972388628484,1,test,raw_2d
-0.10028654230752158,1.5265150513925818,0,test,raw_2d
-0.1391800786834717,0.283122584891612,1,test,raw_2d
-0.6964792886662508,0.37898152067937807,0,test,raw_2d
0.7747264115440586,0.6614230078158716,0,test,raw_2d
0.7797504888410403,-0.17893766551221252,1,test,raw_2d
1.676099888161531,-0.21121079333055054,1,test,raw_2d
1.6508336322389028,-0.7124651904705396,1,test,raw_2d
0.30692743827600955,-0.31161686768380115,1,test,raw_2d
1.0729912953955942,-0.3376592363499318,1,test,raw_2d
1.9276547105140154,-0.5115271178978772,1,test,raw_2d
