id,language,dataset,langpair,category,source,reference,candidate,notes
mt0001,Spanish,wmt13,en-es,exact_match,"The new restrictions disproportionately affect young people, minorities and people with low incomes.","Con lo cual, las nuevas restricciones afectan de manera desproporcionada a los jóvenes, las minorías y las personas con ingresos bajos.","Con lo cual, las nuevas restricciones afectan de manera desproporcionada a los jóvenes, las minorías y las personas con ingresos bajos.",wmt13 sampled official pair with exact_match
mt0002,Spanish,wmt13,en-es,punctuation_drop,"These represented only 11% of voters, but 24% of citizens who voted early.","Estos no representan más que un 11% de los electores, lo que equivale a un 24% de los ciudadanos que votan por adelantado.",Estos no representan más que un 11 de los electores lo que equivale a un 24 de los ciudadanos que votan por adelantado,wmt13 sampled official pair with punctuation_drop
mt0003,Spanish,wmt13,en-es,partial_truncation,"Unfortunately, there is no miracle recipe for preventing cancer.","Desafortunadamente, no existe una receta milagrosa para prevenir el cáncer.","Desafortunadamente, no existe una receta milagrosa para prevenir",wmt13 sampled official pair with partial_truncation
mt0004,Spanish,wmt13,en-es,middle_deletion,Some are also completely unexplained.,Muchos otros siguen siendo totalmente inexplicables.,Muchos otros siguen totalmente inexplicables.,wmt13 sampled official pair with middle_deletion
mt0005,Spanish,wmt13,en-es,local_reordering,"Encouraging data: 10 years after giving up smoking, the risk of dying from cancer drops by half.","Un dato esperanzador: 10 años después de dejar de fumar, el riesgo de morir de cáncer se reduce a la mitad.","Un dato esperanzador: 10 años después de dejar de el fumar, riesgo de morir de cáncer se reduce a la mitad.",wmt13 sampled official pair with local_reordering
mt0006,Spanish,wmt13,en-es,source_leakage,"But let's suppose that it really is the Higgs, since the chances of being mistaken seem slim, and see what it is.","De todas maneras, suponemos que se trata de Higgs, ya que las posibilidades de equivocarse parecen pocas. Veremos de qué se trata.","De todas maneras, suponemos que se trata de Higgs, ya que las posibilidades de equivocarse parecen pocas. Veremos de qué se trata. But let's",wmt13 sampled official pair with source_leakage
mt0007,Spanish,wmt13,en-es,fragment_duplication,Dr Martel believes that 90% of patients asking to die thank care-givers for not having acceded to their request after they have been relieved of their pain by a palliative care team.,La Dra. Martel cree que un 90% de los enfermos que solicitan morir agradecen a sus cuidadores que no les hayan atendido en sus demandas una vez se les ha aliviado su dolor gracias a un equipo de cuidados paliativos.,La Dra. Martel cree que un 90% de los enfermos que solicitan morir agradecen a sus cuidadores que no les hayan hayan atendido en sus demandas una vez se les ha aliviado su dolor gracias a un equipo de cuidados paliativos.,wmt13 sampled official pair with fragment_duplication
mt0008,Spanish,wmt13,en-es,exact_match,"At the very end of life, physicians then often resort to palliative sedation, which is equivalent to putting the patient to sleep until the time of death, either sporadically or permanently.","Al final de la vida, los médicos suelen recurrir a la sedación paliativa, que sirve para dormir al paciente hasta el momento de su defunción, ya sea de forma esporádica o de forma permanente.","Al final de la vida, los médicos suelen recurrir a la sedación paliativa, que sirve para dormir al paciente hasta el momento de su defunción, ya sea de forma esporádica o de forma permanente.",wmt13 sampled official pair with exact_match
mt0009,Spanish,wmt13,en-es,punctuation_drop,We can no longer pretend not to understand this part of their suffering.,No podemos fingir que no entendemos esa parte del sufrimiento.,No podemos fingir que no entendemos esa parte del sufrimiento,wmt13 sampled official pair with punctuation_drop
mt0010,Spanish,wmt13,en-es,partial_truncation,"Increasingly, an unrelieved patient will have the option of having such palliative sedation.","Cada vez más, la enfermedad no aliviada va a tener la posibilidad de tener esa sedación paliativa.","Cada vez más, la enfermedad no aliviada va a tener la posibilidad de",wmt13 sampled official pair with partial_truncation
mt0011,Spanish,wmt13,en-es,middle_deletion,Widespread real estate scandals in Quebec,Escándalos inmobiliarios de gran amplitud en Quebec,Escándalos inmobiliarios de amplitud en Quebec,wmt13 sampled official pair with middle_deletion
mt0012,Spanish,wmt13,en-es,local_reordering,"Plus the ""Marteau squad"" policemen who, since 2009, have apparently led the Montreal ""sewer cartel"" to soft pedal on the inflation of contracts...","Esta unidad funciona además de los policías de ""la escuadra Marteau"", que, desde 2009, han hecho que el ""cártel del alcantarillado"" de Montreal se modere a la hora de inflar contratos.","Esta unidad funciona además de los policías de ""la escuadra Marteau"", que, desde 2009, hecho han que el ""cártel del alcantarillado"" de Montreal se modere a la hora de inflar contratos.",wmt13 sampled official pair with local_reordering
mt0013,Spanish,wmt13,en-es,source_leakage,70% dirty money in election campaigns,El 70% del dinero de las campañas electorales era dinero sucio,El 70% del dinero de las campañas electorales era dinero sucio 70% dirty,wmt13 sampled official pair with source_leakage
mt0014,Spanish,wmt13,en-es,fragment_duplication,Every day I'm making progress alongside them.,Avanzo de día en día a su lado.,Avanzo de día en día día a su lado.,wmt13 sampled official pair with fragment_duplication
mt0015,Spanish,wmt13,en-es,exact_match,They also know that every training session is crucial.,Saben que cada entrenamiento es crucial.,Saben que cada entrenamiento es crucial.,wmt13 sampled official pair with exact_match
mt0016,Spanish,wmt13,en-es,punctuation_drop,"From now on, anything can happen.","A partir de ahora, puede pasar cualquier cosa.",A partir de ahora puede pasar cualquier cosa,wmt13 sampled official pair with punctuation_drop
mt0017,Spanish,wmt13,en-es,partial_truncation,You're never going to win 4-0 every weekend.,Jamás podremos ganar 4-0 todos los fines de semana.,Jamás podremos ganar 4-0 todos los fines,wmt13 sampled official pair with partial_truncation
mt0018,Spanish,wmt13,en-es,middle_deletion,I've learned the lessons from what happened in the Ukraine and I now owe it to myself to have exemplary behaviour.,Aprendimos la lección de lo que pasó en Ucrania y a ello se debe que hoy tengamos un comportamiento ejemplar.,Aprendimos la lección de lo que pasó en Ucrania y ello se debe que hoy tengamos un comportamiento ejemplar.,wmt13 sampled official pair with middle_deletion
mt0019,Spanish,wmt13,en-es,local_reordering,"With Bitcoin, pay and sell without banks","Con Bitcoin, pagar y vender sin bancos","Con Bitcoin, y pagar vender sin bancos",wmt13 sampled official pair with local_reordering
mt0020,Spanish,wmt13,en-es,source_leakage,The life of the network has had its ups and downs.,La vida de la red tiene ya sus altibajos.,La vida de la red tiene ya sus altibajos. The life,wmt13 sampled official pair with source_leakage
mt0021,Spanish,wmt13,en-es,fragment_duplication,Major players like Wikipedia refuse donations of this nature.,Los actores de peso como Wikipedia rechazan los pagos de este tipo.,Los actores de peso como Wikipedia rechazan rechazan los pagos de este tipo.,wmt13 sampled official pair with fragment_duplication
mt0022,Spanish,wmt13,en-es,exact_match,A new gamble for President Mohammed Morsi.,Es un nuevo doble o nada del presidente Mohammed Morsi.,Es un nuevo doble o nada del presidente Mohammed Morsi.,wmt13 sampled official pair with exact_match
mt0023,Spanish,wmt13,en-es,punctuation_drop,"While Egypt remains more divided than ever around the constitutional declaration, which temporarily grants him full powers, he has decided to go for broke.","Mientras que Egipto está más dividido que nunca en cuanto a la declaración constitucional, que le otorga provisionalmente poderes plenos, él decidió jugar el todo por el todo.",Mientras que Egipto está más dividido que nunca en cuanto a la declaración constitucional que le otorga provisionalmente poderes plenos él decidió jugar el todo por el todo,wmt13 sampled official pair with punctuation_drop
mt0024,Spanish,wmt13,en-es,partial_truncation,"According to Egypt specialist Sophie Pommier, this is worrying because ""the people called upon to advise are not elected and have no democratic legitimacy.","Según la especialista en Egipto Sophie Pommier, resulta inquietante porque ""la gente llamada a pronunciarse no es elegida y no tiene ninguna legitimidad democrática.","Según la especialista en Egipto Sophie Pommier, resulta inquietante porque ""la gente llamada a pronunciarse no es elegida",wmt13 sampled official pair with partial_truncation
mt0025,Spanish,wmt13,en-es,middle_deletion,"It is considered that all who enter this baptism ""bath"" are blessed by God.","Se cree que cualquiera que ingrese en esta ""pila bautismal"" recibirá la gracia divina.","Se cree que cualquiera que ingrese en ""pila bautismal"" recibirá la gracia divina.",wmt13 sampled official pair with middle_deletion
mt0026,Spanish,wmt13,en-es,local_reordering,The Museum of Art in Tel-Aviv is also interesting.,Vale la pena visitar el Museo de Arte en Tel Aviv.,Vale la pena visitar Museo el de Arte en Tel Aviv.,wmt13 sampled official pair with local_reordering
mt0027,Spanish,wmt13,en-es,source_leakage,"When you go to Israel, don't worry about your bad English knowledge: approximately 30% of the country's population speaks Russian.","Si viaja a Israel, no se preocupe si su inglés deja mucho que desear: en este país alrededor del 30% de la población habla ruso.","Si viaja a Israel, no se preocupe si su inglés deja mucho que desear: en este país alrededor del 30% de la población habla ruso. When you",wmt13 sampled official pair with source_leakage
mt0028,Spanish,wmt13,en-es,fragment_duplication,"In essence, it is an underground cable railway.","En realidad, es de un funicular subterráneo.","En realidad, es de de un funicular subterráneo.",wmt13 sampled official pair with fragment_duplication
mt0029,Spanish,wmt13,en-es,exact_match,"There is a wide selection of dishes from lamb and beef, soups and desserts cooked using coconut milk, traditional Jewish hummus paste, various sauces, falafel (balls made of ground chickpeas), fruits and vegetables.","Allí se ofrece una amplia selección de platos a base de carne de vaca y cordero, sopas y postres preparados con leche de coco, la tradicional crema hebrea llamada hummus, gran variedad de salsas, el faláfel, que son bolas de garbanzo molido, frutas y verduras.","Allí se ofrece una amplia selección de platos a base de carne de vaca y cordero, sopas y postres preparados con leche de coco, la tradicional crema hebrea llamada hummus, gran variedad de salsas, el faláfel, que son bolas de garbanzo molido, frutas y verduras.",wmt13 sampled official pair with exact_match
mt0030,Spanish,wmt13,en-es,punctuation_drop,Museum entrance costs 30 shekels on average.,Las entradas a los museos cuestan una media de 30 shéquels.,Las entradas a los museos cuestan una media de 30 shéquels,wmt13 sampled official pair with punctuation_drop
mt0031,Spanish,wmt13,en-es,partial_truncation,"""You feel humiliated and inferior.""","""Uno se siente humillado e inferior"".","""Uno se siente humillado",wmt13 sampled official pair with partial_truncation
mt0032,Spanish,wmt13,en-es,middle_deletion,But human rights activists note one important point about the law on language.,"Sin embargo, en lo que se refiere a la ley sobre la lengua, los defensores de los derechos señalan un punto importante.","Sin embargo, en lo que se refiere a la ley sobre lengua, los defensores de los derechos señalan un punto importante.",wmt13 sampled official pair with middle_deletion
mt0033,Spanish,wmt13,en-es,local_reordering,"""There are proven theories that some of the fires were intentional, in order to cover the shortage,"" says the former military man.","""Existen versiones demostradas de que algunos incendios fueron provocados premeditadamente para cubrir la falta"", comenta un exmilitar.","""Existen versiones demostradas de que algunos incendios provocados fueron premeditadamente para cubrir la falta"", comenta un exmilitar.",wmt13 sampled official pair with local_reordering
mt0034,Spanish,wmt13,en-es,source_leakage,No documents or personal meetings are needed.,Para esto no se requiere ningún documento ni encuentros personales.,Para esto no se requiere ningún documento ni encuentros personales. No documents,wmt13 sampled official pair with source_leakage
mt0035,Spanish,wmt13,en-es,fragment_duplication,Makarov for 100 dollars,Makarov por 100 dólares,Makarov por 100 100 dólares,wmt13 sampled official pair with fragment_duplication
mt0036,Spanish,wmt13,en-es,exact_match,"Jumaane Williams, member of the City Council of New York","Jumaane Williams, miembro del Consejo Municipal de Nueva York","Jumaane Williams, miembro del Consejo Municipal de Nueva York",wmt13 sampled official pair with exact_match
mt0037,Spanish,wmt13,en-es,punctuation_drop,"Above all, get rid of these stupid virtual reality helmets!","En primer lugar, ¡al diablo con esos tontos cascos de realidad virtual!",En primer lugar ¡al diablo con esos tontos cascos de realidad virtual,wmt13 sampled official pair with punctuation_drop
mt0038,Spanish,wmt13,en-es,partial_truncation,- Usually I just say.,- Normalmente yo sólo hablo.,- Normalmente yo sólo,wmt13 sampled official pair with partial_truncation
mt0039,Spanish,wmt13,en-es,middle_deletion,"I think in the near future, we will mainly work on developing new sensors that will enable more precise determination of a person's reaction.",Creo que en un futuro próximo vamos a tener que trabajar principalmente en el diseño de nuevos tipos de sensores que puedan determinar con precisión las reacciones de la persona.,Creo que en un futuro próximo vamos a tener que trabajar principalmente en el diseño nuevos tipos de sensores que puedan determinar con precisión las reacciones de la persona.,wmt13 sampled official pair with middle_deletion
mt0040,Spanish,wmt13,en-es,local_reordering,"From the latter point of view, all current technologies are not good enough for us - this adds work to the algorithm designers.","Desde este último punto de vista, todas las tecnologías actuales no son lo suficientemente buenas para nosotros; esto da más trabajo a los diseñadores de algoritmos.","Desde este último punto de vista, todas las tecnologías actuales no son suficientemente lo buenas para nosotros; esto da más trabajo a los diseñadores de algoritmos.",wmt13 sampled official pair with local_reordering
mt0041,Spanish,wmt13,en-es,source_leakage,But my provocations are aimed at starting conversation.,Pero mis provocaciones están dirigidas a que se inicie una conversación.,Pero mis provocaciones están dirigidas a que se inicie una conversación. But my,wmt13 sampled official pair with source_leakage
mt0042,Spanish,wmt13,en-es,fragment_duplication,"In 1995, I occupied the territory on Pushkinskaya-10, and while the renovation work had not started, there was a musical and creative club, a Bohemian club, the house of the St. Petersburg Bohemia.","En 1995, ocupé un territorio en Pushkinskaya-10 y allí, mientras no había reformas, existió un club artístico musical, un club bohemio, la casa de la bohemia de San Petersburgo.","En 1995, ocupé un territorio en Pushkinskaya-10 y allí, mientras no había reformas, existió un un club artístico musical, un club bohemio, la casa de la bohemia de San Petersburgo.",wmt13 sampled official pair with fragment_duplication
mt0043,Spanish,wmt13,en-es,exact_match,"Gallery D 137, Griboyedov club - all these echo the Art-clinic.","Galería ""D 137"", el ""Club Griboyedov, son los restos de la Clínica del Arte.","Galería ""D 137"", el ""Club Griboyedov, son los restos de la Clínica del Arte.",wmt13 sampled official pair with exact_match
mt0044,Spanish,wmt13,en-es,punctuation_drop,"""What's more, it is dangerous even for orbital flights,"" adds pilot and cosmonaut, Hero of the USSR, Hero of Russia, Valery Poliakov.","""Y si se puede decir más, es peligroso incluso en vuelos orbitales"", resume el piloto cosmonauta, héroe de la Unión Soviética, héroe de Rusia, Valery Polyakov.",Y si se puede decir más es peligroso incluso en vuelos orbitales resume el piloto cosmonauta héroe de la Unión Soviética héroe de Rusia Valery Polyakov,wmt13 sampled official pair with punctuation_drop
mt0045,Spanish,wmt13,en-es,partial_truncation,"The system might become overloaded with the amount of paperwork, and those, who wish to look for loopholes in it, will be able to take advantage far more easily than if the limits had remained higher.","Quizás porque el sistema está saturado con tanto ""papeleo"", que aquellos que quieren buscar fallos en el sistema podrán hacerlo más fácilmente que si los límites se mantuvieran tan altos como ahora.","Quizás porque el sistema está saturado con tanto ""papeleo"", que aquellos que quieren buscar fallos en el sistema podrán hacerlo más fácilmente que si",wmt13 sampled official pair with partial_truncation
mt0046,Spanish,wmt13,en-es,middle_deletion,These are domestic problems about the practical implementation of legislation relating to public contracts.,Ud. habla de los problemas de nuestro país con la transferencia de la legislación que regula la prácticaa de las adjudicaciones públicas.,Ud. habla de los problemas de nuestro país con la transferencia la legislación que regula la prácticaa de las adjudicaciones públicas.,wmt13 sampled official pair with middle_deletion
mt0047,Spanish,wmt13,en-es,local_reordering,"The BRH can only audit federal money, known to us as state funds.","El Tribunal Federal de Cuentas (BRH) sólo puede controlar el dinero federal, lo que aquí llamamos fondos estatales.","El Tribunal Federal de Cuentas (BRH) sólo puede el controlar dinero federal, lo que aquí llamamos fondos estatales.",wmt13 sampled official pair with local_reordering
mt0048,Spanish,wmt13,en-es,source_leakage,"When it comes to their legislation, is it more straightforward than ours?","En cuanto a la legislación local, ¿es más sencilla que la nuestra?","En cuanto a la legislación local, ¿es más sencilla que la nuestra? When it",wmt13 sampled official pair with source_leakage
mt0049,Spanish,wmt13,en-es,fragment_duplication,"That is certainly not true, but again, I prefer not to make such comparisons.","Eso seguro que no, pero, repito, no me gusta hacer este tipo de comparaciones.","Eso seguro que no, pero, repito, no me me gusta hacer este tipo de comparaciones.",wmt13 sampled official pair with fragment_duplication
mt0050,Spanish,wmt13,en-es,exact_match,"The period since the amendment came into force has been quite short, so it has not manifested itself in our audit work yet.","Teniendo en cuenta que el período de validez de esta enmienda es relativamente corto, aún no se ha manifestado en las actuaciones de control.","Teniendo en cuenta que el período de validez de esta enmienda es relativamente corto, aún no se ha manifestado en las actuaciones de control.",wmt13 sampled official pair with exact_match
mt0051,Spanish,wmt13,en-es,punctuation_drop,"In the Carlsbad region, the roads have been usable this morning, though in some places they were icy and snowy.","Hoy por la mañana las carreteras en la región de Karlovy Vary eran transitables, pero presentaban placas de hielo y de nieve.",Hoy por la mañana las carreteras en la región de Karlovy Vary eran transitables pero presentaban placas de hielo y de nieve,wmt13 sampled official pair with punctuation_drop
mt0052,Spanish,wmt13,en-es,partial_truncation,"Their Jesenik counterparts also made an outing overnight; the roads all the way to the highest altitudes are now clear and wet following the chemical treatment, according to them.","Sobre el terreno y de noche acudieron a la Jesenická también sus colegas y, después del tratamiento químico, las pistas de las zonas más altas están ahora despejadas y mojadas.","Sobre el terreno y de noche acudieron a la Jesenická también sus colegas y, después del tratamiento químico, las pistas de las",wmt13 sampled official pair with partial_truncation
mt0053,Spanish,wmt13,en-es,middle_deletion,"Initially it was probably my idea, later we worked all the details out with our designer, Honza Augusta.","Inicialmente fue idea mía, después fuimos forjando el proyecto todos juntos con nuestro diseñador Honza Augusta.","Inicialmente fue idea mía, después fuimos forjando el todos juntos con nuestro diseñador Honza Augusta.",wmt13 sampled official pair with middle_deletion
mt0054,Spanish,wmt13,en-es,local_reordering,It turns out that most of them are interested and enjoy working with us.,Se ha demostrado que a la mayoría de ellos les interesa y les divierte trabajar con nosotros.,Se ha demostrado que a la mayoría ellos de les interesa y les divierte trabajar con nosotros.,wmt13 sampled official pair with local_reordering
mt0055,Spanish,wmt13,en-es,source_leakage,"Are you planning any more ""bombastic events"" in the future?","¿Tenéis prevista alguna otra ""acción espectacular"" similar en el futuro?","¿Tenéis prevista alguna otra ""acción espectacular"" similar en el futuro? Are you",wmt13 sampled official pair with source_leakage
mt0056,Spanish,wmt13,en-es,fragment_duplication,"Only one, Ladya Angelovic.",Sólo uno: Láďa Angelovič.,Sólo uno: Láďa Láďa Angelovič.,wmt13 sampled official pair with fragment_duplication
mt0057,Spanish,wmt13,en-es,exact_match,Last week the Constitutional Court abolished the law on public works.,La semana pasada el juzgado constitucional suspendió la ley traabajos sociales.,La semana pasada el juzgado constitucional suspendió la ley traabajos sociales.,wmt13 sampled official pair with exact_match
mt0058,Spanish,wmt13,en-es,punctuation_drop,"On this basis, it should be understood that when a supplier tries to compete in a commercial tender by importing cheap goods, ""the rug is pulled"" from under the competition's prices to capture a greater market share and, in this way, increase its own profits.","Bajo este concepto es necesario entender la situación en la que el fabricante, con la importación de mercancías baratas, intenta acortar distancias y para ello ""provoca una bajadda"" del precio del competidor con el objetivo de hacerse con la mayor parte del mercado y, de este modo, aumentar su margen de beneficios.",Bajo este concepto es necesario entender la situación en la que el fabricante con la importación de mercancías baratas intenta acortar distancias y para ello provoca una bajadda del precio del competidor con el objetivo de hacerse con la mayor parte del mercado y de este modo aumentar su margen de beneficios,wmt13 sampled official pair with punctuation_drop
mt0059,Spanish,wmt13,en-es,partial_truncation,This yields growing poverty and an increasing void between the poor and the rich.,El resultado es una pobreza creciente junto con el aumento de las diferencias entre pobres y ricos.,El resultado es una pobreza creciente junto con el aumento de las diferencias,wmt13 sampled official pair with partial_truncation
mt0060,Spanish,wmt13,en-es,middle_deletion,"If it is to come from other EU states, then poverty is being shifted from one country to another, or it will not come at all, because Chinese, Indian, Brazilian, Turkish, Moroccan, Egyptian, and African labour is still at a fraction of European wages.","En el caso de que se trate de otros países de la UE, entonces la pobreza pasa de un país a otro o no llega nunca, puesto que chinos, indios, brasileños, turcos, marroquíes, egipcios o africanos siguen trabajando por una ínfima parte de un salario europeo.","En el caso de que se trate de otros países de la UE, entonces la pobreza pasa de un país a otro o llega nunca, puesto que chinos, indios, brasileños, turcos, marroquíes, egipcios o africanos siguen trabajando por una ínfima parte de un salario europeo.",wmt13 sampled official pair with middle_deletion
mt0061,Spanish,wmt13,en-es,local_reordering,"Liberal theory and the Media incessantly claim that the State may not participate with capital in its own economy, and that a controlled economy leads to economic ruin.","Las teorías liberales y los medios de comunicación afirman hasta la saciedad que el estado no debería aportar capital a la economía, que dirigir la economía conduce a su fracaso.","Las teorías liberales y los medios de comunicación afirman hasta la saciedad que el no estado debería aportar capital a la economía, que dirigir la economía conduce a su fracaso.",wmt13 sampled official pair with local_reordering
mt0062,Spanish,wmt13,en-es,source_leakage,"It is clear that liberally-orientated democracies will now quickly reach a situation, as is described by Appian in his work on the Roman Republic Crisis in the time of Cesar and Pompei: ""The State was already long in complete degeneration and its offices taken by force.","Es obvio que las democracias con una orientación liberal se encuentren rápidamente en una situación cómo la que describe Appiános en su obra La crisis de la república romana en tiempos de César y Pompeya: ""El estado llevaba tiempo desintegrándose y las administraciones se ocupaban a la fuerza"".","Es obvio que las democracias con una orientación liberal se encuentren rápidamente en una situación cómo la que describe Appiános en su obra La crisis de la república romana en tiempos de César y Pompeya: ""El estado llevaba tiempo desintegrándose y las administraciones se ocupaban a la fuerza"". It is",wmt13 sampled official pair with source_leakage
mt0063,Spanish,wmt13,en-es,fragment_duplication,"""If my sons did not want war, there would be none,"" said the dying Gutle Schnapper, wife of Mayer Amschel Rothschild in 1849.","""Si mis hijos no quisieran guerras, no habría ninguna"" Gutele Schnaper, esposa de Mayer Amschel Rothschild, en su lecho de muerte en el año 1849.","""Si mis hijos no quisieran guerras, no habría ninguna"" Gutele Schnaper, esposa de de Mayer Amschel Rothschild, en su lecho de muerte en el año 1849.",wmt13 sampled official pair with fragment_duplication
mt0064,Spanish,wmt13,en-es,exact_match,"Some stand by Israel, arguing it has the right to self-defence, and Palestinians are portrayed as terrorists, while others support the Palestinians, claiming racism by the Israeli state, claiming that genocide is being committed against Palestinian Arabs, and that Israel is a terrorist state.","Una, del lado de Israel, argumenta a favor del derecho de autodefensa y encasilla a los palestinos en el rol de terroristas. La otra apoya a los palestinos y alega racismo por parte del estado de Israel, genocidio perpetrado contra árabes palestinos y tacha a Israel de estado terrorista.","Una, del lado de Israel, argumenta a favor del derecho de autodefensa y encasilla a los palestinos en el rol de terroristas. La otra apoya a los palestinos y alega racismo por parte del estado de Israel, genocidio perpetrado contra árabes palestinos y tacha a Israel de estado terrorista.",wmt13 sampled official pair with exact_match
mt0065,Spanish,wmt13,en-es,punctuation_drop,"What is not quite so apparent is whether these were the people, who had chosen their path independently, or whether behind their throne stood someone who directed their actions towards a pre-calculated goal.",Pero lo que ya no es tan evidente es si siempre fueron estos personajes los que dirigían sus pasos de manera autónoma o si detrás de su trono había alguien que orientaba sus acciones hacia un determinado objetivo.,Pero lo que ya no es tan evidente es si siempre fueron estos personajes los que dirigían sus pasos de manera autónoma o si detrás de su trono había alguien que orientaba sus acciones hacia un determinado objetivo,wmt13 sampled official pair with punctuation_drop
mt0066,Spanish,wmt13,en-es,partial_truncation,"They hold majority stakes in almost every central bank in the world, and against the countries, where they do not hold a stake, they are either waging or preparing for war (before the assault on Afghanistan it was 7 countries, after Iraq it was 5, after the overthrow of Kaddafi 4 remained, but in the meantime Russia submitted its central bank to the Russian Government).","Tienen participaciones importantes en casi todos los bancos centrales del mundo y en aquellos países en los que no están representados, se ha declarado o se está preparando una guerra: antes del ataque a Afganistán eran 7 países, después del ataque de Irak eran 5, después de derrocar a Gadafi sólo quedaban cuatro, pero entretanto Rusia ha supeditado el banco central al gobierno ruso.","Tienen participaciones importantes en casi todos los bancos centrales del mundo y en aquellos países en los que no están representados, se ha declarado o se está preparando una guerra: antes del ataque a Afganistán eran 7 países, después del ataque de Irak eran 5, después de derrocar",wmt13 sampled official pair with partial_truncation
mt0067,Spanish,wmt13,en-es,middle_deletion,"Then there are scenes from the CIA headquarters and other agencies - men in suits debating the situation around meeting tables, in office corridors, over the phone...","Y además, escenas de la central de la CIA y otras instituciones: hombres trajeados que analizan la situación en la mesa de negociaciones, en los pasillos de la oficina, por teléfono...","Y además, escenas de la central de la CIA y otras instituciones: hombres trajeados que la situación en la mesa de negociaciones, en los pasillos de la oficina, por teléfono...",wmt13 sampled official pair with middle_deletion
mt0068,Spanish,wmt13,en-es,local_reordering,"The atmospheric feel in different locations is one of the characteristics, which took his earlier films above Hollywood standards.","Asimismo, la sensibilidad de captar la atmósfera del lugar era una característica que situaba a los directores de películas antiguas por encima de estándares de Hollywood.","Asimismo, la sensibilidad de captar la atmósfera del lugar era una característica situaba que a los directores de películas antiguas por encima de estándares de Hollywood.",wmt13 sampled official pair with local_reordering
mt0069,Spanish,wmt13,en-es,source_leakage,"Rules for blowing up balloons, for bananas and a circus","Reglas para el inflado de globos, bananas y circo","Reglas para el inflado de globos, bananas y circo Rules for",wmt13 sampled official pair with source_leakage
mt0070,Spanish,wmt13,en-es,fragment_duplication,"""Other unbelievable ideas from the EU can be nominated by anyone until the end of the year.","""Otras ideas increíbles del taller de la UE pueden ser propuestas por la gente hasta finales de este año"".","""Otras ideas increíbles del taller de la UE pueden ser ser propuestas por la gente hasta finales de este año"".",wmt13 sampled official pair with fragment_duplication
mt0071,Spanish,wmt13,en-es,exact_match,"The trouble is not just that as a nation we swear in the pub or at the television, but that we trample anyone, who wants to try to change things.","El problema no es solo que seamos una nación que criticamos en el bar o delante de la televisión, sino que pisoteamos a cualquiera que quiera iniciar un cambio.","El problema no es solo que seamos una nación que criticamos en el bar o delante de la televisión, sino que pisoteamos a cualquiera que quiera iniciar un cambio.",wmt13 sampled official pair with exact_match
mt0072,Spanish,wmt13,en-es,punctuation_drop,"The Media add to this, misleading the public, and mistaking freedom of speech with freedom to lie.","A esto se le suman los medios de comunicación, que te desprestigian y confunden la libertad de expresión con la libertad de mentir.",A esto se le suman los medios de comunicación que te desprestigian y confunden la libertad de expresión con la libertad de mentir,wmt13 sampled official pair with punctuation_drop
mt0073,Spanish,wmt13,en-es,partial_truncation,"If I were elected president, it would not be a problem to arrange a live television broadcast, where I ask the leaders of the parliamentary parties to pass a law on material and criminal responsibility for politicians, civil servants, judges, and the Attorney General.","Si fuera elegido presidente, no habría problema en organizar una retransmisión en directo por televisión en la cual pediría a los líderes de los partidos parlamentarios que legitimaran la responsabilidad penal y financiera para políticos, funcionarios, jueces y fiscales del estado.","Si fuera elegido presidente, no habría problema en organizar una retransmisión en directo por televisión en la cual pediría a los líderes de los partidos parlamentarios que legitimaran la responsabilidad penal",wmt13 sampled official pair with partial_truncation
mt0074,Spanish,wmt13,en-es,middle_deletion,You have no money?,¿No tiene dinero?,¿No dinero?,wmt13 sampled official pair with middle_deletion
mt0075,Spanish,wmt13,en-es,local_reordering,"Two hundred to 400 thousand, which I still do.","Entre 200.000 y 400.000, que sigo ganando.","Entre 200.000 400.000, y que sigo ganando.",wmt13 sampled official pair with local_reordering
mt0076,Spanish,wmt13,en-es,source_leakage,The urban ambiance is perfect.,El ambiente urbano es perfecto.,El ambiente urbano es perfecto. The urban,wmt13 sampled official pair with source_leakage
mt0077,Spanish,wmt13,en-es,fragment_duplication,"For many years, millimetre-thick artificial fabric has been used in greenhouses and fields in the Netherlands as a base layer.","Desde hace muchos años, en los invernaderos y en los campos de los Países Bajos se utiliza un tejido plástico de escasos milímetros de espesor como base para sujetar las raíces de los cultivos.","Desde hace muchos años, en los invernaderos y en los campos de los Países Bajos se utiliza un un tejido plástico de escasos milímetros de espesor como base para sujetar las raíces de los cultivos.",wmt13 sampled official pair with fragment_duplication
mt0078,Spanish,wmt13,en-es,exact_match,"At the same time, however, I do not believe that it supports the American position either.",Pero al mismo tiempo creo que tampoco respalda la postura norteamericana.,Pero al mismo tiempo creo que tampoco respalda la postura norteamericana.,wmt13 sampled official pair with exact_match
mt0079,Spanish,wmt13,en-es,punctuation_drop,"Due to the American domestic policy, these differences have always existed.",Siempre han existido estas disparidades debido a la política interior estadounidense.,Siempre han existido estas disparidades debido a la política interior estadounidense,wmt13 sampled official pair with punctuation_drop
mt0080,Spanish,wmt13,en-es,partial_truncation,In the major cities there are multi-level department stores that sell counterfeit goods almost exclusively.,En las grandes ciudades existen grandes almacenes de varias plantas dedicados exclusivamente a la venta de falsificaciones.,En las grandes ciudades existen grandes almacenes de varias plantas dedicados exclusivamente a,wmt13 sampled official pair with partial_truncation
mt0081,Spanish,wmt13,en-es,middle_deletion,"""This harms business and we must fight against it,"" challenges Pattloch.","""Es perjudicial para el negocio, hay que luchar contra ello"", exige Pattloch.","""Es perjudicial para el negocio, hay luchar contra ello"", exige Pattloch.",wmt13 sampled official pair with middle_deletion
mt0082,Spanish,wmt13,en-es,local_reordering,"According to information from market research company CLSA, with a volume of 15 billion euros annually, China is the third largest market for luxury items, and the fastest growing.","Según datos de la empresa de análisis de mercado CLSA, con un volumen de 15.000 millones de euros al año China es, en tamaño, el tercer mercado de artículos de lujo y el que crece a mayor ritmo.","Según datos de la empresa de análisis de mercado CLSA, con un volumen de 15.000 millones de euros año al China es, en tamaño, el tercer mercado de artículos de lujo y el que crece a mayor ritmo.",wmt13 sampled official pair with local_reordering
mt0083,Spanish,wmt13,en-es,source_leakage,"In 2009, Daimler lost a legal battle with the construction machinery manufacturer Sany, the company that recently acquired German concrete pump manufacturer Putzmeister.","En 2009 Daimler-Benz perdió un pleito contra el fabricante de maquinaria de construcción Sany, la empresa que ha sido absorbida hace poco por el fabricante alemán de bombas de hormigón Putzmeister.","En 2009 Daimler-Benz perdió un pleito contra el fabricante de maquinaria de construcción Sany, la empresa que ha sido absorbida hace poco por el fabricante alemán de bombas de hormigón Putzmeister. In 2009,",wmt13 sampled official pair with source_leakage
mt0084,Spanish,wmt13,en-es,fragment_duplication,"This is a record and means that China, for the tenth time in succession, is the global leader when it comes to new trademark applications, informed the authority.","Se trataría de un nuevo récord y significa que China lidera por décimo año consecutivo la lista de nuevas inscripciones en todo el mundo, según señala la oficina de marcas.","Se trataría de un nuevo récord y significa que China lidera por décimo año consecutivo la la lista de nuevas inscripciones en todo el mundo, según señala la oficina de marcas.",wmt13 sampled official pair with fragment_duplication
mt0085,Spanish,wmt13,en-es,exact_match,"For more than seven years, the group has been contesting against a Chinese plagiarist.",Desde hace más de siete años el grupo pelea en los tribunales contra un imitador chino.,Desde hace más de siete años el grupo pelea en los tribunales contra un imitador chino.,wmt13 sampled official pair with exact_match
mt0086,Spanish,wmt13,en-es,punctuation_drop,Both he and Pattloch advise companies to be very careful when conducting business with China.,Tanto él como el abogado Pattloch recomiendan a las empresas alemanas que sean sumamente prudentes a la hora de hacer negocios con China.,Tanto él como el abogado Pattloch recomiendan a las empresas alemanas que sean sumamente prudentes a la hora de hacer negocios con China,wmt13 sampled official pair with punctuation_drop
mt0087,Spanish,wmt13,en-es,partial_truncation,The Voices for Africa Association has found sponsors in Germany for 180 AIDS orphans in the village of Esitjeni.,La asociación Voices for Africa ha encontrado en Alemania padrinos para los 180 huérfanos del SIDA del pueblo de Esitjeni.,La asociación Voices for Africa ha encontrado en Alemania padrinos para los 180 huérfanos del,wmt13 sampled official pair with partial_truncation
mt0088,Spanish,wmt13,en-es,middle_deletion,"For 15 or 20 euros per month, you can become a sponsor.",Por 15 o 20 euros al mes se puede apadrinar a un niño.,Por 15 o 20 euros al se puede apadrinar a un niño.,wmt13 sampled official pair with middle_deletion
mt0089,Spanish,wmt13,en-es,local_reordering,This is actually strange for a country in which the king officially has 14 wives.,Algo extraño en un país en el que el rey tiene oficialmente 14 esposas.,Algo extraño en un país en que el el rey tiene oficialmente 14 esposas.,wmt13 sampled official pair with local_reordering
mt0090,Spanish,wmt13,en-es,source_leakage,"Or is it the traditional way of life that keeps the people young? In Cengemiran, a tiny settlement not far from the town of Lerik, lives Rubaba Mirzayeva.","¿O quizá sea la forma de vida natural la que mantiene a la gente joven? En Cengemiran, un pequeño asentamiento no lejos de la ciudad de Lerik vive Rubaba Mirzayeva.","¿O quizá sea la forma de vida natural la que mantiene a la gente joven? En Cengemiran, un pequeño asentamiento no lejos de la ciudad de Lerik vive Rubaba Mirzayeva. Or is",wmt13 sampled official pair with source_leakage
mt0091,Spanish,wmt13,en-es,fragment_duplication,The future constitution based on Sharia law is fiercely disputed.,"La futura constitución, con la sharia como base, resulta muy controvertida.","La futura constitución, con la sharia sharia como base, resulta muy controvertida.",wmt13 sampled official pair with fragment_duplication
mt0092,Spanish,wmt13,en-es,exact_match,The Egyptian President is not holding back his emotion.,El presidente egipcio no escatimó en patetismo.,El presidente egipcio no escatimó en patetismo.,wmt13 sampled official pair with exact_match
mt0093,Spanish,wmt13,en-es,punctuation_drop,"This is at least suggested by one newly added article: in all issues affecting Sharia law, the Al Ashar University must be consulted, the country's most important Islamic institution, which has great influence throughout the whole of Sunni Islam.","Esto es al menos lo que sugiere un nuevo artículo añadido: en todas las cuestiones relativas a la sharia es obligatorio consultar a la Universidad Al-Ashar, la institución islámica más importante del país con un gran poder en todo el islamismo suní.",Esto es al menos lo que sugiere un nuevo artículo añadido en todas las cuestiones relativas a la sharia es obligatorio consultar a la Universidad AlAshar la institución islámica más importante del país con un gran poder en todo el islamismo suní,wmt13 sampled official pair with punctuation_drop
mt0094,Spanish,wmt13,en-es,partial_truncation,"Is a caricature of the president sufficient, or a joke at the expense of a jurist?",¿Es suficiente una caricatura del presidente o un chiste sobre un letrado?,¿Es suficiente una caricatura del presidente o un chiste,wmt13 sampled official pair with partial_truncation
mt0095,Spanish,wmt13,en-es,middle_deletion,It is a certainty that there is a majority in favour of the Islamists' draft.,"En este sentido, parece que el borrador de los islamistas tiene garantizada la mayoría.","En este sentido, parece que el borrador los islamistas tiene garantizada la mayoría.",wmt13 sampled official pair with middle_deletion
mt0096,Spanish,wmt13,en-es,local_reordering,"On Saturday, Mexico's new president Enrique Pena Nieto will receive the presidential sash and take over the running of the nation.","El sábado, el nuevo presidente de México, Enrique Peña Nieto, recibirá la banda presidencial y asumirá la gestión de la nación.","El sábado, el nuevo presidente de México, Enrique Peña recibirá Nieto, la banda presidencial y asumirá la gestión de la nación.",wmt13 sampled official pair with local_reordering
mt0097,Spanish,wmt13,en-es,source_leakage,"He's an excellent statesman and, above all, he's someone who knows how to listen.","Es un fantástico hombre de estado y, por encima de todo, es una persona que sabe escuchar.""","Es un fantástico hombre de estado y, por encima de todo, es una persona que sabe escuchar."" He's an",wmt13 sampled official pair with source_leakage
mt0098,Spanish,wmt13,en-es,fragment_duplication,"Earlier this year, the military was called in to help tackle the drug gangs operating in the neighbourhoods, and violence against women is particularly acute.",A principios de este año se pidió la intervención de los militares para que ayudaran en la lucha contra las bandas de droga que operan en los barrios y la violencia contra las mujeres es especialmente grave.,A principios de este año se pidió la intervención de los militares para que ayudaran en la lucha contra contra las bandas de droga que operan en los barrios y la violencia contra las mujeres es especialmente grave.,wmt13 sampled official pair with fragment_duplication
mt0099,Spanish,wmt13,en-es,exact_match,The Pentagon has maintained that Manning was held in accordance with rules governing all maximum-custody detainees at Quantico.,El Pentágono ha sostenido que Manning fue retenido conforme a las normas de aplicación a todo detenido que se encuentre bajo máxima custodia en Quantico.,El Pentágono ha sostenido que Manning fue retenido conforme a las normas de aplicación a todo detenido que se encuentre bajo máxima custodia en Quantico.,wmt13 sampled official pair with exact_match
mt0100,Spanish,wmt13,en-es,punctuation_drop,"But, this was Mexico.",Pero esto era México.,Pero esto era México,wmt13 sampled official pair with punctuation_drop
mt0101,Spanish,wmt13,en-es,partial_truncation,"On the agenda, as usual, when the leaders of these two countries meet: immigration, drugs and trade.","En la agenda del día, como siempre que se reúnen los líderes de estos dos países, constaba: inmigración, drogas y comercio.","En la agenda del día, como siempre que se reúnen los líderes de estos dos países,",wmt13 sampled official pair with partial_truncation
mt0102,Spanish,wmt13,en-es,middle_deletion,"Our existence is, as they see it, all about failure.","A su modo de ver, nuestra existencia es sinónimo de fracaso.","A su modo de ver, existencia es sinónimo de fracaso.",wmt13 sampled official pair with middle_deletion
mt0103,Spanish,wmt13,en-es,local_reordering,"If our families hadn't failed in Mexico, they wouldn't have left.","Si nuestras familias no hubieran fracasado en México, no se hubieran ido.","Si nuestras familias no hubieran en fracasado México, no se hubieran ido.",wmt13 sampled official pair with local_reordering
mt0104,Spanish,wmt13,en-es,source_leakage,"I'm afraid you're on your own, amigos.","Me temo que os vais a quedar solos con esta idea, amigos.","Me temo que os vais a quedar solos con esta idea, amigos. I'm afraid",wmt13 sampled official pair with source_leakage
mt0105,Spanish,wmt13,en-es,fragment_duplication,Maybe this will make their struggle bloodier than before.,Quizás esto haga que su lucha sea aún más sangrienta que antes.,Quizás esto haga que su lucha sea sea aún más sangrienta que antes.,wmt13 sampled official pair with fragment_duplication
mt0106,Spanish,wmt13,en-es,exact_match,"However, there are reasons for thinking it could just break their lethal stalemate.","Sin embargo, existen razones para pensar que su letal situación de punto muerto podría desencallarse.","Sin embargo, existen razones para pensar que su letal situación de punto muerto podría desencallarse.",wmt13 sampled official pair with exact_match
mt0107,Spanish,wmt13,en-es,punctuation_drop,"As Islamists across the Arab world have gained clout, so Hamas has made powerful and rich friends.","Dado que los islamistas han ido ganando influencia por todo el mundo árabe, Hamás ha hecho amistades ricas y poderosas.",Dado que los islamistas han ido ganando influencia por todo el mundo árabe Hamás ha hecho amistades ricas y poderosas,wmt13 sampled official pair with punctuation_drop
mt0108,Spanish,wmt13,en-es,partial_truncation,"Hosni Mubarak, the secular despot who ran Egypt for 30 years until his downfall in 2011, had little time for Hamas.","Hosni Mubarak, el déspota laico que gobernó en Egipto durante 30 años hasta su caída en 2011, no tuvo demasiado tiempo para Hamás.","Hosni Mubarak, el déspota laico que gobernó en Egipto durante 30 años hasta su caída en 2011,",wmt13 sampled official pair with partial_truncation
mt0109,Spanish,wmt13,en-es,middle_deletion,America has a vital interest in a stable Middle East.,Un Oriente Medio estable es de vital interés para los Estados Unidos.,Un Oriente Medio estable es de interés para los Estados Unidos.,wmt13 sampled official pair with middle_deletion
mt0110,Spanish,wmt13,en-es,local_reordering,"While Australia has one of the world's lowest smoking rates and the changes will have little impact on multinationals' profits, other countries are considering similar steps.","A pesar de que Australia cuenta con una de las tasas de fumadores más bajas del mundo y que estos cambios no afectarán demasiado a los beneficios de las multinacionales, otros países están considerando tomar medidas similares.","A pesar de que Australia cuenta con una de las tasas de fumadores más bajas del mundo que y estos cambios no afectarán demasiado a los beneficios de las multinacionales, otros países están considerando tomar medidas similares.",wmt13 sampled official pair with local_reordering
mt0111,Spanish,wmt13,en-es,source_leakage,This is good business for us.,"""Para nosotros es un buen negocio"".","""Para nosotros es un buen negocio"". This is",wmt13 sampled official pair with source_leakage
mt0112,Spanish,wmt13,en-es,fragment_duplication,"Freeman noted an increase in ""average Joe"" reviews of brands on social media sites such as YouTube, Twitter and Facebook.","Freeman observó un aumento de reseñas sobre marcas procedentes de ""ciudadanos de a pie"" publicadas en páginas web de redes sociales como YouTube, Twitter y Facebook.","Freeman observó un aumento de reseñas sobre marcas procedentes de ""ciudadanos de a pie"" pie"" publicadas en páginas web de redes sociales como YouTube, Twitter y Facebook.",wmt13 sampled official pair with fragment_duplication
mt0113,Spanish,wmt13,en-es,exact_match,Many smokers in Australia remain defiant.,En Australia muchos fumadores se muestran desafiantes.,En Australia muchos fumadores se muestran desafiantes.,wmt13 sampled official pair with exact_match
mt0114,Spanish,wmt13,en-es,punctuation_drop,"First of all, like many people, I assumed that boredom was a relatively recent phenomenon, with the advent of more leisure time.","En primer lugar, al igual que mucha gente, suponía que, ahora que disponemos de más tiempo para el ocio, el aburrimiento sería un fenómeno relativamente reciente.",En primer lugar al igual que mucha gente suponía que ahora que disponemos de más tiempo para el ocio el aburrimiento sería un fenómeno relativamente reciente,wmt13 sampled official pair with punctuation_drop
mt0115,Spanish,wmt13,en-es,partial_truncation,So back to my original question: Is boredom good for you?,"Así que, volviendo a mi pregunta del principio: ¿es bueno aburrirse?","Así que, volviendo a mi pregunta del principio:",wmt13 sampled official pair with partial_truncation
mt0116,Spanish,wmt13,en-es,middle_deletion,Professor Eastwood agreed.,El profesor Eastwood está de acuerdo.,El profesor Eastwood de acuerdo.,wmt13 sampled official pair with middle_deletion
mt0117,Spanish,wmt13,en-es,local_reordering,"At the same time, several towns from the Denver suburbs to the Western mountains are voting to block new, state-licensed retail marijuana shops from opening in their communities.","Al mismo tiempo, varias ciudades, desde los suburbios de Denver hasta las montañas occidentales, están votando para impedir que se abran tiendas de marihuana, autorizadas recientemente, en sus comunidades.","Al mismo tiempo, varias ciudades, desde los suburbios de Denver hasta las montañas están occidentales, votando para impedir que se abran tiendas de marihuana, autorizadas recientemente, en sus comunidades.",wmt13 sampled official pair with local_reordering
mt0118,Spanish,wmt13,en-es,source_leakage,"""There's no real precedent for us to follow,"" he said.","""No existe un verdadero precedente que nos sirva de modelo"", afirma.","""No existe un verdadero precedente que nos sirva de modelo"", afirma. ""There's no",wmt13 sampled official pair with source_leakage
mt0119,Spanish,wmt13,en-es,fragment_duplication,"Not on account of my rather outré name, or the fact that I came from a private school.","No debido a mi extravagante nombre, ni al hecho de que viniera de una escuela privada.","No debido a mi extravagante nombre, ni al hecho hecho de que viniera de una escuela privada.",wmt13 sampled official pair with fragment_duplication
mt0120,Spanish,wmt13,en-es,exact_match,This ploy proved unsuccessful.,Ese truco resultó inútil.,Ese truco resultó inútil.,wmt13 sampled official pair with exact_match
mt0121,Spanish,wmt13,en-es,punctuation_drop,"In 1997 he took up a professorship at the University of Bilkent, in Ankara, Turkey.","En 1997 aceptó una cátedra en la Universidad de Bilkent, en Ankara, Turquía.",En 1997 aceptó una cátedra en la Universidad de Bilkent en Ankara Turquía,wmt13 sampled official pair with punctuation_drop
mt0122,Spanish,wmt13,en-es,partial_truncation,"Princess D'Arenberg looks after her couturier gowns with ""the utmost care ... because a dress not just a dress, it's also the many memories that go with it.""","La princesa D'Arenberg guarda sus vestidos de fiesta del modisto con ""los máximos cuidados... porque un vestido no es solamente un vestido, también es el conjunto de recuerdos que conlleva"".","La princesa D'Arenberg guarda sus vestidos de fiesta del modisto con ""los máximos cuidados... porque un vestido no es solamente un vestido,",wmt13 sampled official pair with partial_truncation
mt0123,Spanish,wmt13,en-es,middle_deletion,"Singaporeans blame their careers, stress and the cost of property and education for not having children.","Los singapurenses culpan a la carrera, el estrés y el costo de las propiedades y la educación por no tener hijos.","Los singapurenses culpan a la carrera, el estrés y el de las propiedades y la educación por no tener hijos.",wmt13 sampled official pair with middle_deletion
mt0124,Spanish,wmt13,en-es,local_reordering,But the Singapore Government is not taking it so lightly.,El que no se lo toma tan a la ligera es el gobierno de Singapur.,El que no se lo toma a tan la ligera es el gobierno de Singapur.,wmt13 sampled official pair with local_reordering
mt0125,Spanish,wmt13,en-es,source_leakage,"""This has given people a wider range of options in terms of life goals and priorities, beyond getting married and starting a family"" he explains.","""Eso le ha permitido a la gente disponer de una gama más amplia de opciones en términos de objetivos de vida y prioridades, más allá de casarse y formar una familia"", explica.","""Eso le ha permitido a la gente disponer de una gama más amplia de opciones en términos de objetivos de vida y prioridades, más allá de casarse y formar una familia"", explica. ""This has",wmt13 sampled official pair with source_leakage
mt0126,Spanish,wmt13,en-es,fragment_duplication,Unexpected consequences,Consecuencias inesperadas,Consecuencias inesperadas inesperadas,wmt13 sampled official pair with fragment_duplication
mt0127,Spanish,wmt13,en-es,exact_match,"While a fall in the birth rate has known effects on a nation's economic growth, tax revenues, healthcare costs and immigration policies, in Singapore's case there are also some unexpected consequences.","Mientras que la caída en la tasa de natalidad tiene efectos conocidos en el crecimiento económico de una nación, los ingresos fiscales, los costes sanitarios y las políticas de inmigración, el ejemplo de Singapur también está teniendo algunas consecuencias inesperadas.","Mientras que la caída en la tasa de natalidad tiene efectos conocidos en el crecimiento económico de una nación, los ingresos fiscales, los costes sanitarios y las políticas de inmigración, el ejemplo de Singapur también está teniendo algunas consecuencias inesperadas.",wmt13 sampled official pair with exact_match
mt0128,Spanish,wmt13,en-es,punctuation_drop,"When tagging party photos, did you ask the other people's permission to tag them?","Cuando etiquetas fotos de fiestas, ¿pediste permiso a las otras personas para etiquetarlas?",Cuando etiquetas fotos de fiestas ¿pediste permiso a las otras personas para etiquetarlas,wmt13 sampled official pair with punctuation_drop
mt0129,Spanish,wmt13,en-es,partial_truncation,Monitoring,Vigilancia,Vigilanc,wmt13 sampled official pair with partial_truncation
mt0130,Spanish,wmt13,en-es,middle_deletion,"The only document released during the summit was the list of attending presidents, which angered hundreds of journalists from various national and international media, who asked for more details.","El único documento divulgado durante la jornada fue la lista de presidentes asistentes, lo que ocasionó el malestar de cientos de periodistas de diversos medios nacionales e internacionales que pedían mayores datos.","El único documento divulgado durante la jornada fue la lista de presidentes asistentes, lo que ocasionó malestar de cientos de periodistas de diversos medios nacionales e internacionales que pedían mayores datos.",wmt13 sampled official pair with middle_deletion
mt0131,Spanish,wmt13,en-es,local_reordering,"Correa said that if he loses the elections in February 2013, he will retire from public life.",Correa aseguró que si pierde los comicios de febrero del 2013 se retirará de la vida pública.,Correa aseguró que si pierde los comicios febrero de del 2013 se retirará de la vida pública.,wmt13 sampled official pair with local_reordering
mt0132,Spanish,wmt13,en-es,source_leakage,"Although mortality has dropped significantly in recent years and, in the case of Mexico, the number of people dying of AIDS has fallen from 6,678 in 2007 to 4,862 in 2011 (UNAIDS annual report), it is also true that since the advent of AIDS, 60 per cent of patients in the national database have died.","Si bien la mortalidad ha bajado significativamente en los últimos años, en el caso de México, el número de personas que mueren de sida bajó de 6,678 casos en 2007 a 4,862 en 2011 (reporte anual de ONUSIDA), también es cierto que desde la aparición del sida, 60 por ciento de los pacientes en la base de datos nacional han fallecido.","Si bien la mortalidad ha bajado significativamente en los últimos años, en el caso de México, el número de personas que mueren de sida bajó de 6,678 casos en 2007 a 4,862 en 2011 (reporte anual de ONUSIDA), también es cierto que desde la aparición del sida, 60 por ciento de los pacientes en la base de datos nacional han fallecido. Although mortality",wmt13 sampled official pair with source_leakage
mt0133,Spanish,wmt13,en-es,fragment_duplication,Everything changes when you know you have AIDS.,Todo cambia cuando sabes que tienes sida.,Todo cambia cuando sabes sabes que tienes sida.,wmt13 sampled official pair with fragment_duplication
mt0134,Spanish,wmt13,en-es,exact_match,"""I work, I take part in a lot of activities, I travel, I have an active but responsible sex life, I take care of myself and the other person"" said Fabrizio, who agreed to share his intimate secrets with MILENIO JALISCO, to motivate those people with his story who today, in the context of World AIDS Day, are afraid.","""Trabajo, tengo muchas actividades, viajo, tengo una vida sexual activa, pero corresponsable, me cuido a mí y a la otra persona"", enumeró Fabrizio, quien aceptó compartir su intimidad con MILENIO JALISCO para motivar con su testimonio a quienes hoy, en el marco del Día Mundial del Sida, tienen miedo.","""Trabajo, tengo muchas actividades, viajo, tengo una vida sexual activa, pero corresponsable, me cuido a mí y a la otra persona"", enumeró Fabrizio, quien aceptó compartir su intimidad con MILENIO JALISCO para motivar con su testimonio a quienes hoy, en el marco del Día Mundial del Sida, tienen miedo.",wmt13 sampled official pair with exact_match
mt0135,Spanish,wmt13,en-es,punctuation_drop,"From the start, while the trial judge notes that creditors should be governed by the United States Bankruptcy Code, the Court of Appeal for the Fifth Circuit, based in New Orleans, states that the main action is the insolvency action handled in Mexico.","De entrada, mientras el juez de la causa señala que los acreedores deben regirse por la Ley de Quiebras de los Estados Unidos, el tribunal de apelaciones del Quinto Circuito, con sede en Nueva Orleans, dice que el procedimiento principal es el concurso mercantil tramitado en México.",De entrada mientras el juez de la causa señala que los acreedores deben regirse por la Ley de Quiebras de los Estados Unidos el tribunal de apelaciones del Quinto Circuito con sede en Nueva Orleans dice que el procedimiento principal es el concurso mercantil tramitado en México,wmt13 sampled official pair with punctuation_drop
mt0136,Spanish,wmt13,en-es,partial_truncation,"I remember him saying that if Mincy had given Bayamon one championship, Gausse would help get another.","Recuerdo que dijo que si Mincy le había dado un campeonato a Bayamon, Gausse ayudaría a traer otro más.","Recuerdo que dijo que si Mincy le había dado un campeonato a Bayamon, Gausse",wmt13 sampled official pair with partial_truncation
mt0137,Spanish,wmt13,en-es,middle_deletion,"Then came the 1990 World Cup, where we came fourth and it should have been bronze, but for the Canadian referee who made us repeat the final play for the second time, said Reyes.","Luego vino el Mundial de 1990, donde llegamos cuarto lugar y debió haber sido bronce de no ser por aquel árbitro canadiense que nos hizo repetir la jugada final por segunda vez, dijo Reyes.","Luego vino el Mundial de 1990, donde llegamos cuarto lugar y debió haber sido bronce de no por aquel árbitro canadiense que nos hizo repetir la jugada final por segunda vez, dijo Reyes.",wmt13 sampled official pair with middle_deletion
mt0138,Spanish,wmt13,en-es,local_reordering,"It's one of the best, as good as the one that beat the Dream Team in the 2004 Olympics.","Está entre los mejores, igual que el que le ganó al Dream Team en las Olimpiadas de 2004.","Está entre los mejores, igual que el que ganó le al Dream Team en las Olimpiadas de 2004.",wmt13 sampled official pair with local_reordering
mt0139,Spanish,wmt13,en-es,source_leakage,"He played Captain Tony Nelson, an astronaut whose life is changed when he meets an attractive genie, played by Barbara Eden, and takes her home to live with him.","En ella interpretaba al capitán Tony Nelson, un astronauta cuya vida se ve alterada cuando encuentra a una atractiva genio, interpretada por Barbara Eden, y se la lleva a vivir con él a su casa.","En ella interpretaba al capitán Tony Nelson, un astronauta cuya vida se ve alterada cuando encuentra a una atractiva genio, interpretada por Barbara Eden, y se la lleva a vivir con él a su casa. He played",wmt13 sampled official pair with source_leakage
mt0140,Spanish,wmt13,en-es,fragment_duplication,"His film work included roles well received by critics in ""The Group,"" ""Harry and Tonto"" and ""Primary Colors.""","Su trabajo en el cine incluyó papeles bien recibidos por la crítica en ""The Group"", ""Harry and Tonto"" y ""Primary Colors"".","Su trabajo en el cine incluyó papeles bien recibidos por la la crítica en ""The Group"", ""Harry and Tonto"" y ""Primary Colors"".",wmt13 sampled official pair with fragment_duplication
mt0141,Spanish,wmt13,en-es,exact_match,"And he is not the only professor who offers courses on the ""end of the world"" this term, theoretically the last in history.","Y él no es único profesor que ofrece cursos sobre el ""fin del mundo"" este semestre, en teoría el último de la historia.","Y él no es único profesor que ofrece cursos sobre el ""fin del mundo"" este semestre, en teoría el último de la historia.",wmt13 sampled official pair with exact_match
mt0142,Spanish,wmt13,en-es,punctuation_drop,I enjoy it.,Lo disfruto.,Lo disfruto,wmt13 sampled official pair with punctuation_drop
mt0143,Spanish,wmt13,en-es,partial_truncation,"Restall noted that over the years there has been talk of many days of the last judgement, and said that if nothing happens on December 21st, ""people will immediately start thinking of the next date"" or philosophising that December 21st is the beginning of a seven-year period after which the world will end.","Restall hizo notar que a lo largo de los años se ha hablado de muchos días del juicio final, y dijo que si no pasa nada el 21 de diciembre, ""la gente comenzará a pensar de inmediato en la próxima fecha"" o a filosofar que el 21 de diciembre es el inicio de un período de siete años al cabo de los cuales se acabará el mundo.","Restall hizo notar que a lo largo de los años se ha hablado de muchos días del juicio final, y dijo que si no pasa nada el 21 de diciembre, ""la gente comenzará a pensar de inmediato en la próxima fecha"" o a filosofar que el 21 de diciembre es",wmt13 sampled official pair with partial_truncation
mt0144,Italian,wmt09,en-it,exact_match,The plan to support the financial system will be discussed in the House of Representatives on Monday.,Il piano di sostegno del sistema finanziario si discuterà Lunedì sul territorio della Camera dei Rappresentanti.,Il piano di sostegno del sistema finanziario si discuterà Lunedì sul territorio della Camera dei Rappresentanti.,wmt09 sampled official pair with exact_match
mt0145,Italian,wmt09,en-it,punctuation_drop,Economists say that the announcement that the bailout plan will be approved should be the first psychological factor significant to the revival of financial markets.,Secondo gli economi l'annuncio che avverrà l'approvazione del piano finanziario dovrebbe essere il primo e fondamentale fattore psicologico in grado di risvegliare i mercati finanziari.,Secondo gli economi lannuncio che avverrà lapprovazione del piano finanziario dovrebbe essere il primo e fondamentale fattore psicologico in grado di risvegliare i mercati finanziari,wmt09 sampled official pair with punctuation_drop
mt0146,Italian,wmt09,en-it,partial_truncation,A signal for Asian trading,Il Segnale per il commercio asiatico,Il Segnale per il,wmt09 sampled official pair with partial_truncation
mt0147,Italian,wmt09,en-it,middle_deletion,"However, the bill will still go through a series of changes.",Ma la legge subirà ancora molti cambiamenti.,Ma la legge ancora molti cambiamenti.,wmt09 sampled official pair with middle_deletion
mt0148,Italian,wmt09,en-it,local_reordering,"The new law is also meant to constrain the ""golden parachutes"" for the heads of the companies participating in the program and establishes a committee which will oversee the fund.",La nuova legge deve anche limitare i cosiddetti paracaduti d'oro per i dirigenti delle aziende che partecipano al programma e sta creando un comitato che controllerà i fondi.,La nuova legge deve anche limitare i cosiddetti paracaduti d'oro per i dirigenti aziende delle che partecipano al programma e sta creando un comitato che controllerà i fondi.,wmt09 sampled official pair with local_reordering
mt0149,Italian,wmt09,en-it,source_leakage,"In addition to the primary functions, calling and texting, it can play music and video, record both, contains a camera which is sometimes better and sometimes worse and can even navigate in some cases.","Accanto alle funzioni primarie, telefonare e mandare sms, può leggere musica e video, registrare entrambi e ha una macchina fotografica, a volte migliore a volte peggiore e magari può anche navigare.","Accanto alle funzioni primarie, telefonare e mandare sms, può leggere musica e video, registrare entrambi e ha una macchina fotografica, a volte migliore a volte peggiore e magari può anche navigare. In addition",wmt09 sampled official pair with source_leakage
mt0150,Italian,wmt09,en-it,fragment_duplication,And playing music is one of the biggest energy guzzlers.,E leggere la musica consuma molta energia.,E leggere la musica musica consuma molta energia.,wmt09 sampled official pair with fragment_duplication
mt0151,Italian,wmt09,en-it,exact_match,"If you occasionally make calls in addition to that, to be on the safe side, get another charger for your workplace - even for more expensive devices.","Se ancora ci aggiungete, di quando in quando, qualche chiamata , procuratevi a lavoro per sicurezza un altro caricabatteria, ciò vale anche per gli apparecchi più costosi.","Se ancora ci aggiungete, di quando in quando, qualche chiamata , procuratevi a lavoro per sicurezza un altro caricabatteria, ciò vale anche per gli apparecchi più costosi.",wmt09 sampled official pair with exact_match
mt0152,Italian,wmt09,en-it,punctuation_drop,It's enough to fill the device with music using the USB from the computer.,Basta riempire l'apparecchio con la musica tramite USB dal computer.,Basta riempire lapparecchio con la musica tramite USB dal computer,wmt09 sampled official pair with punctuation_drop
mt0153,Italian,wmt09,en-it,partial_truncation,The prices are also not among the lowest.,I prezzi non sono proprio bassissimi.,I prezzi non sono,wmt09 sampled official pair with partial_truncation
mt0154,Italian,wmt09,en-it,middle_deletion,She also confirmed indirectly that the current mobile operators in Czechia are definitely not inclined toward this idea.,Così ha confermato indirettamente che gli operatori attuali in Repubblica ceca non sono decisamente molto favorevoli a questo pensiero.,Così ha confermato indirettamente che gli operatori attuali in ceca non sono decisamente molto favorevoli a questo pensiero.,wmt09 sampled official pair with middle_deletion
mt0155,Italian,wmt09,en-it,local_reordering,"Compared to other markets, the Czech market is very specific.","Il mercato ceco, a differenza di altri mercati, è molto specifico.","Il mercato ceco, a di differenza altri mercati, è molto specifico.",wmt09 sampled official pair with local_reordering
mt0156,Italian,wmt09,en-it,source_leakage,"Regarding this, Miroslav Čepický said: ""We are open to negotiations with potential virtual operators, above all in the area of shared costs and infrastructure.","Aggiunge Miroslav Čepický : ""Siamo aperti verso le negoziazioni dei potenziali operatori virtuali e ciò soprattutto nell'ambito della condivisione delle spese e delle infrastrutture.","Aggiunge Miroslav Čepický : ""Siamo aperti verso le negoziazioni dei potenziali operatori virtuali e ciò soprattutto nell'ambito della condivisione delle spese e delle infrastrutture. Regarding this,",wmt09 sampled official pair with source_leakage
mt0157,Italian,wmt09,en-it,fragment_duplication,"From the office that is supposed to represent the interests of consumers and, among other things, make sure that no one abuses his/her position on the market, it is more than serious.","Invece da parte dell'ufficio che deve difendere l'interesse dei consumatori e oltretutto occuparsi del fatto che nessuno si approfitti della sua posizione sul mercato, è più che un affare delicato.","Invece da parte dell'ufficio che deve difendere l'interesse dei consumatori e oltretutto occuparsi del fatto che che nessuno si approfitti della sua posizione sul mercato, è più che un affare delicato.",wmt09 sampled official pair with fragment_duplication
mt0158,Italian,wmt09,en-it,exact_match,"None of the operators have a dominant position, and hence none of them have the corresponding increased responsibility for their actions on the market.","Nessun operatore ha una posizione dominante, quindi non ha una corrispondente maggior responsabilità per il suo comportamento sul mercato.","Nessun operatore ha una posizione dominante, quindi non ha una corrispondente maggior responsabilità per il suo comportamento sul mercato.",wmt09 sampled official pair with exact_match
mt0159,Italian,wmt09,en-it,punctuation_drop,"He told Czech Radio earlier that he had intentionally selected singers with young, representative voices that were striking and popular for the solo variants.","Già prima ha detto alla radio ""Český rozhlas"" che ha scelto appositamente per cantare le varianti a solo, i cantanti con le voci giovani più rappresentative, che sono espressive e popolari.",Già prima ha detto alla radio Český rozhlas che ha scelto appositamente per cantare le varianti a solo i cantanti con le voci giovani più rappresentative che sono espressive e popolari,wmt09 sampled official pair with punctuation_drop
mt0160,Italian,wmt09,en-it,partial_truncation,"""At these locations, there is a counter available for travellers with trained staff who will help interested people with their Internet purchase, and will also add the purchased coupon to their card,"" said the project's speaker, Martin Opatrný.","""In questi luoghi i passeggeri hanno a disposizione uno sportello con personale formato che aiuterà gli interessati nell'acquisto su internet e registrerà pure sulla loro carta il credito acquisito."" ha detto il portavoce del progetto Martin Opatrný.","""In questi luoghi i passeggeri hanno a disposizione uno sportello con personale formato che aiuterà gli interessati nell'acquisto su internet e registrerà pure sulla loro carta il credito",wmt09 sampled official pair with partial_truncation
mt0161,Italian,wmt09,en-it,middle_deletion,"""If the traveller needs to confirm the validity of the coupons recorded, there is nothing easier than requesting this information from the driver,"" Drápal added.","""Se il passeggero ha bisogno di verificare la validità dei tagliandi caricati, non c'è niente di più facile che chiedere all'autista questo tipo di informazioni,"" ha aggiunto Drápal.","""Se il passeggero ha bisogno di verificare la validità dei tagliandi caricati, non c'è di più facile che chiedere all'autista questo tipo di informazioni,"" ha aggiunto Drápal.",wmt09 sampled official pair with middle_deletion
mt0162,Italian,wmt09,en-it,local_reordering,"""If a static table which warns against danger is installed, it will likely soon blend in with the surroundings and the drivers will not pay attention to it,"" Kořán warned.","""Se è stato installato il pannello fisso che avvisa del pericolo, probabilmente presto si confonderà con l'ambiente e i guidatori non gli presteranno più attenzione, "" avverte Kořán.","""Se è stato installato il pannello fisso che avvisa del pericolo, probabilmente presto confonderà si con l'ambiente e i guidatori non gli presteranno più attenzione, "" avverte Kořán.",wmt09 sampled official pair with local_reordering
mt0163,Italian,wmt09,en-it,source_leakage,"Following the negotiations, Mukherjee said that it was difficult for the executive branch to intervene in judicial matters.",Mukherjee dopo le negoziazioni ha detto che il potere esecutivo può difficilmente intromettersi dentro le faccende giuridiche.,Mukherjee dopo le negoziazioni ha detto che il potere esecutivo può difficilmente intromettersi dentro le faccende giuridiche. Following the,wmt09 sampled official pair with source_leakage
mt0164,Italian,wmt09,en-it,fragment_duplication,"Nevertheless, he said that in the case of Petr Švácha, who was cleared of the charges and penalized with a fine, the central government can negotiate with the local government in Darjeeling, under the jurisdiction of which the matter belongs.","Tuttavia ha menzionato che nel caso di Petr Švácha, che è stato assolto dall‘ accusa e punito con una multa, il governo centrale può negoziare con quello locale a Dardjeeling la qual cosa cade sotto la sua giurisdizione.","Tuttavia ha menzionato che nel caso di Petr Švácha, che è stato assolto dall‘ accusa e punito con una multa, multa, il governo centrale può negoziare con quello locale a Dardjeeling la qual cosa cade sotto la sua giurisdizione.",wmt09 sampled official pair with fragment_duplication
mt0165,Italian,wmt09,en-it,exact_match,"However, nor do any legal enactments prohibit the transporters from providing services.",Nessuna regolazione però vieta al trasportatore di effettuare i servizi.,Nessuna regolazione però vieta al trasportatore di effettuare i servizi.,wmt09 sampled official pair with exact_match
mt0166,Italian,wmt09,en-it,punctuation_drop,"The agency will not wait for the court verdict to compensate the girl's family, but it expects financial compensation from the guilty party.","L‘ agenzia non aspetterà la sentenza della Corte per pagare i danni alla famiglia della ragazza, ma si aspetta un compenso finanziario da parte del colpevole.",L‘ agenzia non aspetterà la sentenza della Corte per pagare i danni alla famiglia della ragazza ma si aspetta un compenso finanziario da parte del colpevole,wmt09 sampled official pair with punctuation_drop
mt0167,Italian,wmt09,en-it,partial_truncation,"This is mainly the area of the so-called continental shelf, which often reaches up to several hundred kilometers from the coast of the given country.",Si tratta soprattutto della zona della cosiddetta piattaforma continentale che spesso si estende fino a diverse centinaia di chilometri dalla costa dello stato in questione.,Si tratta soprattutto della zona della cosiddetta piattaforma continentale che spesso si estende fino a diverse centinaia di chilometri,wmt09 sampled official pair with partial_truncation
mt0168,Italian,wmt09,en-it,middle_deletion,"It shares it with other countries from the former Eastern Bloc as a part of the common organization ""Interoceanmetal"".","Se lo spartisce con altri stati dell‘ ex blocco Sovietico nell‘ ambito della comune organizzazione ""Interoceanmetal"".","Se lo spartisce con altri stati dell‘ ex Sovietico nell‘ ambito della comune organizzazione ""Interoceanmetal"".",wmt09 sampled official pair with middle_deletion
mt0169,Italian,wmt09,en-it,local_reordering,"It looks like a small potato or, with a bit of fantasy, the mythical shem, which, according to legend, brought the Golem to life.","Sembra una piccola patata oppure con un pò di fantasia, un leggendario schem, come nella la leggenda del risveglio del Golem.","Sembra una piccola patata oppure con un pò di un fantasia, leggendario schem, come nella la leggenda del risveglio del Golem.",wmt09 sampled official pair with local_reordering
mt0170,Italian,wmt09,en-it,source_leakage,"But the administrative board of Deka, which is owned in equal parts by the Landesbanken and the savings banks associations, has asked the board of directors to commence talks with WestLB on joint business ventures.","Però il consigliere d'amministrazione della Deka che per metà viene portato dalle banche regionali e dai consorzi delle casse di risparmio, ha delegato il consiglio d'amministrazione di condurre colloqui con la West LB su contrattazioni comuni.","Però il consigliere d'amministrazione della Deka che per metà viene portato dalle banche regionali e dai consorzi delle casse di risparmio, ha delegato il consiglio d'amministrazione di condurre colloqui con la West LB su contrattazioni comuni. But the",wmt09 sampled official pair with source_leakage
mt0171,Italian,wmt09,en-it,fragment_duplication,There is no beer to be had yet.,Non c'è ancora la birra.,Non c'è ancora ancora la birra.,wmt09 sampled official pair with fragment_duplication
mt0172,Italian,wmt09,en-it,exact_match,The stuff looks weird and has a completely novel taste.,Le cose sembrano strane e hanno un sapore completamente nuovo.,Le cose sembrano strane e hanno un sapore completamente nuovo.,wmt09 sampled official pair with exact_match
mt0173,Italian,wmt09,en-it,punctuation_drop,"Barney Frank, one of the main Democratic negotiators, had called on representatives for approval, even though it was an unpopular plan.","Barney Frank, uno dei leader delle trattative, ha incitato i deputati al consenso, anche se il piano era impopolare.",Barney Frank uno dei leader delle trattative ha incitato i deputati al consenso anche se il piano era impopolare,wmt09 sampled official pair with punctuation_drop
mt0174,Italian,wmt09,en-it,partial_truncation,"I believe that animals have feelings, as well as other modes of awareness, although neither I nor anybody else have been able to prove it to date. For that matter, we haven't even been able to prove that other people possess awareness.","Io credo che gli animali abbiano sentimenti o altri stati di coscienza, senza che io o qualcun'altro finora sia riuscito a provarlo, dato che non possiamo nemmeno provare che altri uomini abbiano la coscienza.","Io credo che gli animali abbiano sentimenti o altri stati di coscienza, senza che io o qualcun'altro finora sia riuscito a provarlo, dato che non possiamo",wmt09 sampled official pair with partial_truncation
mt0175,Italian,wmt09,en-it,middle_deletion,"Pankseep argues that what seemed to be fear with rats and humans probably felt like it, as well, in both cases. But how can we determine whether rats and humans feel the same thing when they act in similar ways?","Pankseep adduce argomentazioni sul fatto che quello che per i ratti e gli esseri umani appare come paura, probabilmente si avverte così con i sensi in entrambi i casi: ma in che modo si potrebbe verificare , se i ratti e gli esseri umani provano la stessa cosa quando si comportano in modo simile?","Pankseep adduce argomentazioni sul fatto che quello che per i ratti e gli esseri umani appare come paura, probabilmente si avverte così con i sensi in entrambi casi: ma in che modo si potrebbe verificare , se i ratti e gli esseri umani provano la stessa cosa quando si comportano in modo simile?",wmt09 sampled official pair with middle_deletion
mt0176,Italian,wmt09,en-it,local_reordering,"We have to proceed at great speed now,' said Grigoriy Surkis, president of the Ukrainian soccer association.","Adesso dobbiamo lavorare con la massima velocità"", ha detto il presidente dell'associazione ucraino Grigorij Surkis.","Adesso dobbiamo lavorare con la massima ha velocità"", detto il presidente dell'associazione ucraino Grigorij Surkis.",wmt09 sampled official pair with local_reordering
mt0177,Italian,wmt09,en-it,source_leakage,"Due to a weak dollar, especially trips to the United States were in demand, the DRV said.","A causa della debole quotazione del dollaro, richiesti in particolare sarebbero i viaggi negli Stati Uniti, ha riferito la DRV.","A causa della debole quotazione del dollaro, richiesti in particolare sarebbero i viaggi negli Stati Uniti, ha riferito la DRV. Due to",wmt09 sampled official pair with source_leakage
mt0178,Italian,wmt09,en-it,fragment_duplication,"All-inclusive trips were especially sought-after, DRV President Klaus Laepple said.","Soprattutto i viaggi tutto compreso hanno una quotazione alta, ha spiegato il presidente della DRV Klaus Laepple.","Soprattutto i viaggi tutto compreso hanno una quotazione alta, alta, ha spiegato il presidente della DRV Klaus Laepple.",wmt09 sampled official pair with fragment_duplication
mt0179,Italian,wmt09,en-it,exact_match,"While Ryan has been living on her own since the divorce, Quaid remarried and recently became the father of twins.","Mentre la Ryan dalla separazione vive da sola, Quaid è di nuovo sposato e a breve diventerà padre di gemelli.","Mentre la Ryan dalla separazione vive da sola, Quaid è di nuovo sposato e a breve diventerà padre di gemelli.",wmt09 sampled official pair with exact_match
mt0180,Italian,wmt09,en-it,punctuation_drop,Rieger was HSV's physiotherapist for nearly three decades. He is held in higher esteem than some other lapsed actors.,"Rieger è stato per quasi 3 decenni fisioterapista dell'HSV, gode di una stima ancora più grande di certi vecchi giocatori.",Rieger è stato per quasi 3 decenni fisioterapista dellHSV gode di una stima ancora più grande di certi vecchi giocatori,wmt09 sampled official pair with punctuation_drop
mt0181,Italian,wmt09,en-it,partial_truncation,"The team and its belatedly signed-on new members - Brazilians Neves and Silva, goal-getter Petric, as well as Jansen, who was wooed away from FC Bayern - are slowly finding their form, but they are not shining brightly yet.","La squadra con i suoi nuovi arrivi ingaggiati tardi – i brasiliani Neves und Silva, il difensore della porta Petric così come Jansen soffiato al FC Bayern – ritrova cioè lentamente se stessa, ma non è ancora riuscita a brillare.","La squadra con i suoi nuovi arrivi ingaggiati tardi – i brasiliani Neves und Silva, il difensore della porta Petric così come Jansen soffiato al FC Bayern – ritrova cioè",wmt09 sampled official pair with partial_truncation
mt0182,Italian,wmt09,en-it,middle_deletion,"`It's the ones that can't take any more,' one of the paramedics shouted when I asked him about it, disappearing in the crowd.","""Des sind die, wos goarnimmer packn"", mi urla uno dei sanitari e sparisce nella baraonda.","""Des sind die, wos goarnimmer packn"", mi uno dei sanitari e sparisce nella baraonda.",wmt09 sampled official pair with middle_deletion
mt0183,Italian,wmt09,en-it,local_reordering,After the Voting Failure,Dopo la sconfitta della votazione,Dopo sconfitta la della votazione,wmt09 sampled official pair with local_reordering
mt0184,Italian,wmt09,en-it,source_leakage,"In the MDAX, Arcandor shares dropped after the announcement of a capital increase.",Nell'MDax cedono le azioni di Arcandor dopo l'annuncio di un aumento del capitale.,Nell'MDax cedono le azioni di Arcandor dopo l'annuncio di un aumento del capitale. In the,wmt09 sampled official pair with source_leakage
mt0185,Italian,wmt09,en-it,fragment_duplication,The probes unexpectedly become faster or slower.,Le sonde diventano all'improvviso più veloci o più lente.,Le sonde diventano all'improvviso più più veloci o più lente.,wmt09 sampled official pair with fragment_duplication
mt0186,Italian,wmt09,en-it,exact_match,They have dubbed it the Swing-By Anomaly.,L'anno ribattezzato l'anomalia dello Swing-by.,L'anno ribattezzato l'anomalia dello Swing-by.,wmt09 sampled official pair with exact_match
mt0187,Italian,wmt09,en-it,punctuation_drop,The abductors from Sudan had demanded a ransom of several million Euros.,I rapitori dal Sudan avevano chiesto diversi milioni di euro di riscatto.,I rapitori dal Sudan avevano chiesto diversi milioni di euro di riscatto,wmt09 sampled official pair with punctuation_drop
mt0188,Italian,wmt09,en-it,partial_truncation,The abductors had demanded a ransom of six million Euros from Germany; the money was to be delivered by the German wife of one of the hostages.,I sequestratori avevano preteso dalla Germania un riscatto dell'importo di 6 milioni di euro; il denaro avrebbe dovuto essere consegnato dalla moglie tedesca di uno degli ostaggi.,I sequestratori avevano preteso dalla Germania un riscatto dell'importo di 6 milioni di euro; il denaro avrebbe dovuto essere consegnato,wmt09 sampled official pair with partial_truncation
mt0189,Italian,wmt09,en-it,middle_deletion,"She was taken to Queen's Hospital, Romford, but later died.","Lei è stata portata al Queen's Hospital, a Romford, ma è morta poco dopo.","Lei è stata portata al Queen's Hospital, Romford, ma è morta poco dopo.",wmt09 sampled official pair with middle_deletion
mt0190,Italian,wmt09,en-it,local_reordering,"Adrian Coles, BSA","Adrian Coles, BSA","n ColAdriaes, BSA",wmt09 sampled official pair with local_reordering
mt0191,Italian,wmt09,en-it,source_leakage,"According to the BSA, no society has failed since its records began in 1945.","Secondo il BSA, nessuna società ha fallito da quando la documentazione cominciò nel 1945.","Secondo il BSA, nessuna società ha fallito da quando la documentazione cominciò nel 1945. According to",wmt09 sampled official pair with source_leakage
mt0192,Italian,wmt09,en-it,fragment_duplication,Now there is a new policy of engagement.,Adesso c'è una nuova politica di impegno.,Adesso c'è una nuova nuova politica di impegno.,wmt09 sampled official pair with fragment_duplication
mt0193,Italian,wmt09,en-it,exact_match,"And as I waited at the terminal for the ferry to take me back across the Bosphorus, I recalled that in those days Turkey had always been called ""the sick man of Europe.""","E mentre aspetto al terminal per il traghetto che mi porta indietro attraverso il Bosforo, ricordo che i quei giorni la Turchia è sempre stata chiamata ""l'uomo malato d'Europa"".","E mentre aspetto al terminal per il traghetto che mi porta indietro attraverso il Bosforo, ricordo che i quei giorni la Turchia è sempre stata chiamata ""l'uomo malato d'Europa"".",wmt09 sampled official pair with exact_match
mt0194,Italian,wmt09,en-it,punctuation_drop,"Previously, the commission said that BSkyB's stake thwarted competition and allowed it unfair influence over ITV.","Precedentemente, la commissione aveva detto che la partecipazione di BSkyB ostacolava la competizione e permetteva un'ingiusta influenza su ITV.",Precedentemente la commissione aveva detto che la partecipazione di BSkyB ostacolava la competizione e permetteva uningiusta influenza su ITV,wmt09 sampled official pair with punctuation_drop
mt0195,Italian,wmt09,en-it,partial_truncation,BSkyB argued that forcing it to reduce its ITV stake was unreasonable and a disproportionate remedy - particularly as BSkyB had said it would surrender its voting rights.,BSkyB argued that forcing it to reduce its ITV stake was unreasonable and a disproportionate remedy - particularly as BSkyB had said it would surrender its voting rights.,BSkyB argued that forcing it to reduce its ITV stake was unreasonable and a disproportionate remedy - particularly as BSkyB had,wmt09 sampled official pair with partial_truncation
mt0196,Italian,wmt09,en-it,middle_deletion,The appointment of a special prosecutor with the power to force witnesses to testify was one of his key recommendations.,L'assegnazione di un pubblico ministero speciale con il potere di costringere i testimoni a testimoniare è stata una delle raccomandazioni principali.,L'assegnazione di un pubblico ministero speciale con il potere di i testimoni a testimoniare è stata una delle raccomandazioni principali.,wmt09 sampled official pair with middle_deletion
mt0197,Italian,wmt09,en-it,local_reordering,A number of other justice department officials also resigned.,Un certo numero di altri officiali del dipartimento di giustizia si licenziarono.,Un certo numero di altri del officiali dipartimento di giustizia si licenziarono.,wmt09 sampled official pair with local_reordering
mt0198,Italian,wmt09,en-it,source_leakage,"The song, penned by Jim Steinman, required a huge vocal which was delivered by Meat Loaf.","La canzone, composta da Jim Steinman, richiedeva una forte vocalità che fu fornita dai Meat Loaf.","La canzone, composta da Jim Steinman, richiedeva una forte vocalità che fu fornita dai Meat Loaf. The song,",wmt09 sampled official pair with source_leakage
mt0199,Italian,wmt09,en-it,fragment_duplication,"Sixth Street emphasizes review and practice, constant assessment of skills and a no-excuses attitude.","Sixth Street enfatizza il ripasso e l'esercizio, costante valutazione delle competenze e un atteggiamento del tipo ""niente scuse"".","Sixth Street enfatizza il ripasso e l'esercizio, costante valutazione delle delle competenze e un atteggiamento del tipo ""niente scuse"".",wmt09 sampled official pair with fragment_duplication
mt0200,Italian,wmt09,en-it,exact_match,"The school's achievement results should make the answer to that question a no-brainer, but the education politics within his own party (the National Education Associations has been a long-time supporter of bilingual education) and his own consistent support for bilingual education obscure predicting Mr. Obama's response.","I risultati raggiunti dalla scuola rendono la risposta a quella domanda molto facile, ma la politica educativa nel suo stesso partito (la National Education Associations è una sostenitrice di lunga data dell'istruzione bilingue) e il suo stesso sostegno continuo all'educazione bilingue impediscono di predire la risposta di Mr. Obama.","I risultati raggiunti dalla scuola rendono la risposta a quella domanda molto facile, ma la politica educativa nel suo stesso partito (la National Education Associations è una sostenitrice di lunga data dell'istruzione bilingue) e il suo stesso sostegno continuo all'educazione bilingue impediscono di predire la risposta di Mr. Obama.",wmt09 sampled official pair with exact_match
mt0201,Italian,wmt09,en-it,punctuation_drop,"There were a lot of points scored in a short amount of time.""","Ci sono stati un sacco di punti in un piccolo lasso di tempo.""",Ci sono stati un sacco di punti in un piccolo lasso di tempo,wmt09 sampled official pair with punctuation_drop
mt0202,Italian,wmt09,en-it,partial_truncation,"At 35, Gebrselassie set the 26th world record of a career of such stunning breadth that he has produced a world championship or world record at every distance from the metric mile to the marathon.","A 35 anni, Gebrselassie mette a punto il 26esimo record del mondo di una carriera così sbalorditiva che ha prodotto un campionato mondiale o un record del mondo ad ogni distanza dal miglio metrico alla maratona.","A 35 anni, Gebrselassie mette a punto il 26esimo record del mondo di una carriera così sbalorditiva che ha prodotto un campionato mondiale o un record del",wmt09 sampled official pair with partial_truncation
mt0203,Italian,wmt09,en-it,middle_deletion,It is now a place of pilgrimage.,Adesso è un luogo di pellegrinaggio.,Adesso è un di pellegrinaggio.,wmt09 sampled official pair with middle_deletion
mt0204,Italian,wmt09,en-it,local_reordering,"It is both a historic model of black empowerment and a community of nearly 2,400 where the poverty rates are twice the national average.",È sia un modello storico di presa di potere nero che una comunità di quasi 2.400 dove il tasso di povertà è due volte la media nazionale.,È sia un modello storico di presa di potere nero che una di comunità quasi 2.400 dove il tasso di povertà è due volte la media nazionale.,wmt09 sampled official pair with local_reordering
mt0205,Italian,wmt09,en-it,source_leakage,"In the 1950s, the fight over racial mixing brought hate to the community's doorstep.","Negli anni Cinquanta, la battaglia sulla mescolanza razziale portò l'odio sulla porta di casa della comunità.","Negli anni Cinquanta, la battaglia sulla mescolanza razziale portò l'odio sulla porta di casa della comunità. In the",wmt09 sampled official pair with source_leakage
mt0206,Italian,wmt09,en-it,fragment_duplication,"Five years later, an acclaimed Hurston biography by Robert E. Hemenway hit bookshelves, reintroducing her to the American canon.","Cinque anni dopo, un'acclamata biografia su Hurston di Robert E. Hemenway colpì gli scaffali delle librerie, reintroducendola nel canone americano.","Cinque anni dopo, un'acclamata biografia su Hurston di Robert E. Hemenway Hemenway colpì gli scaffali delle librerie, reintroducendola nel canone americano.",wmt09 sampled official pair with fragment_duplication
mt0207,Italian,wmt09,en-it,exact_match,"And even those who are younger, like Alondra and Alexia Kenon, 11-year-old twins from Winter Park, seem to have learned to describe Eatonville correctly.","E anche quelli che sono più giovani, come Alondra e Alexia Kenon, gemelli di 11 anni da Winter Park, sembra abbiano imparato a descrivere Eatonville correttamente.","E anche quelli che sono più giovani, come Alondra e Alexia Kenon, gemelli di 11 anni da Winter Park, sembra abbiano imparato a descrivere Eatonville correttamente.",wmt09 sampled official pair with exact_match
mt0208,Italian,wmt09,en-it,punctuation_drop,"Unlike me, however, they had already withdrawn savings from smaller banks in places from where they commuted, from the likes of New Jersey, Pennsylvania and Staten Island.","Al contrario di me, comunque, loro hanno già prelevato i risparmi dalle banche più piccole dai posti dai quali fanno i pendolari, come quelli dal New Jersey, Pennsylvania e Staten Island.",Al contrario di me comunque loro hanno già prelevato i risparmi dalle banche più piccole dai posti dai quali fanno i pendolari come quelli dal New Jersey Pennsylvania e Staten Island,wmt09 sampled official pair with punctuation_drop
mt0209,Italian,wmt09,en-it,partial_truncation,"The musical versatility produced by such a youth choir was often astonishing, always exciting, and it was all due to the inspiration of that one man and the enthusiasm for the music which remained absolutely constant throughout the years.","La versatilità musicale prodotta da un così giovane coro era spesso stupefacente, sempre eccitante, ed era tutto a causa dell'ispirazione di quell'uomo e l'entusiasmo per la musica che rimase assolutamente costante attraverso gli anni.","La versatilità musicale prodotta da un così giovane coro era spesso stupefacente, sempre eccitante, ed era tutto a causa dell'ispirazione di quell'uomo e l'entusiasmo per la",wmt09 sampled official pair with partial_truncation
mt0210,Italian,wmt09,en-it,middle_deletion,William Woodruff,William Woodruff,William oodruff,wmt09 sampled official pair with middle_deletion
mt0211,Italian,wmt09,en-it,local_reordering,"Gary Glitter, the glam rock star convicted of child sex abuse, has been banned by the courts from travelling to France and Spain.","A Gary Glitter, la stella glamour del rock colpevole di abusi sessuale su minori, è stato proibito di viaggiare in Francia e Spagna dalla corte.","A Gary Glitter, la stella glamour del rock colpevole di abusi su sessuale minori, è stato proibito di viaggiare in Francia e Spagna dalla corte.",wmt09 sampled official pair with local_reordering
mt0212,Italian,wmt09,en-it,source_leakage,"""From our point of view, it is easier to monitor someone who remains in the UK because we have comprehensive systems in place to manage any potential risks more effectively.","""Dal nostro punto di vista, è più facile controllare qualcuno che rimane nel Regno Unito perché abbiamo idonei sistemi completi per gestire ogni rischio potenziale più efficacemente.","""Dal nostro punto di vista, è più facile controllare qualcuno che rimane nel Regno Unito perché abbiamo idonei sistemi completi per gestire ogni rischio potenziale più efficacemente. ""From our",wmt09 sampled official pair with source_leakage
mt0213,Italian,wmt09,en-it,fragment_duplication,Glitter had previously been jailed in the UK for four months in 1999 for possessing images of child abuse.,Glitter precedentemente era stato incarcerato nel Regno Unito nel 1999 per aver posseduto immagini di abusi su bambini.,Glitter precedentemente era stato incarcerato nel Regno Unito nel 1999 1999 per aver posseduto immagini di abusi su bambini.,wmt09 sampled official pair with fragment_duplication
mt0214,Italian,wmt09,en-it,exact_match,"Vargas Llosa, who won the Hay Festival prize being the most voted writer by participants - an ancient edition of ""Our mutual friend"" by Dickens, packed the theatre Juan Bravo with fans.","Vargas Llosa, che ha vinto il premio dell'Hay Festival per essere lo scrittore più votato dai partecipanti – un'edizione antica del libro ""Our mutual friend"" di Dickens, ha riempito i posti del teatro Juan Bravo.","Vargas Llosa, che ha vinto il premio dell'Hay Festival per essere lo scrittore più votato dai partecipanti – un'edizione antica del libro ""Our mutual friend"" di Dickens, ha riempito i posti del teatro Juan Bravo.",wmt09 sampled official pair with exact_match
mt0215,Italian,wmt09,en-it,punctuation_drop,"It was this person to alert the emergency services, because ""he was concerned about Ms. Locklear's life.""","È stata questa persona ad allertare i servizi di emergenza, perché ""era preoccupata per la vita della Locklear.""",È stata questa persona ad allertare i servizi di emergenza perché era preoccupata per la vita della Locklear,wmt09 sampled official pair with punctuation_drop
mt0216,Italian,wmt09,en-it,partial_truncation,"Two months ago, Ms. Locklear was out of a specialist clinic in Arizona where she was cured after an episode of anxiety and depression.","Due mesi fa, la Locklear era uscita ristabilita da una clinica specialistica in Arizona dopo essere stata ricoverata in seguito ad un episodio di ansia e depressione.","Due mesi fa, la Locklear era uscita ristabilita da una clinica specialistica in Arizona dopo essere stata ricoverata in seguito",wmt09 sampled official pair with partial_truncation
mt0217,Italian,wmt09,en-it,middle_deletion,"The staging includes two outstanding contributions: that of Miguel Poveda, who will sing again Isabel in one of the shows, the same he did in ""La puerta abierta"", and the master Matilde Coral, which exceptionally wanted to work together with a former student of hers.","La messa in scena prevede due contributi eccezionali: quello di Miguel Poveda, che canterà di nuovo Isabel in uno dei suoi spettacoli, come face ne ""La puerta abierta""; e quello della maestra Matilde Coral, che eccezionalmente ha voluto lavorare con quella che era stata una sua allieva.","La messa in scena prevede due contributi eccezionali: quello di Miguel Poveda, che canterà di nuovo Isabel in uno dei suoi spettacoli, come ne ""La puerta abierta""; e quello della maestra Matilde Coral, che eccezionalmente ha voluto lavorare con quella che era stata una sua allieva.",wmt09 sampled official pair with middle_deletion
mt0218,Italian,wmt09,en-it,local_reordering,"The show will be on stage starting from today, 20.30pm, at the theatre Lope de Vega.","Lo spettacolo avrà inizio oggi, alle ore 20.30 presso il teatro di Lope de Vega.","Lo spettacolo avrà inizio oggi, alle 20.30 ore presso il teatro di Lope de Vega.",wmt09 sampled official pair with local_reordering
mt0219,Italian,wmt09,en-it,source_leakage,We like America a bit less without Paul Newman,L'America piace un po' meno senza Paul Newman,L'America piace un po' meno senza Paul Newman We like,wmt09 sampled official pair with source_leakage
mt0220,Italian,wmt09,en-it,fragment_duplication,"In addition, it is equipped with a fine mechanics which increases the driving comfort and permits to save fuel.","A tutto va aggiunta una meccanica raffinata, che aumenta il comfort di guida e permettere di risparmiare carburante.","A tutto va aggiunta una meccanica raffinata, che aumenta il il comfort di guida e permettere di risparmiare carburante.",wmt09 sampled official pair with fragment_duplication
mt0221,Italian,wmt09,en-it,exact_match,"Other improvements - in addition to external elements, such as the rear led or the possibility to mount the panoramic glass - concern the improved access to back seats.","Altri miglioramenti - oltre ad elementi esterni, come i led posteriori o la possibilità di montare il vetro panoramico - riguardano un miglioramento in fatto di accessibilità ai sedili posteriori.","Altri miglioramenti - oltre ad elementi esterni, come i led posteriori o la possibilità di montare il vetro panoramico - riguardano un miglioramento in fatto di accessibilità ai sedili posteriori.",wmt09 sampled official pair with exact_match
mt0222,Italian,wmt09,en-it,punctuation_drop,"I think so, although at the very end, all merged and many elements remain cross-field ideas.","Credo di sì, anche se alla fine, tutto confluisce e ci sono molti elementi in comune.",Credo di sì anche se alla fine tutto confluisce e ci sono molti elementi in comune,wmt09 sampled official pair with punctuation_drop
mt0223,Italian,wmt09,en-it,partial_truncation,"I've never felt better, I like to be 30 years old.","Mai sentita meglio, mi piace l'idea dei 30 anni.","Mai sentita meglio, mi piace l'idea dei",wmt09 sampled official pair with partial_truncation
mt0224,Italian,wmt09,en-it,middle_deletion,"Unlike a bee, the robot can not deviate upwards or downwards, or even diagonally. It can only move in two dimensions and in the direction its wheels can turn to. Obviously, it cannot run infinite directions and ways like bees do.","A differenza di un'ape, il robot non può deviare verso l'alto o verso il basso, e nemmeno in diagonale; si può muovere solo in due dimensioni e nella direzione in cui possono girare le sue ruote e non sfruttando infinite direzioni e modi come fanno le api.","A differenza di un'ape, il robot non può deviare verso l'alto o verso il basso, e nemmeno in diagonale; si può muovere solo due dimensioni e nella direzione in cui possono girare le sue ruote e non sfruttando infinite direzioni e modi come fanno le api.",wmt09 sampled official pair with middle_deletion
mt0225,Italian,wmt09,en-it,local_reordering,"In this regard, a study conducted in 2007 in the United States proved that vehicles equipped with these devices can reduce the infringements up to 65% during the first year of introduction.","A questo proposito, uno studio condotto negli Stati Uniti nel 2007 ha dimostrato che i veicoli muniti di tali dispositivi permettono di ridurre fino al 65% delle infrazioni commesse durante il primo anno di introduzione.","A questo proposito, uno studio condotto negli Stati Uniti nel 2007 ha dimostrato che i veicoli di muniti tali dispositivi permettono di ridurre fino al 65% delle infrazioni commesse durante il primo anno di introduzione.",wmt09 sampled official pair with local_reordering
mt0226,Italian,wmt09,en-it,source_leakage,The Spanish ambassador and other authorities stood at the foot of the ladder.,"Ai piedi della scaletta, l'ambasciatore spagnolo e le altre autorità.","Ai piedi della scaletta, l'ambasciatore spagnolo e le altre autorità. The Spanish",wmt09 sampled official pair with source_leakage
mt0227,Italian,wmt09,en-it,fragment_duplication,"Probably there is not a more appropriate place in the world than Paris to present a fashion award, and probably there is not a living designer as exquisite as Valentino.","Probabilmente non c'è luogo al mondo più appropriato per presentare un premio di moda, che non Parigi e probabilmente non esiste uno stilista più squisito e bont vivan di Valentino.","Probabilmente non c'è luogo al mondo più appropriato per presentare un premio di moda, che non non Parigi e probabilmente non esiste uno stilista più squisito e bont vivan di Valentino.",wmt09 sampled official pair with fragment_duplication
mt0228,Italian,wmt09,en-it,exact_match,"Beyond yoga positions, the classic massage or the ""spa"" treatments, Susannah Marriott collects in the pages of her book, a ""menu"" full of options tailored to individual tastes and needs.","Al di là delle posizioni yoga, del classico massaggio o dei trattamenti ""spa"", Susannah Marriott raccoglie nelle pagine del suo libro, tutto un ""menu"" di opzioni su misura per gusto e tempo di ciascuno.","Al di là delle posizioni yoga, del classico massaggio o dei trattamenti ""spa"", Susannah Marriott raccoglie nelle pagine del suo libro, tutto un ""menu"" di opzioni su misura per gusto e tempo di ciascuno.",wmt09 sampled official pair with exact_match
mt0229,Italian,wmt09,en-it,punctuation_drop,Do not ever tell your child you could ask him something during the night to know his secrets.,Non dite mai al bambino che potreste fargli delle domande durante la notte per conoscere i suoi segreti.,Non dite mai al bambino che potreste fargli delle domande durante la notte per conoscere i suoi segreti,wmt09 sampled official pair with punctuation_drop
mt0230,Italian,wmt09,en-it,partial_truncation,"The beginning of the second half was decisive with the first two occasions dominated by Riahi and Temporale for Dannemarie, immediately after the score was opened for Illhaeuserns by Marais, well positioned to pick up a ball bounced off an initial attempt by Diebold (53').","L'inizio del secondo tempo era decisivo con due occasioni iniziali firmate Riahi e Temporale per il Dannemarie, e subito dopo la prima rete di Marais per l'Illhaeusern, ben posizionato, riprendeva una palla respinta su un primo tentativo di Diebold (53').","L'inizio del secondo tempo era decisivo con due occasioni iniziali firmate Riahi e Temporale per il Dannemarie, e subito dopo la prima rete di Marais per l'Illhaeusern, ben posizionato, riprendeva",wmt09 sampled official pair with partial_truncation
mt0231,Italian,wmt09,en-it,middle_deletion,Sarkozy meets angry fishermen.,Sarkozy incontra i pescatori in collera,Sarkozy incontra i in collera,wmt09 sampled official pair with middle_deletion
mt0232,Italian,wmt09,en-it,local_reordering,"In Guilvinec, the ""crisis committee"" has to decide on Tuesday whether to comply with the movement and its participation in the planned meeting at the Ministry of Agriculture and Fisheries in Paris.","Nel Guilvinec, il ""comitato di crisi"" deciderà infatti martedì le future azioni del movimento e l'eventuale partecipazione all'incontro previsto al ministero dell'Agricoltura e della Pesca a Parigi.","Nel Guilvinec, il ""comitato di crisi"" deciderà infatti martedì le future azioni movimento del e l'eventuale partecipazione all'incontro previsto al ministero dell'Agricoltura e della Pesca a Parigi.",wmt09 sampled official pair with local_reordering
mt0233,Italian,wmt09,en-it,source_leakage,"But some Breton fishermen do not want to be represented by the officials of the National Committee of Fisheries, which did not support their movement.","Ma alcuni pescatori bretoni non vogliono essere rappresentati da dei responsabili del comitato nazionale di pesca, che non ne ha sostenuto il movimento.","Ma alcuni pescatori bretoni non vogliono essere rappresentati da dei responsabili del comitato nazionale di pesca, che non ne ha sostenuto il movimento. But some",wmt09 sampled official pair with source_leakage
mt0234,Italian,wmt09,en-it,fragment_duplication,"AIG is ready to explore the sale of most of its activities beyond its international life insurance and its pension business in the United States, said the newspaper quoting sources close to the case.","L'AIG è pronta a considerare la vendita di gran parte delle sue attività, oltre alla cessione dei rami di assicurazione sulla vita al mercato internazionale e agli Stati Uniti, precisa il giornale sulla base di fonti più che autorevoli.","L'AIG è pronta a considerare la vendita di gran parte delle sue attività, oltre alla cessione dei rami di assicurazione assicurazione sulla vita al mercato internazionale e agli Stati Uniti, precisa il giornale sulla base di fonti più che autorevoli.",wmt09 sampled official pair with fragment_duplication
mt0235,Italian,wmt09,en-it,exact_match,"Already suffering a depression at the beginning of the meeting, Wall Street went down after the unexpected rejection by the House of Representatives of the rescue plan for banks that was to inject some stability in the markets.","Demoralizzata a inizio seduta, Wall Street è sprofondata dopo l'inaspettato rifiuto del piano di salvataggio delle banche, pensato per riportare stabilità ai mercati.","Demoralizzata a inizio seduta, Wall Street è sprofondata dopo l'inaspettato rifiuto del piano di salvataggio delle banche, pensato per riportare stabilità ai mercati.",wmt09 sampled official pair with exact_match
mt0236,Italian,wmt09,en-it,punctuation_drop,"Morgan Stanley affirmed that the overall operation would be based on an average unit price of 29 dollars, or 28% above its current price.","La Morgan Stanley ha precisato che l'operazione globale si effettuerebbe sulla base di un prezzo medio di 29 dollari a titolo, ovvero una percentuale inferiore al suo corso attuale del 28%.",La Morgan Stanley ha precisato che loperazione globale si effettuerebbe sulla base di un prezzo medio di 29 dollari a titolo ovvero una percentuale inferiore al suo corso attuale del 28,wmt09 sampled official pair with punctuation_drop
mt0237,Italian,wmt09,en-it,partial_truncation,Rafael Correa in Quito on Monday.,"Rafael Correa à Quito, ce lundi.","Rafael Correa à Quito,",wmt09 sampled official pair with partial_truncation
mt0238,Italian,wmt09,en-it,middle_deletion,"The Constitution also consolidates the principle of free health services and education that the president has begun to establish in this country of 13.9 million inhabitants, where 50% of the population lives below the poverty line.","La Costituzione afferma inoltre la gratuità dei servizi sanitari e di istruzione, che il presidente ha cominciato a promuovere in questo paese di 13,9 milioni di abitanti, dove il 50% della popolazione vive al di sotto della soglia di povertà.","La Costituzione afferma inoltre la gratuità dei servizi sanitari e di istruzione, che il presidente ha cominciato a promuovere in paese di 13,9 milioni di abitanti, dove il 50% della popolazione vive al di sotto della soglia di povertà.",wmt09 sampled official pair with middle_deletion
mt0239,Italian,wmt09,en-it,local_reordering,"""McCain has never understood, while Obama, if"", argued this weekend, a Democratic spot criticizing the Republican of not taking the whole measure of the impact of the crisis on the ""American on the streets"".","""McCain non ha mai capito, al contrario di Obama"", ha ribattuto, questo fine settimana, uno spot democratico, rimproverando al repubblicano di non aver adottato le misure necessarie per far fronte all'impatto della crisi finanziaria sul popolo americano.","""McCain non ha mai capito, al contrario di Obama"", ha ribattuto, questo fine settimana, uno spot democratico, al rimproverando repubblicano di non aver adottato le misure necessarie per far fronte all'impatto della crisi finanziaria sul popolo americano.",wmt09 sampled official pair with local_reordering
mt0240,Italian,wmt09,en-it,source_leakage,"Some confess to not having even voted: ""What for, since they will do whatever they want of my voice,"" said a youth.","Alcuni confessano di non aver nemmeno votato :"" A che pro? Tanto faranno quello che vorranno, del mio voto"", dice un ragazzo.","Alcuni confessano di non aver nemmeno votato :"" A che pro? Tanto faranno quello che vorranno, del mio voto"", dice un ragazzo. Some confess",wmt09 sampled official pair with source_leakage
mt0241,Italian,wmt09,en-it,fragment_duplication,"""We must recognize that we have achieved this result through the professionalism and effectiveness of our men from the secret services, from the special forces,"" he said, without further details.","Dobbiamo ammettere che se abbiamo ottenuto tale risultato è stato grazie alla professionalità e all'efficienza degli uomini dei nostri servizi segreti, delle forze speciali"", ha dichiarato, senza aggiungere altri dettagli.","Dobbiamo ammettere che se abbiamo ottenuto tale risultato è stato grazie alla professionalità e all'efficienza degli degli uomini dei nostri servizi segreti, delle forze speciali"", ha dichiarato, senza aggiungere altri dettagli.",wmt09 sampled official pair with fragment_duplication
mt0242,Italian,wmt09,en-it,exact_match,He also denied paying a ransom.,Inoltre ha smentito il pagamento di un riscatto.,Inoltre ha smentito il pagamento di un riscatto.,wmt09 sampled official pair with exact_match
mt0243,Italian,wmt09,en-it,punctuation_drop,When will there be a forum for history and heritage?,Quando verrà riservato il giusto spazio alla storia e al patrimonio?,Quando verrà riservato il giusto spazio alla storia e al patrimonio,wmt09 sampled official pair with punctuation_drop
mt0244,Italian,wmt09,en-it,partial_truncation,The interview - Blood becomes safe again,L'incontro - Il sangue è di nuovo sicuro,L'incontro - Il sangue è di,wmt09 sampled official pair with partial_truncation
mt0245,Italian,wmt09,en-it,middle_deletion,"""The demand is increasing as the population ages.","""Le necessità aumentano poiché la popolazione invecchia.","""Le necessità aumentano la popolazione invecchia.",wmt09 sampled official pair with middle_deletion
mt0246,Italian,wmt09,en-it,local_reordering,"Rotating in a loop on three huge screens, were dramatic pictures of hydroelectric dams, mining developments, of Quebec seen through ""Google Maps"", maps, etc.","Su tre maxi schermi, si confondevano dei spettacolari negativi di dighe idroelettriche, coltivazioni minerarie, immagini del Quebec visto con ""Google Maps"", cartine, ecc.","Su tre maxi schermi, si confondevano dei spettacolari negativi di idroelettriche, dighe coltivazioni minerarie, immagini del Quebec visto con ""Google Maps"", cartine, ecc.",wmt09 sampled official pair with local_reordering
mt0247,Italian,wmt09,en-it,source_leakage,"The only government that, despite the fact that Canada has signed the Geneva Convention, has gone back on his word and let languish in inhumane conditions a child soldier.","L'unico governo che, nonostante abbia firmato la Convenzione di Ginevra, rinnega la propria parola e lascia marcire un bambino-soldato in condizioni inumane.","L'unico governo che, nonostante abbia firmato la Convenzione di Ginevra, rinnega la propria parola e lascia marcire un bambino-soldato in condizioni inumane. The only",wmt09 sampled official pair with source_leakage
mt0248,Italian,wmt09,en-it,fragment_duplication,Free opinion - The Orwellian speech Barrick Gold,Libera opinione - Il discorso orwelliano della Barrick Gold,Libera opinione - Il discorso discorso orwelliano della Barrick Gold,wmt09 sampled official pair with fragment_duplication
mt0249,Italian,wmt09,en-it,exact_match,"Not surprisingly, this difference is completely obscured by Mr. Garver.","Senza alcuna sorpresa, questa differenza sostanziale viene completamente nascosta da Garver.","Senza alcuna sorpresa, questa differenza sostanziale viene completamente nascosta da Garver.",wmt09 sampled official pair with exact_match
mt0250,Italian,wmt09,en-it,punctuation_drop,"The tactics, in these unequal struggles, is often to ruin the defendants with the aim of imposing a settlement that silences the opposition and in addition frightens anyone who dares to think of reopening the issue.","Del resto, in queste lotte ad armi impari, la tattica è spesso quella di rovinare il convenuto al fine di imporre un regolamento consensuale che imbavagli l'opposizione oltre a spaventare chiunque osi pronunciarsi nuovamente sulla questione.",Del resto in queste lotte ad armi impari la tattica è spesso quella di rovinare il convenuto al fine di imporre un regolamento consensuale che imbavagli lopposizione oltre a spaventare chiunque osi pronunciarsi nuovamente sulla questione,wmt09 sampled official pair with punctuation_drop
mt0251,Italian,wmt09,en-it,partial_truncation,"Barrick Gold enormous pursuit clearly shows that, contrary to its claims, it did not want a transparent debate.","Le misure eccessive della Barrick Gold mostrano chiaramente che, contrariamente alle sue pretese, essa non ricerchi affatto un dibattito trasparente.","Le misure eccessive della Barrick Gold mostrano chiaramente che, contrariamente alle sue pretese, essa non",wmt09 sampled official pair with partial_truncation
mt0252,Italian,wmt09,en-it,middle_deletion,The negotiations turned into a sprint in the final hours for fear of the effect another failure would cause on the mood of investors.,La conclusione delle trattative era marcata dalle preoccupazioni riguardanti l'impatto di un nuovo fallimento sugli investitori.,La conclusione delle trattative era marcata dalle preoccupazioni l'impatto di un nuovo fallimento sugli investitori.,wmt09 sampled official pair with middle_deletion
mt0253,Italian,wmt09,en-it,local_reordering,"At the same time, Europe has once again demonstrated the global nature of the crisis.","Allo stesso tempo, in Europa, si assisteva ancora una volta alla prova della natura mondiale della crisi.","Allo stesso tempo, in Europa, si assisteva una ancora volta alla prova della natura mondiale della crisi.",wmt09 sampled official pair with local_reordering
mt0254,Italian,wmt09,en-it,source_leakage,But what a great runner till the end!,Ma che costanza!,Ma che costanza! But what,wmt09 sampled official pair with source_leakage
mt0255,Italian,wmt09,en-it,fragment_duplication,"Paul Newman, who died on Friday, aged 83, as a result of lung cancer at his ranch in Connecticut, remains one of the last icons of American cinema from the years of splendour.","Paul Newman, scomparso venerdì, all'età di 83 anni, nel suo ranch del Connecticut, in seguito ad un cancro al polmone, resta una delle ultime icone del cinema americano degli anni fasti.","Paul Newman, scomparso venerdì, all'età di 83 anni, nel suo ranch del Connecticut, in seguito ad ad un cancro al polmone, resta una delle ultime icone del cinema americano degli anni fasti.",wmt09 sampled official pair with fragment_duplication
mt0256,Italian,wmt09,en-it,exact_match,"Also disappearing with him are the shadowy areas of this secret star, discreet, committed, allergic to the scandals of show business, which have definitely not penetrated the enigma.","Se ne vanno con lui le zone d'ombra di una star riservata, discreta, impegnata, allergica agli scandali dello show-business, di cui non si riuscirà mai a svelarne completamente il mistero.","Se ne vanno con lui le zone d'ombra di una star riservata, discreta, impegnata, allergica agli scandali dello show-business, di cui non si riuscirà mai a svelarne completamente il mistero.",wmt09 sampled official pair with exact_match
mt0257,Italian,wmt09,en-it,punctuation_drop,An honest man in the noblest sense of the word.,"Un uomo onesto, nel senso più nobile del termine.",Un uomo onesto nel senso più nobile del termine,wmt09 sampled official pair with punctuation_drop
mt0258,Italian,wmt09,en-it,partial_truncation,More than half a century of a seventh American art which is constantly changing scrolls through him.,Oltre mezzo secolo di cinema americano in piena trasformazione si ripropone attraverso le sue interpretazioni.,Oltre mezzo secolo di cinema americano in piena trasformazione si ripropone,wmt09 sampled official pair with partial_truncation
mt0259,Italian,wmt09,en-it,middle_deletion,"He lost his son Scott to an overdose to whom he dedicated his film Harry and Son in 1984, out of decency and sadness.","Lui, che ha perso il figlio Scott per un'overdose, gli ha dedicato nel 1984 il film Harry and Son, film discreto e triste.","Lui, che ha perso il figlio Scott per un'overdose, gli ha nel 1984 il film Harry and Son, film discreto e triste.",wmt09 sampled official pair with middle_deletion
mt0260,Italian,wmt09,en-it,local_reordering,"One of Lados's ""study visits"" was to a beer-house.","Una delle scelte del ""viaggio studi"" di Lados è stata una birreria.","Una delle scelte del ""viaggio di studi"" Lados è stata una birreria.",wmt09 sampled official pair with local_reordering
mt0261,Italian,wmt09,en-it,source_leakage,Issued consciously,Hanno emesso fatture consapevolmente,Hanno emesso fatture consapevolmente Issued consciously,wmt09 sampled official pair with source_leakage
mt0262,Italian,wmt09,en-it,fragment_duplication,The foundation Esély Budapestért Alapítvány issued an invoice of about four million forints for on the request of Fiatal Baloldal - Ifjú Szocialisták. This invoice was issued to the foundation Együtt a Harmadik Évezredért.,La fondazione Esély Budapestért Alapítvány ha emesso una fattura su richiesta di Fiatal Baloldal - Ifjú Szocialisták a favore della fondazione Együtt a Harmadik Évezredért di quasi 4 milioni di fiorini.,La fondazione Esély Budapestért Alapítvány ha emesso una fattura su richiesta di Fiatal Baloldal - Ifjú Ifjú Szocialisták a favore della fondazione Együtt a Harmadik Évezredért di quasi 4 milioni di fiorini.,wmt09 sampled official pair with fragment_duplication
mt0263,Italian,wmt09,en-it,exact_match,"According to the data of the investigation, these bills were purchased by the Kiskunhalas-based Cash Investment Kft., which has been under liquidation since 14 September 2005.",Secondo i dati dell'inchiesta la Cash Investment Kft. di Kiskunhalas sotto liquidazione dal 14 settembre 2005 ha acquistato queste fatture.,Secondo i dati dell'inchiesta la Cash Investment Kft. di Kiskunhalas sotto liquidazione dal 14 settembre 2005 ha acquistato queste fatture.,wmt09 sampled official pair with exact_match
mt0264,Italian,wmt09,en-it,punctuation_drop,"Most of the infected are not even aware of their illness since the pathogens destroy the liver cells over a long time, thus in many cases the first symptoms emerge 20 or 30 years later.","La maggior parte delle persone infette non sa di aver contratto la malattia perché gli agenti patogeni distruggono in maniera subdola le cellule epatiche, in molti casi i primi sintomi appaiono dopo 20-30 anni.",La maggior parte delle persone infette non sa di aver contratto la malattia perché gli agenti patogeni distruggono in maniera subdola le cellule epatiche in molti casi i primi sintomi appaiono dopo 2030 anni,wmt09 sampled official pair with punctuation_drop
mt0265,Italian,wmt09,en-it,partial_truncation,"This was the first experiment in a series of research, which besides academicians includes scientists, philosophers, theologians from different departments of the university.","Il test è la prima d'una serie di ricerche in cui oltre agli accademici prendono parte anche scienziati, filosofi e teologi dell'Università.",Il test è la prima d'una serie di ricerche in cui oltre agli accademici prendono parte,wmt09 sampled official pair with partial_truncation
mt0266,Italian,wmt09,en-it,middle_deletion,"To be exact, a sparking object providing electric shock was attached to the left hand of the volunteers in the experiment.",Il test si è svolto esattamente così: uno strumento che emette scariche e passa l'elettroshock è stato collegato alla mano sinistra del soggetto dell'esperimento.,Il test si è svolto esattamente così: uno strumento che emette scariche passa l'elettroshock è stato collegato alla mano sinistra del soggetto dell'esperimento.,wmt09 sampled official pair with middle_deletion
mt0267,Italian,wmt09,en-it,local_reordering,Anglican bishop Tom Wright welcomed the findings of the research.,Il vescovo anglicano Tom Wright si è compiaciuto del risultato della ricerca.,Il vescovo anglicano Tom Wright è si compiaciuto del risultato della ricerca.,wmt09 sampled official pair with local_reordering
mt0268,Italian,wmt09,en-it,source_leakage,After these great results the question now is how Leonardo's or another highly appreciated painter's picture of Madonna would influence the believers' pain regulation?,"Dopo gli ottimi risultati rimane solo la domanda se viene presentata ai credenti il dipinto d'una madonna di Leonardo o di un altro pittore di simile calibro, che effetto potrebbe avere sul controllo del dolore?","Dopo gli ottimi risultati rimane solo la domanda se viene presentata ai credenti il dipinto d'una madonna di Leonardo o di un altro pittore di simile calibro, che effetto potrebbe avere sul controllo del dolore? After these",wmt09 sampled official pair with source_leakage
mt0269,Italian,wmt09,en-it,fragment_duplication,"""What happens if my personal data are used against me, if it is discovered what I do?"", ask some of the users worrying about the information-monopoly of Google.","Cosa succede se i miei dati vengono utilizzati contro di me, se guardano di cosa mi occupo? - si chiedono gli utenti preoccupati del monopolio dei dati di Google.","Cosa succede se i miei dati vengono utilizzati contro di me, se guardano di cosa cosa mi occupo? - si chiedono gli utenti preoccupati del monopolio dei dati di Google.",wmt09 sampled official pair with fragment_duplication
mt0270,Italian,wmt09,en-it,exact_match,The murderer of two was assisted by two minors in hiding the traces in Ózd,Due minorenni hanno aiutato il duplice omicida di Ózd a far sparire le tracce,Due minorenni hanno aiutato il duplice omicida di Ózd a far sparire le tracce,wmt09 sampled official pair with exact_match
mt0271,Italian,wmt09,en-it,punctuation_drop,"The largest amount of shares is in the hand of the owner of the Patria Finance investment bank, having approximately 25 percent of the stakes. It is followed by the Ceská Sporitelna bank with 14.7 percent and Tiger Holding Four S. a.r.l. with 13.5 percent.","Il maggior proprietario della Borsa di Praga è la Patria Finance con una quota di quasi il 25%, seguita dalla Banca Česká Spořitelna col 14,7% e la Tiger Holding Four S. a.r.l. col 13,5%",Il maggior proprietario della Borsa di Praga è la Patria Finance con una quota di quasi il 25 seguita dalla Banca Česká Spořitelna col 147 e la Tiger Holding Four S arl col 135,wmt09 sampled official pair with punctuation_drop
mt0272,Italian,wmt09,en-it,partial_truncation,"""If that was not so, then the car robot would not be able to react fast enough to avoid obstacles,"" says Toshiyuki Andoh, manager of Nissan's Mobility Laboratory and principal engineer of the robot car project.","""Se non fosse così l'auto robot non saprebbe reagire velocemente per evitare le collisioni"" - spiega Toshiyuki Andoh, direttore del Laboratorio Mobilità e del progetto auto robot.","""Se non fosse così l'auto robot non saprebbe reagire velocemente per evitare le collisioni"" - spiega Toshiyuki Andoh, direttore del",wmt09 sampled official pair with partial_truncation
mt0273,Italian,wmt09,en-it,middle_deletion,"In the production of metal processing a price increase of 13.2 percent, in the field of food, beverage, tobacco production 11 percent growth was seen.","Nel settore della fabbricazione dei prodotti derivanti dalla lavorazione dei metalli l'aumento dei prezzi è stato del 13,2%, dell'11% nell'ambito della produzione di alimenti, bevande e tabacco rappresentanti un peso determinante.","Nel settore della fabbricazione dei prodotti derivanti dalla lavorazione dei metalli l'aumento dei prezzi è del 13,2%, dell'11% nell'ambito della produzione di alimenti, bevande e tabacco rappresentanti un peso determinante.",wmt09 sampled official pair with middle_deletion
mt0274,Italian,wmt09,en-it,local_reordering,Prices in the whole manufacturing industry increased by 10.2 percent during the last 12 months.,"In totale nell'industria della lavorazione nell'anno trascorso i prezzi sono saliti del 10,2%.","In totale nell'industria della lavorazione trascorso nell'anno i prezzi sono saliti del 10,2%.",wmt09 sampled official pair with local_reordering
mt0275,Italian,wmt09,en-it,source_leakage,Turning towards this direction again is out of question.,La ripetizione di questa direzione non viene considerata.,La ripetizione di questa direzione non viene considerata. Turning towards,wmt09 sampled official pair with source_leakage
mt0276,Italian,wmt09,en-it,fragment_duplication,"According to him, the cooperation by no means will be successful in case Faymann tries to intervene to the internal issues of ÖVP.","Come ha affermato, la collaborazione sicuramente non avrà successo se Faymann tenta di intromettersi negli affari interni della ÖVP.","Come ha affermato, la collaborazione sicuramente non avrà successo se se Faymann tenta di intromettersi negli affari interni della ÖVP.",wmt09 sampled official pair with fragment_duplication
mt0277,Italian,wmt09,en-it,exact_match,"The EU confirmed to maintain its energy and climate programme, meaning to have the intention to cut air pollutants emission by at least 20 per cent until 2020.","La UE ha confermato di persistere nel programma energetico e climatico, ossia vorrebbe diminuire almeno del 20% entro il 2020 le emissioni di sostanze nocive.","La UE ha confermato di persistere nel programma energetico e climatico, ossia vorrebbe diminuire almeno del 20% entro il 2020 le emissioni di sostanze nocive.",wmt09 sampled official pair with exact_match
mt0278,Italian,wmt09,en-it,punctuation_drop,"""The commission is absolutely independent and all political opinions, social, and cultural are represented – underlines Alemanno – It should make proposals for a development plan of Rome on which the political executives, which are always the Municipal Board and Council, can rely.","""La Commissione è assolutamente indipendente e vi sono rappresentate tutte le idee politiche, sociali e culturali - tiene a sottolineare Alemanno - Dovrà fornire proposte per un'idea di sviluppo di Roma di cui i decisori politici, che restano la Giunta e il Consiglio comunale, si potranno poi avvalere.",La Commissione è assolutamente indipendente e vi sono rappresentate tutte le idee politiche sociali e culturali tiene a sottolineare Alemanno Dovrà fornire proposte per unidea di sviluppo di Roma di cui i decisori politici che restano la Giunta e il Consiglio comunale si potranno poi avvalere,wmt09 sampled official pair with punctuation_drop
mt0279,Italian,wmt09,en-it,partial_truncation,"As for holiday, things get complicated: so many days the first year, so many days after the third to get to a total of 15 days after a certain number of years.","Per le ferie, poi, il ragionamento si fa complicato: tot giorni dopo il primo anno, tot dopo il terzo per arrivare a 15 giorni complessivi dopo un certo numero di anni.","Per le ferie, poi, il ragionamento si fa complicato: tot giorni dopo il primo anno, tot dopo il terzo per arrivare a 15",wmt09 sampled official pair with partial_truncation
mt0280,Italian,wmt09,en-it,middle_deletion,"The crisis, in fact, is a crisis for the financial-banking institutions who have, indeed, strong ties with foreign countries, but which above all deal with the budgets of persons or families who live in a single nation, in a single state.","La crisi, infatti, è crisi di istituzioni bancario- finanziarie le quali hanno, sì, fitti legami con l'estero, ma che innanzi tutto vedono coinvolte in larghissima misura i bilanci di persone e famiglie che vivono in un unico Paese, in un unico Stato.","La crisi, infatti, è crisi di istituzioni bancario- finanziarie le quali hanno, sì, fitti legami con l'estero, ma che innanzi tutto coinvolte in larghissima misura i bilanci di persone e famiglie che vivono in un unico Paese, in un unico Stato.",wmt09 sampled official pair with middle_deletion
mt0281,Italian,wmt09,en-it,local_reordering,"Always on the same track, it is possible to create ""hybrid PDF"" documents, that join the standard graphics of the Adobe format with the elements of a spreadsheet or a word processor.","Sempre su questo fronte si possono creare documenti ""PDF ibridi"", che accumunano la grafica tipica del formato di Adobe con gli elementi di un foglio di calcolo o di un elaboratore di testo.","Sempre su questo fronte si possono creare documenti ""PDF ibridi"", che accumunano la grafica tipica formato del di Adobe con gli elementi di un foglio di calcolo o di un elaboratore di testo.",wmt09 sampled official pair with local_reordering
mt0282,Italian,wmt09,en-it,source_leakage,"Italy ""from a country of emigrants has recently been transformed into a privileged destination for immigrants"" reluctantly received.","L'Italia ""da Paese di emigranti si è trasformato solo recentemente in una destinazione privilegiata per gli immigrati"" accolti con riluttanza.","L'Italia ""da Paese di emigranti si è trasformato solo recentemente in una destinazione privilegiata per gli immigrati"" accolti con riluttanza. Italy ""from",wmt09 sampled official pair with source_leakage
mt0283,Italian,wmt09,en-it,fragment_duplication,"So the publicity campaign that will accompany the debut of the new vehicle will set off a new communication method which also includes a futuristic campaign of 3D billboards, used for the first time in Italy by a car brand.","Così il battage pubblicitario che accompagnerà il debutto della nuova vettura avvierà una modalità inedita di comunicazione anche attraverso un'avveniristica campagna di affissioni in 3D, utilizzata per la prima volta in Italia da un brand automobilistico.","Così il battage pubblicitario che accompagnerà il debutto della nuova vettura avvierà una modalità inedita di comunicazione anche attraverso attraverso un'avveniristica campagna di affissioni in 3D, utilizzata per la prima volta in Italia da un brand automobilistico.",wmt09 sampled official pair with fragment_duplication
mt0284,Italian,wmt09,en-it,exact_match,"Among the regions most badly hit by the closures, Emilia-Romagna takes the lead with 82 single-hall cinemas lost, followed by Tuscany (44), and by Lombardy (41).","Tra le regioni più colpite dalle chiusure primeggia l'Emilia-Romagna con 82 cinema monosala persi, seguita dalla Toscana (44) e dalla Lombardia (41).","Tra le regioni più colpite dalle chiusure primeggia l'Emilia-Romagna con 82 cinema monosala persi, seguita dalla Toscana (44) e dalla Lombardia (41).",wmt09 sampled official pair with exact_match
mt0285,Italian,wmt09,en-it,punctuation_drop,"He brought in cause the then vice-minister of the Interior Marco Minniti accusing him of having plotted everything for political motives, however the judges, in the arrest warrant signed this morning, have explained that the Piromalli gang had even arrived at asking for the variation of the A3 project.","Chiamò in causa l'allora viceministro dell'Interno Marco Minniti, accusandolo di avere architettato il tutto per una questione politica, ma i giudici, nell'ordinanza di arresto firmata stamane, spiegano che la cosca Piromalli era giunta addirittura a chiedere la variazione del progetto della A3.",Chiamò in causa lallora viceministro dellInterno Marco Minniti accusandolo di avere architettato il tutto per una questione politica ma i giudici nellordinanza di arresto firmata stamane spiegano che la cosca Piromalli era giunta addirittura a chiedere la variazione del progetto della A3,wmt09 sampled official pair with punctuation_drop
mt0286,Italian,wmt09,en-it,partial_truncation,"Particular interest, declare the people at the Electrical Energy Research Institute, is deserved at the moment by the potential of tides.","Un interesse particolare, dicono all'Istituto per la ricerca dell'energia elettrica, merita in questo momento il potenziale delle maree.","Un interesse particolare, dicono all'Istituto per la ricerca dell'energia elettrica, merita in questo momento",wmt09 sampled official pair with partial_truncation
mt0287,Japanese,wmt24,en-ja,exact_match,"Our planning system also needs to adapt so that planners in suburban councils, who seem to be less supportive of change, are not the only determinants of the future shape of their suburbs. A way forward could be to have an independent decision-making body that championed quality design as long as it fitted below the tree tops and incorporated family living, large balconies, common gardens and presented a friendly appearance. This could be a role for the current NSW government architect working within a carefully crafted complying code.",あまり変化を支持しない郊外の自治体の計画担当者らが将来の郊外の形態を決定する唯一の存在にならないように、我々の計画システムも適応させる必要がある。これからの道筋としては、樹木の梢以下の高さに収まり、リビングルーム、大きなバルコニー、共用庭園を備え、親しみやすい外観を持つという条件を満たした質の高いデザインを支持する独立意思決定機関を設立することが考えられる。それは慎重に計画された準拠コードの下で作業する現ニューサウスウェールズ州政府の建築家が担当する可能性がある。,あまり変化を支持しない郊外の自治体の計画担当者らが将来の郊外の形態を決定する唯一の存在にならないように、我々の計画システムも適応させる必要がある。これからの道筋としては、樹木の梢以下の高さに収まり、リビングルーム、大きなバルコニー、共用庭園を備え、親しみやすい外観を持つという条件を満たした質の高いデザインを支持する独立意思決定機関を設立することが考えられる。それは慎重に計画された準拠コードの下で作業する現ニューサウスウェールズ州政府の建築家が担当する可能性がある。,wmt24 sampled official pair with exact_match
mt0288,Japanese,wmt24,en-ja,punctuation_drop,"The international financial institution is poised to launch a strategy aimed at significantly advancing the rights and economic opportunities for girls and women by 2030. The plan focuses on improving inclusivity and resilience through access to finance, technological innovation, and changes in public policy and law.",この国際的金融機関は、女性の権利と経済的機会を2030年までに著しく前進させることを狙いとした戦略を立ち上げる準備を整えている。この計画は金融機関の利用、技術革新、公共政策および法律の改正を通じた包括性と回復力の向上に重点を置いたものである。,この国際的金融機関は女性の権利と経済的機会を2030年までに著しく前進させることを狙いとした戦略を立ち上げる準備を整えているこの計画は金融機関の利用技術革新公共政策および法律の改正を通じた包括性と回復力の向上に重点を置いたものである,wmt24 sampled official pair with punctuation_drop
mt0289,Japanese,wmt24,en-ja,partial_truncation,"Simon Spillane, the lobby group's head of operations, said brewers were ""already leading the way"" in packaging sustainability, citing the example of beer kegs being reused around 165 times before being crushed and recycled after 30 years. They support reuse recycling systems already in place in many countries, he said.",ロビー団体の運営責任者、サイモン・スピレイン氏は、ビール醸造者は包装のサステナビリティにおいては「既に先導的立場にある」と述べ、ビール樽が30年後に粉砕されリサイクルされるまでに165回近く再利用されることを例に挙げた。ビール醸造者は既に多くの国で導入されている再利用・リサイクル・システムも支持していると同氏は語った。,ロビー団体の運営責任者、サイモン・スピレイン氏は、ビール醸造者は包装のサステナビリティにおいては「既に先導的立場にある」と述べ、ビール樽が30年後に粉砕されリサイクルされるまでに165回近く再利用されることを例に挙げた。ビール醸造者は既に多,wmt24 sampled official pair with partial_truncation
mt0290,Japanese,wmt24,en-ja,middle_deletion,"""Importantly, today's Commission action is cabined to ETPs holding one non-security commodity, bitcoin. It should in no way signal the Commission's willingness to approve listing standards for crypto asset securities. Nor does the approval signal anything about the Commission's views as to the status of other crypto assets under the federal securities laws or about the current state of non-compliance of certain crypto asset market participants with the federal securities laws,"" Gensler said.",「重要なのは、本日の委員会の措置がビットコインという非証券商品を保有するETPに限定されたものであることだ。これは委員会が暗号資産証券の上場基準を承認する意思があることを示すものではない。また、この承認は、連邦証券法の下での他の暗号資産の地位、あるいは特定の暗号資産市場投資家が連邦証券法を遵守していない現状についての委員会の見解を示唆するものではない」とゲンスラー委員長は述べた。,「重要なのは、本日の委員会の措置がビットコインという非証券商品を保有するETPに限定されたものであることだ。これは委員会が暗号資産証券の上場基準を承認する意思があることを示すものではない。ま、この承認は、連邦証券法の下での他の暗号資産の地位、あるいは特定の暗号資産市場投資家が連邦証券法を遵守していない現状についての委員会の見解を示唆するものではない」とゲンスラー委員長は述べた。,wmt24 sampled official pair with middle_deletion
mt0291,Japanese,wmt24,en-ja,local_reordering,"""With the flagrantly lawless crypto industry crashing and burning due to a mountain of arrests, criminal convictions, bankruptcies, lawsuits, scandals, massive losses, and millions of investor and customer victims, who would have thought that the SEC would come to its rescue by approving a trusted and familiar investment vehicle that will enable the mass marketing of a known worthless, volatile, and fraud-filled financial product to Main Street Americans,"" Kelleher said.",「大量の逮捕者、刑事有罪判決、倒産、訴訟、スキャンダル、巨額損失を引き起こし、何百万人もの投資家と顧客が被害を受け、目に余るほど無秩序な暗号通貨業界が破滅しているなかで、米証券取引委員会が信頼できる昔ながらの投資手段を承認することで暗号通貨業界に支援の手を差し伸べたつもりが、これにより無価値で価格変動が激しく、詐欺まみれとして知られる金融商品を一般のアメリカ人に大量販売することが可能になるなどと、誰が想像したでしょうか？」とケレハー氏は語った。,が破滅しているなかで、米証券取引委員会が信頼できる昔ながらの投資手段を承認することで暗号通貨業界に支援の手を差し伸べたつもりが、これにより無価値で価「大量の逮捕者、刑事有罪判決、倒産、訴訟、スキャンダル、巨額損失を引き起こし、何百万人もの投資家と顧客が被害を受け、目に余るほど無秩序な暗号通貨業界格変動が激しく、詐欺まみれとして知られる金融商品を一般のアメリカ人に大量販売することが可能になるなどと、誰が想像したでしょうか？」とケレハー氏は語った。,wmt24 sampled official pair with local_reordering
mt0292,Japanese,wmt24,en-ja,source_leakage,"Kremen also confirmed that a 3,400 hryvnia ($89) fine had been imposed on a Kiev taxi driver who serviced his clients in Russian. The ombudsman reminded the public of a ""detailed algorithm of actions in case of violation of the right to receive information or services in the state language,"" urging people to immediately file complaints on the commissioner's website when such cases occur.","クレメン氏は、ロシア語で接客したキーウのタクシー運転手に3,400フリヴニャ（89ドル）の罰金が課されたことも確認した。同氏は、「自国語で情報やサービスを受ける権利が侵害された場合に取る詳細な行動手順」を国民に再度伝え、そのような事案が発生した際には、すぐに国家語保護全権のウェブサイトに苦情を訴えるよう国民に促した。","クレメン氏は、ロシア語で接客したキーウのタクシー運転手に3,400フリヴニャ（89ドル）の罰金が課されたことも確認した。同氏は、「自国語で情報やサービスを受ける権利が侵害された場合に取る詳細な行動手順」を国民に再度伝え、そのような事案が発生した際には、すぐに国家語保護全権のウェブサイトに苦情を訴えるよう国民に促した。 Kremen also",wmt24 sampled official pair with source_leakage
mt0293,Japanese,wmt24,en-ja,fragment_duplication,"Last August, a teenage signer was briefly detained and forced to record a video apology following a performance of Soviet singer Viktor Tsoy's songs on the street in the city of Lviv. The dismissal of several teachers who spoke Russian to their students also resulted in a public outcry.",昨年8月、リヴィウ市の路上で10代のシンガーがソ連人シンガー、ヴィクトル・ツォイの曲を歌ったとして一時的に拘束され、謝罪ビデオの撮影を強要された。また、生徒にロシア語で話した教師数名が解雇されたことに対しても強い抗議の声があがった。,昨年8月、リヴィウ市の路上で10代のシンガーがソ連人シンガー、ヴィクトル・ツォイの曲を歌ったとして一時的に拘束され、謝謝罪ビデオの撮影を強要された。また、生徒にロシア語で話した教師数名が解雇されたことに対しても強い抗議の声があがった。,wmt24 sampled official pair with fragment_duplication
mt0294,Japanese,wmt24,en-ja,exact_match,"As the latest tranche of NHS figures reveals more bad news, we should be outraged",国民保健サービスの最新統計でさらに悪いニュースが明らかに 私たちは怒りの声を上げるべきだ,国民保健サービスの最新統計でさらに悪いニュースが明らかに 私たちは怒りの声を上げるべきだ,wmt24 sampled official pair with exact_match
mt0295,Japanese,wmt24,en-ja,punctuation_drop,"If anyone dares to say that Scotland's NHS is not in a state of crisis or that these are just the usual winter problems, we should be outraged. The danger is that politicians like the embattled Health Secretary, Michael Matheson, will succeed in their efforts to convince us that, while regrettable, this is somehow acceptable, that there is nothing more that ministers can do in the circumstances, that this is the new normal.",スコットランドの国民保健サービスは危機に瀕してはいないとか、これはいつも冬に起こる問題にすぎないなどと平気で言う人がいたら、私たちは怒りの声を上げなければならない。危険なのは、追い詰められたマイケル・マセソン保険担当大臣のような政治家が、残念なことだが、ある程度許容範囲内であり、この状態で大臣たちができることは何もない、これがニューノーマルなのだ、と私たちをうまく納得させることだ。,スコットランドの国民保健サービスは危機に瀕してはいないとかこれはいつも冬に起こる問題にすぎないなどと平気で言う人がいたら私たちは怒りの声を上げなければならない危険なのは追い詰められたマイケル・マセソン保険担当大臣のような政治家が残念なことだがある程度許容範囲内でありこの状態で大臣たちができることは何もないこれがニューノーマルなのだと私たちをうまく納得させることだ,wmt24 sampled official pair with punctuation_drop
mt0296,Japanese,wmt24,en-ja,partial_truncation,Construction waste recycling firm opens new Cumbernauld plant amid circular economy drive,循環型経済志向上昇 建設廃棄物リサイクル企業、カンバーノールドに新工場開設,循環型経済志向上昇 建設廃棄物リサイクル企業、カンバーノ,wmt24 sampled official pair with partial_truncation
mt0297,Japanese,wmt24,en-ja,middle_deletion,"Brewster Brothers"" wash plants transform 100 per cent of the excavated soils and rubble they process from the construction industry into high-value aggregates for reuse. Over the past six years, the firm's site near Livingston, West Lothian has prevented almost 1.35 million tonnes of construction, demolition and excavation waste going to landfill. It has created more than one million tonnes of recycled aggregates to sell into the industry.",ブリュースター・ブラザーズ社の洗浄プラントでは、建設業界で発生する採掘土や瓦礫を再利用可能な高価値の骨材にすべて変換している。ウエスト・ロ―ジアン近郊のリビングストンにある同社施設は、過去6年間で建設、解体、採掘廃棄物約135万トンの埋立地搬送を回避した。,ブリュースター・ブラザーズ社の洗浄プラントでは、建設業界で発生する採掘土や瓦礫を再利用可能な高価値の骨材にすべて変換している。ウスト・ロ―ジアン近郊のリビングストンにある同社施設は、過去6年間で建設、解体、採掘廃棄物約135万トンの埋立地搬送を回避した。,wmt24 sampled official pair with middle_deletion
mt0298,Japanese,wmt24,en-ja,local_reordering,"The FTSE 250 firm is to open between 140 and 160 outlets on a net basis in 2024 as it looks to give customers more convenient access to its stores. It will keep looking at expanding across retail parks, travel sites, and roadside locations, plus industrial estates. Currie said: ""Where there's any location where you can't currently access a Greggs easily, we want to try and get into that location.""",FTSE250企業である同社は2024年に実勢で140から160店舗を開設予定で、顧客が店舗を利用しやすくなる見込みだ。大型ショッピングセンター、旅行施設、路面店、工業団地での展開も引き続き検討中だ。カリー氏は「現在グレッグスに グレッグスに簡単に行かれないような場所があればどこでも、出店していきたい」と述べた。,くなる見込みだ。大型ショッピングセンター、旅行施設、路面店、工業団地での展開も引き続き検討中だ。カリー氏FTSE250企業である同社は2024年に実勢で140から160店舗を開設予定で、顧客が店舗を利用しやすは「現在グレッグスに グレッグスに簡単に行かれないような場所があればどこでも、出店していきたい」と述べた。,wmt24 sampled official pair with local_reordering
mt0299,Japanese,wmt24,en-ja,source_leakage,"An independent jail oversight office can monitor conditions in jails, meet with staff and incarcerated people, report on conditions that they have witnessed firsthand, and even communicate concerns before people are hurt. A jail oversight office can also collect and report data, helping administrators, policymakers, and the public understand our jail system and advocate for data-driven solutions to jail deaths and other problems relating to jails.",独立した拘置所監視機関は、拘置所状況の監視、職員や収容者との面会、実際に目にした状況の報告、また、被害が出る前に懸念事項も連絡可能である。さらに監視機関はデータを収集し報告することで、管理者、政策立案者、一般市民が拘置所システムを理解し、拘置所での死亡やその他の拘置所関連問題に対し、データに基づいた解決策を提案することも可能だ。,独立した拘置所監視機関は、拘置所状況の監視、職員や収容者との面会、実際に目にした状況の報告、また、被害が出る前に懸念事項も連絡可能である。さらに監視機関はデータを収集し報告することで、管理者、政策立案者、一般市民が拘置所システムを理解し、拘置所での死亡やその他の拘置所関連問題に対し、データに基づいた解決策を提案することも可能だ。 An independent,wmt24 sampled official pair with source_leakage
mt0300,Japanese,wmt24,en-ja,fragment_duplication,How to find out if you're flying on a Boeing 737 MAX,搭乗機種がボーイング737 MAXかどうかを確認する方法,搭乗機種がボーイング737 MAXかどうかを確認する方法 MAXかどうかを確認する方法,wmt24 sampled official pair with fragment_duplication
mt0301,Japanese,wmt24,en-ja,exact_match,"In a Twitter post, political and digital communications expert Akin Akinwale expressed the opinion that the ministry might not have been wrong to use a personal account.",政治、デジタルコミュニケーションの専門家アキン・アキンワレ氏は、同省が個人口座を利用したことは間違いではなかったのかもしれないとツイッターに投稿した。,政治、デジタルコミュニケーションの専門家アキン・アキンワレ氏は、同省が個人口座を利用したことは間違いではなかったのかもしれないとツイッターに投稿した。,wmt24 sampled official pair with exact_match
mt0302,Japanese,wmt24,en-ja,punctuation_drop,"Celeste isn't ""the good version"" or ""the finished version"" of the pico-8 game, it's just a different approach to the same core story. As someone that loves both shortform and longform stuff, seeing the connection laid bare this way is really interesting and delightful.",Celesteはpico-8ゲームの「上出来バージョン」とか「完成バージョン」ってのじゃなくて、主題は同じだけど違うアプローチを取ってるだけなんだ。短編も長編も大好きな自分にしてみたら、その関係性をこうやってつぶさに見れるってのが本当に面白いし嬉しい。,Celesteはpico8ゲームの「上出来バージョン」とか「完成バージョン」ってのじゃなくて主題は同じだけど違うアプローチを取ってるだけなんだ短編も長編も大好きな自分にしてみたらその関係性をこうやってつぶさに見れるってのが本当に面白いし嬉しい,wmt24 sampled official pair with punctuation_drop
mt0303,Japanese,wmt24,en-ja,partial_truncation,"There's another mid-scale version that could've existed between the two that tells the same expanded resonant story but with a tighter runtime and less insane production values. I think that would've been my favorite incarnation as like, an emotional arc... as is, the main single player arc of the commercial game is ultimately a small piece of it, it's most interested in being a big playground for the world's most loved-on platformer physics. which is still neat, I think.",他にも、ストーリーの発展的共感性はそのままだけど時間制限がよりタイトで製作コストがそこまでクレイジーじゃない中編バージョンが両者の間にあってもよかったかもしれない。それが自分の最推しの具現化になっただろうな。なんていうか感傷的なストーリラインのままで...有料版でのシングルプレイステージの大部分は、言ってしまえば短い切り取りだし、一番目指してるのは世界で最も支持されているコントロールデザイン内での大遊技場ってことなんだから、それでも十分すごいと思うんだ。,他にも、ストーリーの発展的共感性はそのままだけど時間制限がよりタイトで製作コストがそこまでクレイジーじゃない中編バージョンが両者の間にあってもよかったかもしれない。それが自分の最推しの具現化になっただろうな。なんていうか感傷的なストーリラインのままで...有料版でのシングルプレイステージの大部分は、言ってしまえば短い切り取りだし、一番目指して,wmt24 sampled official pair with partial_truncation
mt0304,Japanese,wmt24,en-ja,middle_deletion,"I guess I should find a job, but I'm quite lazy. Hire me now, I'll drink all your beer.",多分仕事探したほうがいい気がするけどさ、俺かなりやる気ないんだよ。今雇ってくれ、お前のビール全部飲んでやるからさ。,多分仕事探したほうがいい気がするけどさ、俺かなりやる気なんだよ。今雇ってくれ、お前のビール全部飲んでやるからさ。,wmt24 sampled official pair with middle_deletion
mt0305,Japanese,wmt24,en-ja,local_reordering,"not so much lazy, but fatigued, even after all this time. time. rosemary and thyme",そんなやる気がないわけじゃない、っていうか疲れちゃってるんだ。もうオールタイム。タイム。ローズマリーとタイム,いうか疲れちゃってるんだ。もうオールそんなやる気がないわけじゃない、ってタイム。タイム。ローズマリーとタイム,wmt24 sampled official pair with local_reordering
mt0306,Japanese,wmt24,en-ja,source_leakage,I mean I've drunlk all the beer but still don't have a job. WTF. How does this universe even work,いやさ、俺がそのビール全部飲んじゃったのにさ、まだ職なしなんだよ。ありえねえ。宇宙の原理が分からねえよ,いやさ、俺がそのビール全部飲んじゃったのにさ、まだ職なしなんだよ。ありえねえ。宇宙の原理が分からねえよ I mean,wmt24 sampled official pair with source_leakage
mt0307,Japanese,wmt24,en-ja,fragment_duplication,From his latest newsletter: https://jakobnielsenphd.substack.com/p/ux-roundup-20240219,やつの最新のニュースレターなんだけど：https://jakobnielsenphd.substack.com/p/ux-roundup-20240219,やつの最新のニュースレターなんだけど：https://jakobnielsennphd.substack.com/p/ux-roundup-20240219,wmt24 sampled official pair with fragment_duplication
mt0308,Japanese,wmt24,en-ja,exact_match,"@user13 Holy shit, that's delusional",@user13 なんじゃこりゃ、妄想入ってるよね,@user13 なんじゃこりゃ、妄想入ってるよね,wmt24 sampled official pair with exact_match
mt0309,Japanese,wmt24,en-ja,punctuation_drop,"@user15 @user14 I feel like ""shared experience"" is a defining factor of entertainment. Either sharing among an audience or an entertainer sharing with an audience. When you make your own entertainment, just for you, you're just playing with yourself",@user15 @user14 「共有体験」っていうのがエンターテイメントの定義じゃないかと思うんだよね。観客同士で共有、演者と観客間での共有、どっちでも。自分だけのエンターテイメントを作るってのは、自分だけのために、自分自身でプレイする,user15 user14 「共有体験」っていうのがエンターテイメントの定義じゃないかと思うんだよね観客同士で共有演者と観客間での共有どっちでも自分だけのエンターテイメントを作るってのは自分だけのために自分自身でプレイする,wmt24 sampled official pair with punctuation_drop
mt0310,Japanese,wmt24,en-ja,partial_truncation,"@user14 yeah, even solitary means are generally for a shared ends.",@user14 確かに、一人きりでやることだって大体は共有されることが念頭にあるよな。,@user14 確かに、一人きりでやることだって大体は共有される,wmt24 sampled official pair with partial_truncation
mt0311,Japanese,wmt24,en-ja,middle_deletion,this is why we have such strong ties to nostalgia.,だから我々は過去を懐かしむ感情に強い結びつきを感じるのだ。,だから我々は過去を懐かしむ感に強い結びつきを感じるのだ。,wmt24 sampled official pair with middle_deletion
mt0312,Japanese,wmt24,en-ja,local_reordering,"it was unlike anything we have now with streaming, where 12 episodes are dropped at once and everyone watches at their own pace, prefacing social media posts with “spoiler alerts” or keeping discussion in specified silos.",ストリーミングがある今では、12エピソードが一気に公開になってみんなそれぞれのペースで見るし、SNSの投稿には「ネタバレ注意」と前置きするとか、議論は特定の内輪だけにとどめたりするけど、昔はそんなんじゃなかった。,れぞれのペースで見るし、SNSの投稿には「ネタバレ注意」と前置きするとストリーミングがある今では、12エピソードが一気に公開になってみんなそか、議論は特定の内輪だけにとどめたりするけど、昔はそんなんじゃなかった。,wmt24 sampled official pair with local_reordering
mt0313,Japanese,wmt24,en-ja,source_leakage,@user11 Inclusion and safety should be the default.,@user11 包含と安全がデフォルトであるべき。,@user11 包含と安全がデフォルトであるべき。 @user11 Inclusion,wmt24 sampled official pair with source_leakage
mt0314,Japanese,wmt24,en-ja,fragment_duplication,Did an impressive summersault and smashed my raft in a single move,めっちゃクールに宙返りキメたものの一発で自分のイカダぶっ壊し,めっちゃクールに宙返りキメたもののの一発で自分のイカダぶっ壊し,wmt24 sampled official pair with fragment_duplication
mt0315,Japanese,wmt24,en-ja,exact_match,Back to this. I hate Queen Gidbo,またこれか。クィンギブド嫌すぎる。,またこれか。クィンギブド嫌すぎる。,wmt24 sampled official pair with exact_match
mt0316,Japanese,wmt24,en-ja,punctuation_drop,I've definitely been going about this the wrong way.,これ絶対やり方間違ってるよね。,これ絶対やり方間違ってるよね,wmt24 sampled official pair with punctuation_drop
mt0317,Japanese,wmt24,en-ja,partial_truncation,"A vocal anarchist who's shit about hiding his identity giving his DNA to a biotechnology company for a dubiouse printout of my ""Ancestry."" What could go wrong?",身元を隠すのがアホほど下手な、声高なアナーキストが怪しい「家系図」のためにバイオテック会社に自分のDNAを渡すって、どう考えても完璧でしかないよな。,身元を隠すのがアホほど下手な、声高なアナーキストが怪しい「家系図」のためにバイオテック会社に自分のDNAを渡すっ,wmt24 sampled official pair with partial_truncation
mt0318,Japanese,wmt24,en-ja,middle_deletion,"My wife wanted to do them as a starting off point. Without getting too into her business, she has reason to doubt that some of her ancestors are actually her ancestors. In my case, it's to support her and see the effect of genetic drift on a tiny sample size, we have pretty extensive family records.",うちの奥さんがまず初めの一歩としてやってみたがったんだけどさ、個人的事情にはあまり触れないようにするけど、自分の先祖の何人かが本当に先祖なのか疑う理由があるんだよね。自分の場合は奥さんをサポートすることと、微少なサンプルサイズが遺伝的浮動に与える効果を知りたかったんだよね。うち結構しっかりした家系情報があるもんで。,うちの奥さんがまず初めの一歩としてやってみたがったんだけどさ、個人的事情にはあまり触れないようにするけど、自分の先祖の何人かが本当に先祖なのか疑う理由があるんよね。自分の場合は奥さんをサポートすることと、微少なサンプルサイズが遺伝的浮動に与える効果を知りたかったんだよね。うち結構しっかりした家系情報があるもんで。,wmt24 sampled official pair with middle_deletion
mt0319,Japanese,wmt24,en-ja,local_reordering,"Fuck you King Louis the 14th, one of your descendents is an anarchist!",ざまーみやがれ国王ルイ14世、お前の子孫の一人はアナーキストだぞ！,14世、お前の子孫の一ざまーみやがれ国王ルイ人はアナーキストだぞ！,wmt24 sampled official pair with local_reordering
mt0320,Japanese,wmt24,en-ja,source_leakage,"Snarky Wife: So, with this DNA test, are you going to lean into the scottish and Irish stuff.",嫌味嫁：じゃあこのDNA検査のおかげで、スコットランド系とかアイルランド系とかの部分に向き合っていくわけね。,嫌味嫁：じゃあこのDNA検査のおかげで、スコットランド系とかアイルランド系とかの部分に向き合っていくわけね。 Snarky Wife:,wmt24 sampled official pair with source_leakage
mt0321,Japanese,wmt24,en-ja,fragment_duplication,@user44,@user44,@useer44,wmt24 sampled official pair with fragment_duplication
mt0322,Japanese,wmt24,en-ja,exact_match,This song is encapsulates my predicament…,この歌まさに私の苦境そのものだわ……,この歌まさに私の苦境そのものだわ……,wmt24 sampled official pair with exact_match
mt0323,Japanese,wmt24,en-ja,punctuation_drop,"@user43 shouldn't that be 'i can't get starter'? otherwise, perfect. :D",@user43 「スターターが手に入らない」じゃないといけないんじゃない？それ以外は完全一致だね。 :D,user43 「スターターが手に入らない」じゃないといけないんじゃないそれ以外は完全一致だね D,wmt24 sampled official pair with punctuation_drop
mt0324,Japanese,wmt24,en-ja,partial_truncation,"Training muscles, not just the mind. 💪",頭脳だけじゃなくて、筋肉を鍛える。💪,頭脳だけじゃなくて、筋肉を鍛,wmt24 sampled official pair with partial_truncation
mt0325,Japanese,wmt24,en-ja,middle_deletion,"These are tactics that I found help me feel recharged, but there are many others. What do you do to stay excited for science and avoid burnout? 🤔",こんなのが私が自分で充電するのに役立ったと思う方法だけど、他にももっとあるよね。サイエンスへのモチベーションを保って燃え尽きないようにするためにみんなは何やってる？🤔,こんなのが私が自分で充電するのに役立ったと思う方法だけど、他にももっとあるよね。サエンスへのモチベーションを保って燃え尽きないようにするためにみんなは何やってる？🤔,wmt24 sampled official pair with middle_deletion
mt0326,Japanese,wmt24,en-ja,local_reordering,Girl… get one.,お嬢さん……一つ買っとこうね。,…一つ買っお嬢さん…とこうね。,wmt24 sampled official pair with local_reordering
mt0327,Japanese,wmt24,en-ja,source_leakage,because it's a vector of rational numbers,だって有理数のベクトルだからだよ,だって有理数のベクトルだからだよ because it's,wmt24 sampled official pair with source_leakage
mt0328,Japanese,wmt24,en-ja,fragment_duplication,@user31 i never even used it in all of HS trig lmao,@user31 自分は高校の三角法全体でも使ったことなかったって（爆笑）,@user31 自分は高校の三角法全体でも使ったことなかったって（爆笑） 自分は高校の三角法全体でも使ったことなかったって（爆笑）,wmt24 sampled official pair with fragment_duplication
mt0329,Japanese,wmt24,en-ja,exact_match,And she is very adept with the English language.,そして彼女は英語という言語にも非常に熟達している。,そして彼女は英語という言語にも非常に熟達している。,wmt24 sampled official pair with exact_match
mt0330,Japanese,wmt24,en-ja,punctuation_drop,@user38 heard this essay was good and it is,@user38 このエッセーはいいって聞いてたけどほんとだった,user38 このエッセーはいいって聞いてたけどほんとだった,wmt24 sampled official pair with punctuation_drop
mt0331,Japanese,wmt24,en-ja,partial_truncation,I'll be posting more about this during the weekend when I get to install the second one I've built.,週末になったら組み立てた２つ目を設置できるので、これについてはそのときに投稿するね。,週末になったら組み立てた２つ目を設置できるので、これについてはそ,wmt24 sampled official pair with partial_truncation
mt0332,Japanese,wmt24,en-ja,middle_deletion,The reason for the weird shape of that plastic box is the swiveling side panel of the nesting box. I bought it like that and couldn't modify it so I had to design around it.,あのプラスチックの箱が変な形をしてるわけは、巣箱の側面パネルが回転するからなんだ。買ってきたまま改造できなかったから、それをもとに設計するしかなかった。,あのプラスチックの箱が変な形をしてるわけは、巣箱の側面パネルが回転するからなだ。買ってきたまま改造できなかったから、それをもとに設計するしかなかった。,wmt24 sampled official pair with middle_deletion
mt0333,Japanese,wmt24,en-ja,local_reordering,"Since there is no electricity in the garden, the whole thing is powered by a solar panel and a 2600mAh 18650 cell.",庭には電気がないので、動力はすべて太陽電池パネルと2600mAhの18650電池。,はすべて太陽電池パネルと2庭には電気がないので、動力600mAhの18650電池。,wmt24 sampled official pair with local_reordering
mt0334,Japanese,wmt24,en-ja,source_leakage,"Initially, I wasn't sure if the internet in our garden would be good enough for this setup. The old access points I replaced last year in the fall wouldn't have cut it.",はじめは、うちの庭でこの設定でインターネットが十分使えるかどうかわからなかった。去年の秋に交換した古いアクセスポイントではうまくいかなかっただろうね。,"はじめは、うちの庭でこの設定でインターネットが十分使えるかどうかわからなかった。去年の秋に交換した古いアクセスポイントではうまくいかなかっただろうね。 Initially, I",wmt24 sampled official pair with source_leakage
mt0335,Japanese,wmt24,en-ja,fragment_duplication,"Now, for reasons I'm not sure about yet, the camera is offline. It went out only one hour after sunset.",今はまだ理由ははっきりわからないけど、カメラはオフラインになってる。日が落ちてから、たった１時間で停止しちゃった。,今はまだ理由ははっきりわからないけど、カメラはオフラインにになってる。日が落ちてから、たった１時間で停止しちゃった。,wmt24 sampled official pair with fragment_duplication
mt0336,Japanese,wmt24,en-ja,exact_match,Or not. We'll see.,作らないかもしれない。どうなるかお楽しみ。,作らないかもしれない。どうなるかお楽しみ。,wmt24 sampled official pair with exact_match
mt0337,Japanese,wmt24,en-ja,punctuation_drop,Let's give it another hour or two to see what it does(n't).,もう1、2時間待って、うまくいくか（いかないか）見てみよう。,もう12時間待ってうまくいくか（いかないか）見てみよう,wmt24 sampled official pair with punctuation_drop
mt0338,Japanese,wmt24,en-ja,partial_truncation,"So either there's something wrong with this panel or my multimeter, or they changed the listing.",だとすれば、このパネルか僕のマルチメーターに何か問題があるのか、商品の詳細情報が変更されたかのどちらかだ。,だとすれば、このパネルか僕のマルチメーターに何か問題があるのか、商品の詳細情報が,wmt24 sampled official pair with partial_truncation
mt0339,Japanese,wmt24,en-ja,middle_deletion,They’re hiding in big Sainsbury’s at Haringey Green Lanes.,ハリンゲイグリーンレーンズのセンズベリー大型店に隠してある。,ハリンゲイグリーンレーンズのセズベリー大型店に隠してある。,wmt24 sampled official pair with middle_deletion
mt0340,Japanese,wmt24,en-ja,local_reordering,If they’re not claimed today I suspect the staff will find them.,もし今日持っていってくれないと、スタッフが見つけちゃう。,てくれないと、スタもし今日持っていっッフが見つけちゃう。,wmt24 sampled official pair with local_reordering
mt0341,Japanese,wmt24,en-ja,source_leakage,If you don't happen to be by that random supermarket:,あのごちゃごちゃしてるスーパーの近くにいない場合。,あのごちゃごちゃしてるスーパーの近くにいない場合。 If you,wmt24 sampled official pair with source_leakage
mt0342,Japanese,wmt24,en-ja,fragment_duplication,Superbooth Berlin (just an attendee),ベルリンのスーパーブース(参加するだけ）,ベルリンのスーパーブーース(参加するだけ）,wmt24 sampled official pair with fragment_duplication
mt0343,Japanese,wmt24,en-ja,exact_match,These good quality stickers are about 50p each. They'll cost the same again to post. And way more in my own time to individually package and send them.,この質のいいステッカーは一枚50ペンスくらい。郵送料も同じくらいかかるの。私の時間を使って個別に梱包して送るともっと高くつく。,この質のいいステッカーは一枚50ペンスくらい。郵送料も同じくらいかかるの。私の時間を使って個別に梱包して送るともっと高くつく。,wmt24 sampled official pair with exact_match
mt0344,Japanese,wmt24,en-ja,punctuation_drop,Really tough not to buy that the league tells officials to help Miami when that’s not a penalty. #DCU #MLS #mastodonfc,ペナルティではないのに、競技連盟が審判団にマイアミを味方するよう指示するのは本当に納得できない。#DCU #MLS #mastodnfc,ペナルティではないのに競技連盟が審判団にマイアミを味方するよう指示するのは本当に納得できないDCU MLS mastodnfc,wmt24 sampled official pair with punctuation_drop
mt0345,Japanese,wmt24,en-ja,partial_truncation,Got some somewhere but exactly where?,どこかにあるはずなんだけど、どこだよ、一体？,どこかにあるはずなんだけど、どこ,wmt24 sampled official pair with partial_truncation
mt0346,Japanese,wmt24,en-ja,middle_deletion,Heheh not one but three!,へへ、１つじゃなくて３つある！,へへ、１つじゃくて３つある！,wmt24 sampled official pair with middle_deletion
mt0347,Japanese,wmt24,en-ja,local_reordering,"Getting my eyes checked, because there was a decent deal for it here, and my left eye’s been weird for some time now, so maybe they can tell me something what’s happening.",ここの料金はお得だったので目の検査を受けたの、しばらく左の目の調子がおかしくてね、ここならどうなってるかわかるかもしれない。,たの、しばらく左の目の調子がおかしくてねここの料金はお得だったので目の検査を受け、ここならどうなってるかわかるかもしれない。,wmt24 sampled official pair with local_reordering
mt0348,Japanese,wmt24,en-ja,source_leakage,"Running a business as a self-employed introverted creative and having a big heart for privacy shouldn't feel like a twist, but sometimes it is. The majority of online resources and coaches tell you to work with big (and evil) tech using extrovert techniques. Advertise here, follow the algorithm, share your personality. Get a blue tick on that service, be available 24/7, answer inquiries with a video of yourself, respond immediately. Video, video, video.",内向的でクリエイティブな自営業者であることとプライバシーを大切にすることは意外な取り合わせだと感じるべきではないけど、そういうときもある。オンラインリソースやオンラインコーチの大半からは、外交的なテクニックを使って大手（そして悪徳）テック企業と仕事をするように言われるよね。ここで広告を出して、このアルゴリズムに従って、自分の個性を共有する。あのサービスで青いチェックマークを入れてもらって、年中無休で対応し、自分の動画の問い合わせに答え、即座に返信する。動画、動画、動画。,内向的でクリエイティブな自営業者であることとプライバシーを大切にすることは意外な取り合わせだと感じるべきではないけど、そういうときもある。オンラインリソースやオンラインコーチの大半からは、外交的なテクニックを使って大手（そして悪徳）テック企業と仕事をするように言われるよね。ここで広告を出して、このアルゴリズムに従って、自分の個性を共有する。あのサービスで青いチェックマークを入れてもらって、年中無休で対応し、自分の動画の問い合わせに答え、即座に返信する。動画、動画、動画。 Running a,wmt24 sampled official pair with source_leakage
mt0349,Japanese,wmt24,en-ja,fragment_duplication,"I transferred my MX to Proton and have now full SPF, DKIM and DMARC without having to pay Google for basic email validation.",メール交換をプロトンに移行したので、今ではGoogleに基本的な送信ドメイン認証に料金を払うことなく、SPFやDKIM、DMARCが全部使える。,メール交換をプロトンに移行したので、今ではGoogleに基本的な送信ドメイイン認証に料金を払うことなく、SPFやDKIM、DMARCが全部使える。,wmt24 sampled official pair with fragment_duplication
mt0350,Japanese,wmt24,en-ja,exact_match,@user3 @user2,@user3 @user2,@user3 @user2,wmt24 sampled official pair with exact_match
mt0351,Japanese,wmt24,en-ja,punctuation_drop,@user4 @user3 You can do it! And I would be happy to share my insights with you.,@user4 @user3 絶対できるよ！ぜひ私の考えをシェアするよ。,user4 user3 絶対できるよぜひ私の考えをシェアするよ,wmt24 sampled official pair with punctuation_drop
mt0352,Japanese,wmt24,en-ja,partial_truncation,@user4 @user3 @user5 @user6,@user4 @user3 @user5 @user6,@user4 @user3 @user5,wmt24 sampled official pair with partial_truncation
mt0353,Japanese,wmt24,en-ja,middle_deletion,@user2,@user2,@usr2,wmt24 sampled official pair with middle_deletion
mt0354,Japanese,wmt24,en-ja,local_reordering,*hacker voice* I'm in.,警告、ハッカーが侵入しました。,カーが侵入警告、ハッしました。,wmt24 sampled official pair with local_reordering
mt0355,Japanese,wmt24,en-ja,source_leakage,"But no, I stand by it. Most natural speech is broken up, especially when people get emotional.",でもいいや、このままにしておく。感情的になったときはとくに、自然な会話は途切れるからね。,"でもいいや、このままにしておく。感情的になったときはとくに、自然な会話は途切れるからね。 But no,",wmt24 sampled official pair with source_leakage
mt0356,Japanese,wmt24,en-ja,fragment_duplication,@user40 https://fedi.simonwillison.net/@user41/112130028394563476,@user40 https://fedi.simonwillison.net/@user41/112130028394563476,@user40 https://fedi.simonwillison.net/@user41/112130028394563476 https://fedi.simonwillison.net/@user41/112130028394563476,wmt24 sampled official pair with fragment_duplication
mt0357,Japanese,wmt24,en-ja,exact_match,https://youtu.be/W5JSfq6LLAU?si=xIxPaY8ayqqNSj4c,https://youtu.be/W5JSfq6LLAU?si=xIxPaY8ayqqNSj4c,https://youtu.be/W5JSfq6LLAU?si=xIxPaY8ayqqNSj4c,wmt24 sampled official pair with exact_match
mt0358,Japanese,wmt24,en-ja,punctuation_drop,"If I ever have the opportunity to have a custom tail number for an aircraft, you KNOW it has to be some variation of N1337_, the _ being whatever final alphabetical char is available.",もし航空機に自分で機体番号をつける機会があるとしたら、知ってるよね、N1337なんとかにしないといけない、その最後のなんとかの部分にはアルファベット文字ならなんでも使える。,もし航空機に自分で機体番号をつける機会があるとしたら知ってるよねN1337なんとかにしないといけないその最後のなんとかの部分にはアルファベット文字ならなんでも使える,wmt24 sampled official pair with punctuation_drop
mt0359,Japanese,wmt24,en-ja,partial_truncation,"Of course the sun is gonna be out while I'm away, lol. What a punk.",当然、私がいないときは晴れる、笑。ずるいよね。,当然、私がいないときは晴れる、笑。,wmt24 sampled official pair with partial_truncation
mt0360,Japanese,wmt24,en-ja,middle_deletion,Welcome to General Aviation 😜,一般航空へようこそ😜,一般航空へうこそ😜,wmt24 sampled official pair with middle_deletion
mt0361,Japanese,wmt24,en-ja,local_reordering,Its log book official. I have 2.3 hours ^_^,これは公式の航空日誌。２，３時間飛行した^_^,空日誌。２，３これは公式の航時間飛行した^_^,wmt24 sampled official pair with local_reordering
mt0362,Japanese,wmt24,en-ja,source_leakage,#TeaganAir,#TeaganAir,#TeaganAir #TeaganAir,wmt24 sampled official pair with source_leakage
mt0363,Japanese,wmt24,en-ja,fragment_duplication,On the ground things get very fast very quickly. There's a certain Mount of instability on the ground hence motorcycle/atv.,地上ではあっという間にスピードが出る。地上ではかなり不安定だから、バイクやオフロードカーがいいんだよね。,地上ではあっという間にスピードが出る。地上ではかなり不不安定だから、バイクやオフロードカーがいいんだよね。,wmt24 sampled official pair with fragment_duplication
mt0364,Japanese,wmt24,en-ja,exact_match,FlightAware data track.,FlightAwareのデータを追跡,FlightAwareのデータを追跡,wmt24 sampled official pair with exact_match
mt0365,Japanese,wmt24,en-ja,punctuation_drop,#TeaganAir #pilot #flying #pa28 #PilotTraining,#TeaganAir #pilot #flying #pa28 #PilotTraining,TeaganAir pilot flying pa28 PilotTraining,wmt24 sampled official pair with punctuation_drop
mt0366,Japanese,wmt24,en-ja,partial_truncation,This one only had 1 question,これは１問だけ。,これは１問だ,wmt24 sampled official pair with partial_truncation
mt0367,Japanese,wmt24,en-ja,middle_deletion,"For those who are curious, there are 11 study units.",興味のある人のために説明すると、学習ユニットは11個ある。,興味のある人のために説明する、学習ユニットは11個ある。,wmt24 sampled official pair with middle_deletion
mt0368,Japanese,wmt24,en-ja,local_reordering,We flew from Mason Mi to Sturgis Mi and back.,私たちはミシガン州のメイソンとスタージスを往復した。,州のメイソンとス私たちはミシガンタージスを往復した。,wmt24 sampled official pair with local_reordering
mt0369,Japanese,wmt24,en-ja,source_leakage,The VFR Chart for the trip,移動にはVFRチャート,移動にはVFRチャート The VFR,wmt24 sampled official pair with source_leakage
mt0370,Japanese,wmt24,en-ja,fragment_duplication,Can't complain about any of that ^_^,どれもまあまあの出来^_^,どれもまあまああの出来^_^,wmt24 sampled official pair with fragment_duplication
mt0371,Japanese,wmt24,en-ja,exact_match,The FlightAware track,FlightAwareの追跡,FlightAwareの追跡,wmt24 sampled official pair with exact_match
mt0372,Japanese,wmt24,en-ja,punctuation_drop,you know what has semantic class names? css and class names,何にセマンティックのクラス名があるかわかるか？cssとクラスの名前,何にセマンティックのクラス名があるかわかるかcssとクラスの名前,wmt24 sampled official pair with punctuation_drop
mt0373,Japanese,wmt24,en-ja,partial_truncation,🙌,🙌,🙌,wmt24 sampled official pair with partial_truncation
mt0374,Japanese,wmt24,en-ja,middle_deletion,@user20 so every day you row at least 2.8km? Is that on the erg or on the water?,@user20で、毎日、少なくとも2.8キロ漕いでるの？それはエルゴメーターでの記録、それとも水上？,@user20で、毎日、少なくとも2.8キロ漕いでの？それはエルゴメーターでの記録、それとも水上？,wmt24 sampled official pair with middle_deletion
mt0375,Japanese,wmt24,en-ja,local_reordering,well now they’re god damn huge lol,ああ、もうクソほど膨らんだ笑,うクソほああ、もど膨らんだ笑,wmt24 sampled official pair with local_reordering
mt0376,Japanese,wmt24,en-ja,source_leakage,"come on nok, $3.74 let’s go.",来い、ノキア、3ドル74セント 行くぞ。,来い、ノキア、3ドル74セント 行くぞ。 come on,wmt24 sampled official pair with source_leakage
mt0377,Japanese,wmt24,en-ja,fragment_duplication,yeeee!,やったーっ！,やったーーっ！,wmt24 sampled official pair with fragment_duplication
mt0378,Japanese,wmt24,en-ja,exact_match,Plougheth mine feeldes,我が畑を耕し候う,我が畑を耕し候う,wmt24 sampled official pair with exact_match
mt0379,Japanese,wmt24,en-ja,punctuation_drop,going to plant some stuff today,今日何か植えるつもり,今日何か植えるつもり,wmt24 sampled official pair with punctuation_drop
mt0380,Japanese,wmt24,en-ja,partial_truncation,Found a few dead bird at the back of the flue; very desiccated :(,煙道の奥に死んだ鳥を数羽見つけた。からっからに干からびてる:(,煙道の奥に死んだ鳥を数羽見つけた。からっからに,wmt24 sampled official pair with partial_truncation
mt0381,Japanese,wmt24,en-ja,middle_deletion,Some floor sorted & ready to go down. We’re just having a tea break,床の一部の下地が張り終わって、床材を張る準備完了。みんなでちょうど休憩してお茶してる。,床の一部の下地が張り終わって、床材を張る準完了。みんなでちょうど休憩してお茶してる。,wmt24 sampled official pair with middle_deletion
mt0382,Japanese,wmt24,en-ja,local_reordering,"Imagine a very long web page with lots of sections (e.g., single-page HTML spec). If the user requests a specific section (e.g. page.html#section7), what if the web server streamed that section first and the other sections after that?",セクションがたくさんあるものすごく長いウェブページ(例えば単一ページのHTML仕様）を想像してみて。もし、ユーザーが特定のセクションを要求した場合（例えばpage.html#section7）、ウェブサーバーがそのセクションをまずストリーミングすると、そのあと他のセクションがストリーミングされるのってどう？,し、ユーザーが特定のセクションを要求した場合（例えばpage.html#section7）、ウェブサーセクションがたくさんあるものすごく長いウェブページ(例えば単一ページのHTML仕様）を想像してみて。もバーがそのセクションをまずストリーミングすると、そのあと他のセクションがストリーミングされるのってどう？,wmt24 sampled official pair with local_reordering
mt0383,Japanese,wmt24,en-ja,source_leakage,2. HTML for section 7,２．セクション７用のHTML,２．セクション７用のHTML 2. HTML,wmt24 sampled official pair with source_leakage
mt0384,Japanese,wmt24,en-ja,fragment_duplication,etc.,その他も同じ。,その他もも同じ。,wmt24 sampled official pair with fragment_duplication
mt0385,Japanese,wmt24,en-ja,exact_match,1. Use CSS,1. CSSを使う,1. CSSを使う,wmt24 sampled official pair with exact_match
mt0386,Japanese,wmt24,en-ja,punctuation_drop,"@user22 oh, you want the browser to fix up the DOM order?",@user22 ああ、ブラウザーにDOMの順序を修正させたいの？,user22 ああブラウザーにDOMの順序を修正させたいの,wmt24 sampled official pair with punctuation_drop
mt0387,Japanese,wmt24,en-ja,partial_truncation,@user27 hehe ty user26,@user27 へへ ありがとう user26,@user27 へへ ありがとう,wmt24 sampled official pair with partial_truncation
mt0388,Japanese,wmt24,en-ja,middle_deletion,"I'm sure marine dinosaurs still exist. My apologies for intruding upon your thoughts, Madame Roseau. But strictly speaking, only reptiles that walked on dry land are called dinosaurs. If they lived under the water, they are called marine reptiles, and they all disappeared a very. Very long time ago. What happened? You'll see, Julie.",海洋性恐竜がまだ生きていることは間違いないわ。 お考え中に割り込み失礼いたします、お嬢さん。ですが厳密に述べますと、爬虫類の中で陸上を歩いたものだけが恐竜と呼ばれます。海中に生息していたなら、呼び名は海棲爬虫類です、そして彼らは遠い遠い昔に姿を消しました。 何があったの？ 今に分かります、ジュリー。,海洋性恐竜がまだ生きていることは間違いないわ。 お考え中に割り込み失礼いたします、お嬢さん。ですが厳密に述べますと、爬虫類の中で陸上を歩いたものだけが恐竜と呼ばれます。海中に生息していたなら、呼び名は海棲爬虫類です、そして彼らは遠い遠い昔に姿を消しました。 今に分かります、ジュリー。,wmt24 sampled official pair with middle_deletion
mt0389,Japanese,wmt24,en-ja,local_reordering,"Alexa play, it's my party and I'll cry if I want to. Whoa, whoa, we gotta spit that out. Alexa play, it's my party and I'll cry if I want to. You cry too if it happened to you. Woo! Alexa, Midnight!!!",アレクサ、涙のバースデイ・パーティとアイル・クライ・イフ・アイ・ウォント・トゥを再生して。ボー、ボー、みんなで踊り回ろう。アレクサ、涙のバースデイ・パーティとアイル・クライ・イフ・アイ・ウォント・トゥを再生して。お前も同じ目に遭ったら泣くだろうな。ウー！ アレクサ、ミッドナイト・トレインを再生して！,、みんなで踊り回ろう。アレクサ、涙のバースデイ・パーティとアイル・クライ・イフ・アイ・ウォント・トゥアレクサ、涙のバースデイ・パーティとアイル・クライ・イフ・アイ・ウォント・トゥを再生して。ボー、ボーを再生して。お前も同じ目に遭ったら泣くだろうな。ウー！ アレクサ、ミッドナイト・トレインを再生して！,wmt24 sampled official pair with local_reordering
mt0390,Japanese,wmt24,en-ja,source_leakage,"First of all, what we're going to do is just mix this paint up. It mixes one to one with a producer and we just mix it up like we normally would painting anything. So I have two ounces of paint here, so I'm going to put two ounces of reducer. We're going to start up. Now it's ready to put in the gut and spray.",まず最初に、この塗料を混ぜていきます。希釈剤と1対1で混ぜます。そして、通常の塗装のように混ぜます。ここに2オンスの塗料があるので、2オンスの希釈剤を入れます。かき混ぜます。これで、スプレーガンに入れて吹き付ける準備ができました。,まず最初に、この塗料を混ぜていきます。希釈剤と1対1で混ぜます。そして、通常の塗装のように混ぜます。ここに2オンスの塗料があるので、2オンスの希釈剤を入れます。かき混ぜます。これで、スプレーガンに入れて吹き付ける準備ができました。 First of,wmt24 sampled official pair with source_leakage
mt0391,Japanese,wmt24,en-ja,fragment_duplication,Today we're making some beautiful vintage Easter craft. Keep watching! I'm Brandy and this is Making it my own DIY. Welcome! The first project are going to be two Easter ornaments. I'm going to start off with two little ornaments here and you can use whatever you have on hand. I've got these little decor eggs from Dollar Tree.,今日は、きれいなヴィンテージ風のイースタークラフトを作ります。ぜひ最後までご視聴ください！私はブランディで、このチャンネルは「Making It My Own DIYs」です。ようこそ！最初のプロジェクトは、イースターオーナメントを２つ作ることです。ここに小さなオーナメントを２つを用意していますが、手元にあるものを何でも使っても大丈夫です。私はダラー・ツリーで買った小さなデコレーションエッグを使います。,今日は、きれいなヴィンテージ風のイースタークラフトを作ります。ぜひ最後までご視聴ください！私はブランディで、このチャンネルは「Making It My My Own DIYs」です。ようこそ！最初のプロジェクトは、イースターオーナメントを２つ作ることです。ここに小さなオーナメントを２つを用意していますが、手元にあるものを何でも使っても大丈夫です。私はダラー・ツリーで買った小さなデコレーションエッグを使います。,wmt24 sampled official pair with fragment_duplication
mt0392,Japanese,wmt24,en-ja,exact_match,"About 450 million years ago, plants took a giant leap out of the oceans onto the land to become the plants that we know and love today. But how did they survive? Scientists at the John Innes Centre may have found out. Land plants survive by getting water and nutrients from the soil. They do this by forming a special friendship with soil dwelling fungi called mycorrhiza. These strands of mycorrhiza reached deep into the soil and drag the nutrients and water back to the plants. But when the first algae landed on soil, how did they survive long enough to form these beneficial friendships?",約4億5000万年前、植物は海から陸地へと大躍進を遂げ、私たちの知っている愛着のある現在の植物の姿となりました。しかし、植物はどのようにして生き延びたのでしょうか？ジョンイネスセンターの科学者達は、それを解明したかもしれません。陸上植物は、土壌から水と栄養を得て生き延びます。そのために、陸上植物は菌根と呼ばれる土壌に生息する菌類と特別な共生関係を結びます。この菌根の糸は、土壌の奥深くまで届き、栄養と水を植物まで引き上げます。しかし、最初の藻類が土壌に降り立った時、このような有益な共生関係を築き上げるまでどのようにして生き延びたのでしょうか？,約4億5000万年前、植物は海から陸地へと大躍進を遂げ、私たちの知っている愛着のある現在の植物の姿となりました。しかし、植物はどのようにして生き延びたのでしょうか？ジョンイネスセンターの科学者達は、それを解明したかもしれません。陸上植物は、土壌から水と栄養を得て生き延びます。そのために、陸上植物は菌根と呼ばれる土壌に生息する菌類と特別な共生関係を結びます。この菌根の糸は、土壌の奥深くまで届き、栄養と水を植物まで引き上げます。しかし、最初の藻類が土壌に降り立った時、このような有益な共生関係を築き上げるまでどのようにして生き延びたのでしょうか？,wmt24 sampled official pair with exact_match
mt0393,Japanese,wmt24,en-ja,punctuation_drop,"The Tomb of the Unknown Soldier is a monument dedicated to servicemen who gave everything in defense of our country. Located in Arlington National Cemetery, Virginia, and attracting millions of visitors each year, the tomb of the unknown soldier stands proudly protected by tomb sentinels. The soldiers of the 3rd United States Infantry Regiment, the Old Guard, took over the right to guard the tomb in April of 1948 and continued to carry on this sacred duty. The Tomb of the Unknown Soldier has been guarded 24 hours a day, seven days a week, 365 days a year, for the past 77 years.",「無名戦士の墓」は、我が国の防衛に全てを犠牲にした軍人に捧げられた記念碑です。バージニア州のアーリントン国立墓地にあり、毎年何百万人もが訪れる墓石は、歩哨に見守られ堂々と立っています。米国陸軍第3歩兵連隊の衛兵が1948年4月に墓を守る権利を引継ぎ、その神聖な任務を今も続けています。この墓は、この77年間、年間365日、一週間に7日、1日に24時間、警護されています。,「無名戦士の墓」は我が国の防衛に全てを犠牲にした軍人に捧げられた記念碑ですバージニア州のアーリントン国立墓地にあり毎年何百万人もが訪れる墓石は歩哨に見守られ堂々と立っています米国陸軍第3歩兵連隊の衛兵が1948年4月に墓を守る権利を引継ぎその神聖な任務を今も続けていますこの墓はこの77年間年間365日一週間に7日1日に24時間警護されています,wmt24 sampled official pair with punctuation_drop
mt0394,Japanese,wmt24,en-ja,partial_truncation,"Hook the vacuum up to it, it helps keep the dust down and you can prep your concrete that way also. We prefer to do it with the hand grinders ourselves, so either way will work pretty good. Usually if it's got an epoxy coating already, the hand grinders work a little better, but this thing looks really good too. So after we do that, we fix all the cracks, fix all the divots with our patch repair material and then we grind them smooth, and then we clean the concrete and get it ready for the first coating. This is going to be a 100 % solids epoxy so it goes on and it's different procedures, different stages.",掃除機を取り付けると埃が舞いにくくなります。コンクリートもこの方法で準備できます。我々はハンドグラインダーでやる方が好きですけど、どちらでもうまくいくでしょう。エポキシ塗装が済んでいる場合には、たいていハンドグラインダーの方がちょっとやりやすいですが、このやり方でもとても上手くできますよ。それでこうした後、ひび割れを直して、補修材でくぼみを直して、それから表面を滑らかに研磨します。それからコンクリートをきれいにして、最初の塗装ができるよう状態にします。これは固形分100%のエポキシになるので、効果の出る工程や段階が違ってきます。,掃除機を取り付けると埃が舞いにくくなります。コンクリートもこの方法で準備できます。我々はハンドグラインダーでやる方が好きですけど、どちらでもうまくいくでしょう。エポキシ塗装が済んでいる場合には、たいていハンドグラインダーの方がちょっとやりやすいですが、このやり方でもとても上手くできますよ。それでこうした後、ひび割れを直して、補修材でくぼみを直して、それから表面を滑らかに研磨します。それからコンクリ,wmt24 sampled official pair with partial_truncation
mt0395,Japanese,wmt24,en-ja,middle_deletion,"Hey guys, Thunder E here and welcome to the video you've been waiting for. I am talking about gaming on the SUS ROG Phone 5. Now, the ROG Phone series is well known for its gaming pils, but in this video, we're going to find out if the ROG Phone 5 is truly taking back the crown as the king of gaming.",やあみんな、サンダーEです、お待ちかねの動画へようこそ。ASUS ROG Phone5でのゲームについてお話します。今、ROG Phoneシリーズはそのゲーム性能でよく知られていますが、この動画では、本当にROG Phone 5がゲーミングスマホの王の座を奪還しているのか、見ていきたいと思います。,やあみんな、サンダーEです、お待ちかねの動画へようこそ。ASUS ROG Phone5でのゲームについてお話します。今、ROG Phone 5がゲーミングスマホの王の座を奪還しているのか、見ていきたいと思います。,wmt24 sampled official pair with middle_deletion
mt0396,Japanese,wmt24,en-ja,local_reordering,"We're just going to let that sit and rehydrate for a couple of minutes. With ultralight cooking, we're not actually cooking on this dough. We're primarily boiling water so that we can rehydrate our food. It's also one of the reasons why we use instant grits. less cooking time, less fuel and less weight. Oh yeah. So this is about what we've got going on here. Perfect consistency.",数分間、そのままにしておき、水で戻します。この手間いらずな料理は、コンロ調理が不要です。食材を戻すのにもっぱら水を沸かすだけ。それがインスタントグリッツを使う理由のひとつでもあります。調理時間も短縮できるし、燃料も節約できて、そして軽い。お、いい感じですね。 さて、こんな感じになってきました。完璧なとろみです。,っぱら水を沸かすだけ。それがインスタントグリッツを使う理由のひとつでもあります。調理時間も短縮できるし、数分間、そのままにしておき、水で戻します。この手間いらずな料理は、コンロ調理が不要です。食材を戻すのにも燃料も節約できて、そして軽い。お、いい感じですね。 さて、こんな感じになってきました。完璧なとろみです。,wmt24 sampled official pair with local_reordering
mt0397,Japanese,wmt24,en-ja,source_leakage,"Come on City is the city of heroes. The Super Thing and the Kazoom kids fight with their powers derived from Kazoom itself. It's the most potent energy source ever known, and now it's on display at the City Museum for all to admire. And we're going to steal it? Isn't it dangerous to slip through here? Negative. This is the way the kazoos are coming.",カブームシティはヒーローの街。スーパーシングスとカズームキッズは、カズームから出力されたパワーを使って戦います。それは知られている限り一番強力なエネルギー源なんです。そして、今、シティ美術館に展示中、誰でも見ることができるんだ。これからそれを盗みに行くぞー！ ここをすり抜けるのは危ないんじゃないの？ 大丈夫。これがカズームたちが通る道だから。,カブームシティはヒーローの街。スーパーシングスとカズームキッズは、カズームから出力されたパワーを使って戦います。それは知られている限り一番強力なエネルギー源なんです。そして、今、シティ美術館に展示中、誰でも見ることができるんだ。これからそれを盗みに行くぞー！ ここをすり抜けるのは危ないんじゃないの？ 大丈夫。これがカズームたちが通る道だから。 Come on,wmt24 sampled official pair with source_leakage
mt0398,Japanese,wmt24,en-ja,fragment_duplication,"Let's slide that one over there. Whoa, whoa, whoa, big boy! You're a little too hefty for this ride. Safety first, eh? 30 bills? What a rip off. I told you. Watch your step!",あっちのに乗ろうよ。 おい、おい、おい、君！この乗り物にはちょっと重た過ぎるな。安全第一だろ？ 30ドルだって？ぼったくりだ。 だから言ったのに。 足元にご注意を！,あっちのに乗ろうよ。 おい、おい、おい、君！この乗り物にはちょっと重た過ぎるな。安全第一だろ？ 30ドルだって？ぼったくりだ。 30ドルだって？ぼったくりだ。 だから言ったのに。 足元にご注意を！,wmt24 sampled official pair with fragment_duplication
mt0399,Japanese,wmt24,en-ja,exact_match,"To create the antique brass ornament, I just went in with a coat of rub and buff onto the entire ornament there. And then of course, we have to get that antique look with the alcohol ink. So I went in with ginger first, I applied a droplet onto our ornament and just blended it out like so. And I just continued that process until I had as many layers as I liked, and it looked really antique in like an actual metal ornament. After that, I did go in with a little bit more of that burnished amber spray paint as well to supply that to the surface, to kind of give it that oxidized look like we did for the bell ornaments. And that is how I finished off these antique brass bubbles. Really simple and easy, but honestly, they look like real metal and they're beautiful.",このアンティーク調の真鍮の飾りを作るのに、まずはRub ‘n Buffを全体に一塗りしました。で、もちろんアルコールインクを使ってアンティーク風にしないとね。なので、僕はジンジャー色にしてみました。飾りに一滴垂らして、こんな具合になじませて。で、好きなだけ重ね塗りの作業を続けていくと、本物の金属製の飾りのようにぐっとアンティーク調に見えるようになりました。次に、琥珀色のツヤありスプレー塗料も更にちょこっとかけたんですが、これは表面にだけかけて、燻し加工っぽさを出してみました。前にベルの飾りにやったみたいにね。こうしてアンティーク調の真鍮の玉のできあがり。実にシンプルで簡単なのに、ぶっちゃけ本物の金属みたいに見えて綺麗なんです。,このアンティーク調の真鍮の飾りを作るのに、まずはRub ‘n Buffを全体に一塗りしました。で、もちろんアルコールインクを使ってアンティーク風にしないとね。なので、僕はジンジャー色にしてみました。飾りに一滴垂らして、こんな具合になじませて。で、好きなだけ重ね塗りの作業を続けていくと、本物の金属製の飾りのようにぐっとアンティーク調に見えるようになりました。次に、琥珀色のツヤありスプレー塗料も更にちょこっとかけたんですが、これは表面にだけかけて、燻し加工っぽさを出してみました。前にベルの飾りにやったみたいにね。こうしてアンティーク調の真鍮の玉のできあがり。実にシンプルで簡単なのに、ぶっちゃけ本物の金属みたいに見えて綺麗なんです。,wmt24 sampled official pair with exact_match
mt0400,Japanese,wmt24,en-ja,punctuation_drop,"The advancement of Humanity never ceased, even for a moment–during difficult times we grow and adapt once again. The cities are as prosperous as ever, and our technological advancement is rising. With our recent discovery of Ignniat, humanity has once skyrocketed past its peak; the greatest has yet to be achieved. This grace of newfound knowledge could only be described as divine intervention - we humanity will be able to grace the gods with our presence in their land in the clouds. Everyone within the company of Karascene has evaluated Ignniat and we sense a large potential within this mineral – worry not, Ignniat has not been evaluated to have any side effects or downsides of being mined, it has a higher chance to–",人類の進歩は一瞬たりとも止まることはなく、困難な時代でも、人々は再び成長し、適応していく。都市は変わらず繁栄し、科学技術はどんどん進歩している。近年発見されたイグニアットによって、人類はかつてピークを越えて急発展したが、最高のものはまだ達成されていない。この新たに発見された知識がもたらす恩恵は神の介入としか言いようがない。われわれ人類の存在は雲の上の国におわす神々に光彩を添えることができるだろう。カラシーン社の社員はみなイグニアットを評価し、人々はこの鉱物に大きな可能性を感じ取っている。イグニアットの採掘時に副作用や悪影響はないと判断されているので心配は無用、それどころかもっと可能性があるー,人類の進歩は一瞬たりとも止まることはなく困難な時代でも人々は再び成長し適応していく都市は変わらず繁栄し科学技術はどんどん進歩している近年発見されたイグニアットによって人類はかつてピークを越えて急発展したが最高のものはまだ達成されていないこの新たに発見された知識がもたらす恩恵は神の介入としか言いようがないわれわれ人類の存在は雲の上の国におわす神々に光彩を添えることができるだろうカラシーン社の社員はみなイグニアットを評価し人々はこの鉱物に大きな可能性を感じ取っているイグニアットの採掘時に副作用や悪影響はないと判断されているので心配は無用それどころかもっと可能性があるー,wmt24 sampled official pair with punctuation_drop
mt0401,Japanese,wmt24,en-ja,partial_truncation,"The cold, rainy night ensued my long overdue walk–exploring the city of Paltricus was a privilege to those who’d been safe from the mutation via escape, or pure luck. The city night was beautiful, illuminated with vibrant stars that remained for thousands of years. It must be lonely in the great distant sky. Paltricus was a nice place, but it felt more like a cage than a luxurious place of living. Filled to the brim with apartments, homes, and any other building able to hold occupants, most buildings were hundreds of stories tall; thanks to Ignniat. The mineral that appeased technology, and architecture was a great mineral that extended our foundation of life. Public knowledge only knows so much about this mineral though, mainly because mainly because it’s kept under pretty tough wraps.",冷たい雨の夜、久々の散歩だった。パルトリカスの街を散策するのは、逃げること、あるいは純粋に運がよかったために突然変異を免れた人に与えられた特権だった。何千年もの昔から輝き続ける星々に照らされた夜の街は美しかった。遠く離れた空できっと寂しいだろう。パルトリカスはいい所だったが、贅沢な生活の場というより、まるで檻のようだった。アパートや一戸建てなど人が住める建物で埋め尽くされていて、イグニアットのおかげでそのほとんどの建物が数百階建てだった。科学技術や建築物の要求を満足させるこの鉱物は、私たちの生活基盤を拡張する偉大な鉱物だった。世間の人はこの鉱物についてあまり知らない。というのも、この鉱物がかなり厳重に管理されているからだ。,冷たい雨の夜、久々の散歩だった。パルトリカスの街を散策するのは、逃げること、あるいは純粋に運がよかったために突然変異を免れた人に与えられた特権だった。何千年もの昔から輝き続ける星々に照らされた夜の街は美しかった。遠く離れた空できっと寂しいだろう。パルトリカスはいい所だったが、贅沢な生活の場というより、まるで檻のようだった。アパートや一戸建てなど人が住める建物で埋め尽くされていて、イグニアットのおかげでそのほとんどの建物が数百階建てだった。科学技術や建築物の要求を満足さ,wmt24 sampled official pair with partial_truncation
mt0402,Japanese,wmt24,en-ja,middle_deletion,"Ready to fix my fatigue, I took a few sips of the coffee placed in front of me. “Business still down since that sighting..?” I spoke quietly, not attempting to scare away the remaining customers that Anton’s unit had. He nodded, cleaning a glass with a rag – this place is technically a bar, but I never really came for drinks. A few murmurs could be heard from behind, but for the most part, the conversation between me and Anton was held rather short tonight. Waving him a small goodbye, I left the shop; with a little more energy than before.",疲れを癒やそうと、前に置かれたコーヒーを数口飲んだ。「あの目撃情報があってから、まだ景気はよくないの・・？」アントンの店に残っている客を怖がらせないように、声をひそめて訊ねた。アントンは、布巾でグラスを拭きながら頷いた。厳密に言えば、この店はバーなのだが、飲みに来たことは一度もない。後ろでささやき声が少し聞こえたが、今夜の私とアントンの会話のほとんどはかなり短いものだった。彼に小さく手を振って別れを告げ、私は店を出た。さっきより少し元気になっていた。,疲れを癒やそうと、前に置かれたコーヒーを数口飲んだ。「あの目撃情報があってから、まだ景気はよくないの・・？」アントンの店に残っている客を怖がらせないように、声をひそめて訊ねた。アントンは、布巾でグラスを拭きながら頷いた。厳密にえば、この店はバーなのだが、飲みに来たことは一度もない。後ろでささやき声が少し聞こえたが、今夜の私とアントンの会話のほとんどはかなり短いものだった。彼に小さく手を振って別れを告げ、私は店を出た。さっきより少し元気になっていた。,wmt24 sampled official pair with middle_deletion
mt0403,Japanese,wmt24,en-ja,local_reordering,"Alborn was a great guy, but this looked serious. No need to stick my nose out for someone, especially when they seem like they’ve just gotten into trouble with every authority in the city. Yet, I still couldn’t shake the feeling. Letting a silent sigh escape me, I slowly warped off the grate below, dropping down into the quiet room. “Psst. Al. Al!” I whispered, giving a soft yell at his lack of response. “Lilith? What are you doing here..? You’ve gotta leave, he’ll catch you.”",アルボンはいい人だったが、これはただならぬ状況に思えた。他人のことに首を突っ込む必要はない。特にそれが街のあらゆる権力と面倒なことになっているようなときは。だが、それでも私はその気持ちを振り払うことができなかった。静かにため息をつくと、ゆっくりと下の格子をめくり、静かな部屋へと降りていった。「ちょっと。アル。アル！」小声で呼び掛けたが、反応がなかったので少し声を上げた。「リリス？ここで何をしてるんだ？逃げなきゃだめだ、あいつに捕まっちまうぞ。」,ときは。だが、それでも私はその気持ちを振り払うことができなかった。静かにため息をつくと、ゆっくりと下の格子をめくり、静かな部屋へと降りていった。「ちアルボンはいい人だったが、これはただならぬ状況に思えた。他人のことに首を突っ込む必要はない。特にそれが街のあらゆる権力と面倒なことになっているようなょっと。アル。アル！」小声で呼び掛けたが、反応がなかったので少し声を上げた。「リリス？ここで何をしてるんだ？逃げなきゃだめだ、あいつに捕まっちまうぞ。」,wmt24 sampled official pair with local_reordering
mt0404,Japanese,wmt24,en-ja,source_leakage,DETONATION,爆発,爆発 DETONATION,wmt24 sampled official pair with source_leakage
mt0405,Japanese,wmt24,en-ja,fragment_duplication,"After changing into the small uniform, I helped around the bar a bit, it was pretty easy aside from the constant flirting and cat-calling from the people within the bar; but it didn’t really bother me that much to be honest. I’ll talk to Anton after this shift, I still really need to get Al off my mind, though I know I’ll still investigate his place after this, but still…",窮屈な制服に着替えると、私はバーを少し手伝った。バーの客たちからの絶え間ない口説き文句や野次を除けばかなり楽だったが、正直、それもあまり気にはならなかった。このシフトが終わったらアントンに話そう、アルのことは本当に忘れなきゃ、でも、この後、彼の店を調べることになるんだろうけど、でもやっぱり……,窮屈な制服に着替えると、私はバーを少し手伝った。バーの客たちからの絶え間ない口説き文句や野次を除けばかなり楽だったが、正直、それもあまり気にはならななかった。このシフトが終わったらアントンに話そう、アルのことは本当に忘れなきゃ、でも、この後、彼の店を調べることになるんだろうけど、でもやっぱり……,wmt24 sampled official pair with fragment_duplication
mt0406,Japanese,wmt24,en-ja,exact_match,"""I APOLOGIZE BUT I PICKED UP A SCENT. I HAD TO DEAL WITH IT!""",「すまない、でも臭いがした。対処しなければならなかった！」,「すまない、でも臭いがした。対処しなければならなかった！」,wmt24 sampled official pair with exact_match
mt0407,Japanese,wmt24,en-ja,punctuation_drop,"Nyssi blinked and turned back to Tenuk. ""Of course he can drive.""",ナイシはまばたきをして、テヌークの方に振り向いた。「もちろんできるわよ。」,ナイシはまばたきをしてテヌークの方に振り向いた「もちろんできるわよ」,wmt24 sampled official pair with punctuation_drop
mt0408,Japanese,wmt24,en-ja,partial_truncation,"""Climb on.""",「乗れよ。」,「乗れよ。」,wmt24 sampled official pair with partial_truncation
mt0409,Japanese,wmt24,en-ja,middle_deletion,"Before Tenuk and Kayel could ask what the fuck they were looking at, something screeched and leaped out from a nearby bush. However, it never made contact, as a familiar vehicle crashed into the side of it, causing the monster to skid to a halt by Nyssi's feet. Not taking any chances, Nyssi grabbed her shotgun and immediately fired into its skull, killing the creature instantly.",俺たちが見ているのは一体何なんだ、とテヌクとケイエルが言おうとしたとき、何かがキーッと叫んで、近くの茂みから飛び出してきた。だが、見覚えのある車がその怪物の脇腹に激突したので、接触することはなかった。怪物は横滑りしてナイシの足元で倒れた。間髪入れず、ナイシはショットガンを握り、すぐさま頭部を撃ち抜き、怪物を瞬殺した。,俺たちが見ているのは一体何なんだ、とテヌクとケイエルが言おうとしたとき、何かがキーッと叫んで、近くの茂みから飛び出してきた。だが、見覚えのある車がその怪物の脇に激突したので、接触することはなかった。怪物は横滑りしてナイシの足元で倒れた。間髪入れず、ナイシはショットガンを握り、すぐさま頭部を撃ち抜き、怪物を瞬殺した。,wmt24 sampled official pair with middle_deletion
mt0410,Japanese,wmt24,en-ja,local_reordering,"As Eirwen approached the wooden pole, the most feared person in the kingdom showed up. The fire user. The former Queen Eirwen was going to be burned to death. Nobody deserved that death, not even the criminals. It was the most cruel thing you could do to a person in Frostfell.",エイルウェンが木柱に近づくと、王国で一番恐れられている人物が姿を現した。火の使い手だ。エイルウェン元王妃は火あぶりの刑に処せられようとしていた。誰も、犯罪者ですら、そんな死を与えられることはなかった。フロストウェルでは、火あぶりは人に与える刑としてはもっとも残酷なものだった。,ウェン元王妃は火あぶりの刑に処せられようとしていた。誰も、犯罪者ですら、そんな死を与えられるエイルウェンが木柱に近づくと、王国で一番恐れられている人物が姿を現した。火の使い手だ。エイルことはなかった。フロストウェルでは、火あぶりは人に与える刑としてはもっとも残酷なものだった。,wmt24 sampled official pair with local_reordering
mt0411,Japanese,wmt24,en-ja,source_leakage,"Tap, tap, tap was all you could hear from the farthest room on the left in the south wing of the eternally cold palace. The servants passing by always wondered what was in the room, scared of what was inside. Rumors danced around the halls by the maids. It was thought that the Ice King’s deceased wife, Eirwen, was in that room, waiting to be let out.",コツ、コツ、コツ、永遠に寒い宮殿の南の棟の一番左奥の部屋からはその音しかきこえなかった。通りかかった召使いたちは、この部屋に何がいるのだろうと不安になり、怖がった。廊下では女中たちの噂が飛び交った。氷の王の亡くなった妻、エイルウェンがその部屋にいて、出してもらうのを待っていると信じられていた。,"コツ、コツ、コツ、永遠に寒い宮殿の南の棟の一番左奥の部屋からはその音しかきこえなかった。通りかかった召使いたちは、この部屋に何がいるのだろうと不安になり、怖がった。廊下では女中たちの噂が飛び交った。氷の王の亡くなった妻、エイルウェンがその部屋にいて、出してもらうのを待っていると信じられていた。 Tap, tap,",wmt24 sampled official pair with source_leakage
mt0412,Japanese,wmt24,en-ja,fragment_duplication,"Knock knock. “Lady Kari, are you in there?” Ivory whispered to the intricate door, which was laid in snowflakes and a crown, the symbol of the royal family.",コンコン。「カリ様、いらっしゃいますか？」アイボリーはドアにささやいた。ドアには、王家の象徴である雪の結晶と王冠の凝った装飾が施されていた。,コンコン。「カリ様、いらっしゃいますか？」アイボリーはドアにささやいた。。ドアには、王家の象徴である雪の結晶と王冠の凝った装飾が施されていた。,wmt24 sampled official pair with fragment_duplication
mt0413,Japanese,wmt24,en-ja,exact_match,"“May I come in?” Ivory asked, remembering the time they went in without asking.",「入ってもよろしいですか？」そう尋ねながら、アイボリーは無断で入ったときのことを思い出していた。,「入ってもよろしいですか？」そう尋ねながら、アイボリーは無断で入ったときのことを思い出していた。,wmt24 sampled official pair with exact_match
mt0414,Japanese,wmt24,en-ja,punctuation_drop,"Ivory was too, in their own special way. When Ivory came out as nonbinary, it seemed like the world changed too. They were given the jobs that would make them spend time alone for most of the time, as a punishment for being different.",アイボリーも同じだった、その特性ゆえに。アイボリーがノンバイナリーであることをカミングアウトしたとき、世界も変わったように思えた。異質であることへの罰として、ほとんどの時間を一人で過ごすような仕事を与えられた。,アイボリーも同じだったその特性ゆえにアイボリーがノンバイナリーであることをカミングアウトしたとき世界も変わったように思えた異質であることへの罰としてほとんどの時間を一人で過ごすような仕事を与えられた,wmt24 sampled official pair with punctuation_drop
mt0415,Japanese,wmt24,en-ja,partial_truncation,6 different sizes of paint brushes,大きさの異なる絵筆を６本,大きさの異なる絵筆,wmt24 sampled official pair with partial_truncation
mt0416,Japanese,wmt24,en-ja,middle_deletion,Easel,イーゼル,イール,wmt24 sampled official pair with middle_deletion
mt0417,Japanese,wmt24,en-ja,local_reordering,“I heard that she eats children in that room.”,「あの人、あの部屋で子供を食べてるらしい。」,部屋で子供を食「あの人、あのべてるらしい。」,wmt24 sampled official pair with local_reordering
mt0418,Japanese,wmt24,en-ja,source_leakage,"Ivory approached the door that was just as intricate as Kari’s. On it was the White Dragon, one of the 6 primordial dragons, who allegedly created Frostfell. It would make sense for the painter to have it on his door though, he liked history.",アイボリーはカリのドアと同じように凝った装飾を施したドアに近づいた。そこにはフロストフェルを建国したとされる始祖６ドラゴンの一頭であるホワイトドラゴンが描かれていた。画家が部屋のドアにその装飾を施させたのはもっともなことだった。歴史好きだったからだ。,アイボリーはカリのドアと同じように凝った装飾を施したドアに近づいた。そこにはフロストフェルを建国したとされる始祖６ドラゴンの一頭であるホワイトドラゴンが描かれていた。画家が部屋のドアにその装飾を施させたのはもっともなことだった。歴史好きだったからだ。 Ivory approached,wmt24 sampled official pair with source_leakage
mt0419,Japanese,wmt24,en-ja,fragment_duplication,"“Ah, good morning, Ivory! Care to watch your future king get his portrait done?” Aquilo inquired, winking at Ivory.",「やあ、おはよう、アイボリー！未来の王様が肖像画を描いてもらっているところを見たい？」アイボリーにウィンクしながらアクィロが尋ねた。,「やあ、おはよう、アイボリー！未来の王様が肖像画を描いてもらっているるところを見たい？」アイボリーにウィンクしながらアクィロが尋ねた。,wmt24 sampled official pair with fragment_duplication
mt0420,Japanese,wmt24,en-ja,exact_match,“Waking them up” Cohren turned to see 2nd Lieutenant Nemic walking up.,「みんなを起こすのか」コーレンが振り返ると、ネミック少尉が歩いてくるのが見えた。,「みんなを起こすのか」コーレンが振り返ると、ネミック少尉が歩いてくるのが見えた。,wmt24 sampled official pair with exact_match
mt0421,Japanese,wmt24,en-ja,punctuation_drop,"“Jeez Valturi,” Nemic stated. “You’d think they would have learned by now to wake up when you did”",「おいおい、ヴァルトゥリ」ネミックが言った。「君が起きる時間に自分たちも起床するべきだとそろそろ学んでくれてもいいと思わないか」,「おいおいヴァルトゥリ」ネミックが言った「君が起きる時間に自分たちも起床するべきだとそろそろ学んでくれてもいいと思わないか」,wmt24 sampled official pair with punctuation_drop
mt0422,Japanese,wmt24,en-ja,partial_truncation,“Cause the regular alarms are shit. And because Daybreak doesn't sleep in” Cohren stated.,「普通のアラームはクソだから。それにデイブレイク軍は寝坊しない」コーレンがきっぱりと言った。,「普通のアラームはクソだから。それにデイブレイク軍は寝坊しない」コー,wmt24 sampled official pair with partial_truncation
mt0423,Japanese,wmt24,en-ja,middle_deletion,"Cohren and Nemic, the leader of 1st Platoon, walked together under the light of the FOB's many lights, powered by generators. Most were tinted red to help keep them hidden from enemy bombers. Daybreak had resorted to Wild Weasel attacks, both in the air and on the ground, to combat them.",コーレンと第一小隊長のネミックは、前方作戦基地の発電機を電源とした多数の明かりの下を一緒に歩いた。ほとんどは敵の爆撃機から見えないように赤い色が付けられていた。デイブレイク軍は彼らと戦うために空中と地上の両方でワイルド・ウィーゼル機からの攻撃に頼っていた。,コーレンと第一小隊長のネミックは、前方作戦基地の発電機を電源とした多数の明かりの下を一緒に歩いた。ほとんどは敵の爆撃機から見えなように赤い色が付けられていた。デイブレイク軍は彼らと戦うために空中と地上の両方でワイルド・ウィーゼル機からの攻撃に頼っていた。,wmt24 sampled official pair with middle_deletion
mt0424,Japanese,wmt24,en-ja,local_reordering,"“Another day, another task for Hell’s Frontrunners” Nemic started with a dry laugh. “Where are they sending us?”",「また一日が終わり、地獄の前線部隊の新たな任務がまた始まる」ネミックは乾いた笑い声をあげて話し始めた。「俺たちはどこに送られるんだ？」,務がまた始まる」ネミックは乾いた笑い声をあげ「また一日が終わり、地獄の前線部隊の新たな任て話し始めた。「俺たちはどこに送られるんだ？」,wmt24 sampled official pair with local_reordering
mt0425,Japanese,wmt24,en-ja,source_leakage,"Cohren lifted his thumb and index finger to his throat mic, shifting his pack on his back while he did. “All units in Exodus Company, meet at Motor Pool West when you're finished. We are heading out with the 1st Armored Platoon at 0500”",コーレンは親指と人差し指で咽頭マイクをつまみながら背中の背嚢をずらした。「エクソダス中隊の全部隊は終わり次第西配車場に集合せよ。我々は第一装甲小隊と共に5時に出発する。」,コーレンは親指と人差し指で咽頭マイクをつまみながら背中の背嚢をずらした。「エクソダス中隊の全部隊は終わり次第西配車場に集合せよ。我々は第一装甲小隊と共に5時に出発する。」 Cohren lifted,wmt24 sampled official pair with source_leakage
mt0426,Japanese,wmt24,en-ja,fragment_duplication,"Cohren glanced over to one of the other tanks and spotted Harris with his squad. From the back of his pack he could just make out the movement of a small chicken moving its head around, scanning the surroundings.",戦車の一台に目をやったコーレンは、ハリスが自分の分隊にいるのに気付いた。背嚢の背面から、ちょうど周囲をキョロキョロ見回して頭を動かしている小さな鶏の動きが見えた。,戦車の一台に目をやったコーレンは、ハリスが自分の分隊にいるのに気付いた。背嚢の背面面から、ちょうど周囲をキョロキョロ見回して頭を動かしている小さな鶏の動きが見えた。,wmt24 sampled official pair with fragment_duplication
mt0427,Japanese,wmt24,en-ja,exact_match,"“Can’t tell,” Cohren stated. He reached for his mic and spoke. “Exodus Company, hold fire unless fired upon, let's draw them out",「わからない」コーレンはそう言うと、手にしたマイクに話した。「エクソダス中隊、撃ってこない限り攻撃を控えろ、奴らを引きずりだそう,「わからない」コーレンはそう言うと、手にしたマイクに話した。「エクソダス中隊、撃ってこない限り攻撃を控えろ、奴らを引きずりだそう,wmt24 sampled official pair with exact_match
mt0428,Japanese,wmt24,en-ja,punctuation_drop,"“Three dead, sir” The Sentinel answered. “The rest fled on foot”",「３人死亡です、隊長」センティネルが答えた。「残りは走って逃げました」,「３人死亡です隊長」センティネルが答えた「残りは走って逃げました」,wmt24 sampled official pair with punctuation_drop
mt0429,Japanese,wmt24,en-ja,partial_truncation,"Shaw nodded and turned towards Cohren and Criath, who were standing close by. “Would you two be so kind as to stow this man away?”",ショウは頷き、近くに立っていたコーレンとクレイスの方を向いた。「悪いが君たち２人でこの男を閉じ込めておいてくれ。」,ショウは頷き、近くに立っていたコーレンとクレイスの方を向いた。「悪いが君たち２人でこの,wmt24 sampled official pair with partial_truncation
mt0430,Turkish,wmt18,en-tr,exact_match,That would be due to the asteroid’s shock waves as it exploded in the atmosphere.,Bu da atmosferde infilak edecek asteroitten yayılan şok dalgaları nedeniyle olacaktır.,Bu da atmosferde infilak edecek asteroitten yayılan şok dalgaları nedeniyle olacaktır.,wmt18 sampled official pair with exact_match
mt0431,Turkish,wmt18,en-tr,punctuation_drop,Most of these are burnt to ash in the atmosphere.,Bunların çoğu atmosferde yanıp kül oluyor.,Bunların çoğu atmosferde yanıp kül oluyor,wmt18 sampled official pair with punctuation_drop
mt0432,Turkish,wmt18,en-tr,partial_truncation,"""The NAACP Travel Advisory for the state of Missouri, effective through August 28th, 2017, calls for African American travelers, visitors and Missourians to pay special attention and exercise extreme caution when traveling throughout the state given the series of questionable, race-based incidents occurring statewide recently, and noted therein,"" the group's statement reads.","Grupun bildirisi şu şekilde: ""Missouri eyaleti NAACP Seyahat Tavsiye Bildirisi 28 Ağustos 2017'den geçerli olmak üzere, Afrika-Amerikalı gezginlerin, ziyaretçilerin ve Missouri'lilerin son zamanlarda kuşkulu, ırk bazlı olayların eyalet çapında meydana geliyor olması nedeniyle, orada belirtildiği gibi eyaletin başından sonuna yolculuk ederlerken özel dikkat etmelerini ve son derece ihtiyatlı davranmalarını salık verir.""","Grupun bildirisi şu şekilde: ""Missouri eyaleti NAACP Seyahat Tavsiye Bildirisi 28 Ağustos 2017'den geçerli olmak üzere, Afrika-Amerikalı gezginlerin, ziyaretçilerin ve Missouri'lilerin son zamanlarda kuşkulu, ırk bazlı olayların eyalet çapında meydana geliyor olması nedeniyle, orada belirtildiği gibi eyaletin başından",wmt18 sampled official pair with partial_truncation
mt0433,Turkish,wmt18,en-tr,middle_deletion,The Chinese team approved the 32 year-old player’s departure from the team.,Çin ekibi ise 32 yaşındaki oyuncunun ayrılmasına onay verdi.,Çin ekibi ise 32 oyuncunun ayrılmasına onay verdi.,wmt18 sampled official pair with middle_deletion
mt0434,Turkish,wmt18,en-tr,local_reordering,Referendum rebuke by Barzani!,Barzan'den referandum çıkışı!,n referanBarzan'dedum çıkışı!,wmt18 sampled official pair with local_reordering
mt0435,Turkish,wmt18,en-tr,source_leakage,"Lazarus's great imaginative act was to see it as it would be seen by exhausted, wretched but hopeful people on the decks of ships after long and often dreadful journeys.","Lazarus'un muhteşem yaratıcı eylemi, bunu; gemilerin güvertelerindeki tükenmiş, perişan fakat umut dolu insanlar tarafından uzun ve çoğunlukla berbat yolculuklardan sonra görülmesi gibi görmekti.","Lazarus'un muhteşem yaratıcı eylemi, bunu; gemilerin güvertelerindeki tükenmiş, perişan fakat umut dolu insanlar tarafından uzun ve çoğunlukla berbat yolculuklardan sonra görülmesi gibi görmekti. Lazarus's great",wmt18 sampled official pair with source_leakage
mt0436,Turkish,wmt18,en-tr,fragment_duplication,"And of course, this is not the perspective Miller and Trump want ever to recognise.","Elbette ki bu, Miller ve Trump'ın herhangi bir şekilde haklı bulacakları bir perspektif değil.","Elbette ki bu, Miller ve Trump'ın herhangi bir bir şekilde haklı bulacakları bir perspektif değil.",wmt18 sampled official pair with fragment_duplication
mt0437,Turkish,wmt18,en-tr,exact_match,"And the guy on the corner street, too.",Köşedeki sokaktaki adam da öyle.,Köşedeki sokaktaki adam da öyle.,wmt18 sampled official pair with exact_match
mt0438,Turkish,wmt18,en-tr,punctuation_drop,"Middle-distance runner Muir is leading the way, having set five British and two European records in the past year.",Geçen yıl beş Britanya ve iki Avrupa rekoru kıran orta mesafe koşucusu Muir lider.,Geçen yıl beş Britanya ve iki Avrupa rekoru kıran orta mesafe koşucusu Muir lider,wmt18 sampled official pair with punctuation_drop
mt0439,Turkish,wmt18,en-tr,partial_truncation,"That brings me to Maryland Gov. Larry Hogan, who needs to work on being more like Washington.","Bu beni, Washington gibi olmak için daha çok çalışması gereken Maryland valisi Larry Hogan'a getiriyor.","Bu beni, Washington gibi olmak için daha çok çalışması gereken Maryland",wmt18 sampled official pair with partial_truncation
mt0440,Turkish,wmt18,en-tr,middle_deletion,"He's also been pretty deft at using Facebook as a primary means to connect with his constituents, playfully debuting his hairless head after chemo treatments on his page.","Kemoterapi sonrası saçsız kafasını şakacı bir şekilde takdim etmesiyle, seçmenleriyle bağ kurmak için Facebook'u birincil araç olarak kullanmakta da oldukça becerikliydi.","Kemoterapi sonrası saçsız kafasını şakacı bir şekilde takdim etmesiyle, seçmenleriyle kurmak için Facebook'u birincil araç olarak kullanmakta da oldukça becerikliydi.",wmt18 sampled official pair with middle_deletion
mt0441,Turkish,wmt18,en-tr,local_reordering,"But that's exactly what's happening, only digitally.","Fakat, dijital de olsa, tam olarak gerçekleşen bu.","Fakat, dijital de tam olsa, olarak gerçekleşen bu.",wmt18 sampled official pair with local_reordering
mt0442,Turkish,wmt18,en-tr,source_leakage,"It was a really special time and one we will always cherish.""","Geçekten özel ve her zaman sevgiyle anacağımız bir zamandı.""","Geçekten özel ve her zaman sevgiyle anacağımız bir zamandı."" It was",wmt18 sampled official pair with source_leakage
mt0443,Turkish,wmt18,en-tr,fragment_duplication,"I'm happy with how it's going so far.""","Şu ana kadar gidişten mutluyum.""","Şu ana kadar kadar gidişten mutluyum.""",wmt18 sampled official pair with fragment_duplication
mt0444,Turkish,wmt18,en-tr,exact_match,"What once the CIA-backed FETÖ did, nowadays new names are supporting this CIA-backed anti-Iran stand.",Bir dönem FETÖ'nün yaptığı -CIA destekli- İran karşıtlığını şimdi yeni isimler yürütüyordu.,Bir dönem FETÖ'nün yaptığı -CIA destekli- İran karşıtlığını şimdi yeni isimler yürütüyordu.,wmt18 sampled official pair with exact_match
mt0445,Turkish,wmt18,en-tr,punctuation_drop,"On top of that, via FETÖ plots...",Üstelik FETÖ kumpaslarıyla...,Üstelik FETÖ kumpaslarıyla,wmt18 sampled official pair with punctuation_drop
mt0446,Turkish,wmt18,en-tr,partial_truncation,"In her wooden home in Enarotali, the capital of Paniai regency in the restive Indonesian province of Papua, the housewife usually just places a sweet potato - known locally as ""nota"" - directly into the fireplace.","Ev hanımı, Endonezya'nın huzursuz bölgesi Papua'da, Paniai naipliğindeki Enarotali'de ahşap evinde, genellikle yerel olarak ""nota"" olarak bilinen tatlı bir patatesi doğrudan ateşin üzerine koyuyor.","Ev hanımı, Endonezya'nın huzursuz bölgesi Papua'da, Paniai naipliğindeki Enarotali'de ahşap evinde, genellikle yerel olarak ""nota"" olarak bilinen tatlı",wmt18 sampled official pair with partial_truncation
mt0447,Turkish,wmt18,en-tr,middle_deletion,Javanese warung canteens sell fried chicken and gado-gado mixed-vegetables served with peanut sauce.,Javalı warung büfeleri kızarmış tavuk ve sebzeyle karıştırılmış yer fıstığı sosuyla servis edilen gado-gado satıyor.,Javalı warung büfeleri kızarmış tavuk ve sebzeyle yer fıstığı sosuyla servis edilen gado-gado satıyor.,wmt18 sampled official pair with middle_deletion
mt0448,Turkish,wmt18,en-tr,local_reordering,Local people struggle to compete.,Yerel halk rekabet etmekte zorlanıyor.,Yerel rekabet halk etmekte zorlanıyor.,wmt18 sampled official pair with local_reordering
mt0449,Turkish,wmt18,en-tr,source_leakage,"Indonesian President Joko Widodo, popularly known as Jokowi, vowed to address the inequalities and rights abuses in Papua during his election campaign in 2014.","Daha çok Jokowi olarak bilinen Endonezya başkanı Joko Widodo, 2014 yılındaki seçim kampanyasında Papua'daki eşitsizlikler ve hak ihlallerini çözeceğine söz verdi.","Daha çok Jokowi olarak bilinen Endonezya başkanı Joko Widodo, 2014 yılındaki seçim kampanyasında Papua'daki eşitsizlikler ve hak ihlallerini çözeceğine söz verdi. Indonesian President",wmt18 sampled official pair with source_leakage
mt0450,Turkish,wmt18,en-tr,fragment_duplication,Security Minister Wiranto said in October 2016 that he was setting up a non-judicial mechanism to settle historic human-rights violations.,"Güvenlik Bakanı Wiranto Ekim 2016'da, tarihsel insan hakları ihlalleri için adli olmayan bir mekanizma kurduğunu söyledi.","Güvenlik Bakanı Wiranto Ekim 2016'da, tarihsel insan hakları ihlalleri ihlalleri için adli olmayan bir mekanizma kurduğunu söyledi.",wmt18 sampled official pair with fragment_duplication
mt0451,Turkish,wmt18,en-tr,exact_match,Families of the Paniai victims greeted such claims with grim incredulity.,Paniai kurbanlarının aileleri bu tür iddiaları acı bir şüphecilikle karşıladılar.,Paniai kurbanlarının aileleri bu tür iddiaları acı bir şüphecilikle karşıladılar.,wmt18 sampled official pair with exact_match
mt0452,Turkish,wmt18,en-tr,punctuation_drop,His brother Yacobus echoed the view that people in Paniai are fearful of discussing the incident.,"Kardeşi Yacobus, Paniai'deki insanların olayı tartışmaktan korktukları görüşünü tekrarlıyor.",Kardeşi Yacobus Paniaideki insanların olayı tartışmaktan korktukları görüşünü tekrarlıyor,wmt18 sampled official pair with punctuation_drop
mt0453,Turkish,wmt18,en-tr,partial_truncation,Some never reappear.,Bazıları asla bir daha görülemiyor.,Bazıları asla bir daha,wmt18 sampled official pair with partial_truncation
mt0454,Turkish,wmt18,en-tr,middle_deletion,What few jobs exist typically go to the better-educated and wealthier migrants.,Zaten az olan işler genellikle daha iyi eğitimli ve daha zengin olan göçmenlere gidiyor.,Zaten az olan işler genellikle daha iyi ve daha zengin olan göçmenlere gidiyor.,wmt18 sampled official pair with middle_deletion
mt0455,Turkish,wmt18,en-tr,local_reordering,"Earlier this year, French journalists Franck Escudie and Basille Longchamp were deported from Papua for a ""lack of coordination with related institutions"" despite having been granted rare permission to film.","Bu yılın başında Fransız gazeteci Franck Escudie ve Basille Longchamp nadir olarak kendilerine verilen video çekme iznine rağmen, Papua'dan ""ilgili kurumlarla koordinasyon eksikliğinden"" dolayı sınır dışı edildiler.","Bu yılın başında Fransız gazeteci Franck Escudie ve Basille Longchamp nadir olarak verilen kendilerine video çekme iznine rağmen, Papua'dan ""ilgili kurumlarla koordinasyon eksikliğinden"" dolayı sınır dışı edildiler.",wmt18 sampled official pair with local_reordering
mt0456,Turkish,wmt18,en-tr,source_leakage,"When an official delegation from the Netherlands, headed by the nation's human rights ambassador Kees Van Baar, visited Jayapura on May 4, local people broke their silence, beseeching, ""We want freedom,"" according to a source who also attended the meeting but who asked to stay anonymous.","Hollanda'dan resmi bir delegasyon, ülkenin insan hakları elçisi Kees Van Baar başkanlığında 4 Mayıs'ta Jayapura'yı ziyaret ettiğinde, toplantıya katılan ve adının açıklanmasını istemeyen bir kaynağa göre yerel halk ""Özgürlük istiyoruz."" yalvarışlarıyla sessizliğini bozdu.","Hollanda'dan resmi bir delegasyon, ülkenin insan hakları elçisi Kees Van Baar başkanlığında 4 Mayıs'ta Jayapura'yı ziyaret ettiğinde, toplantıya katılan ve adının açıklanmasını istemeyen bir kaynağa göre yerel halk ""Özgürlük istiyoruz."" yalvarışlarıyla sessizliğini bozdu. When an",wmt18 sampled official pair with source_leakage
mt0457,Turkish,wmt18,en-tr,fragment_duplication,The government said it was working on providing shelter for those affected.,"Hükümet, etkilenenler için barınak sağlamaya çalıştıklarını açıkladı.","Hükümet, etkilenenler için barınak barınak sağlamaya çalıştıklarını açıkladı.",wmt18 sampled official pair with fragment_duplication
mt0458,Turkish,wmt18,en-tr,exact_match,"Under the social aid programme, patients will be supplied with support at two-third of the minimum wage along with regular psycho-social support.","Yardım programıyla hastalara asgari ücretin üçte ikisinin üzerinde aylık desteğin verilmesini planlayan Bakanlık, düzenli psikososyal destek de sağlayacak.","Yardım programıyla hastalara asgari ücretin üçte ikisinin üzerinde aylık desteğin verilmesini planlayan Bakanlık, düzenli psikososyal destek de sağlayacak.",wmt18 sampled official pair with exact_match
mt0459,Turkish,wmt18,en-tr,punctuation_drop,"In a statement issued Wednesday evening, Pruitt suggested his about-face on ozone standards simply reinforced the EPA's commitment to working with states through the complex process of meeting the new standards on time.","Çarşamba akşamı yayınlanan bir açıklamada Pruitt, ozon standartlarındaki geriye dönüşünün, EPA'nın yalnızca eyaletlerle yeni standartların vaktinde karşılanmasını ve karmaşık süreçler yoluyla çalışma taahhüdünü güçlendirdiğini ileri sürdü.",Çarşamba akşamı yayınlanan bir açıklamada Pruitt ozon standartlarındaki geriye dönüşünün EPAnın yalnızca eyaletlerle yeni standartların vaktinde karşılanmasını ve karmaşık süreçler yoluyla çalışma taahhüdünü güçlendirdiğini ileri sürdü,wmt18 sampled official pair with punctuation_drop
mt0460,Turkish,wmt18,en-tr,partial_truncation,"We also take the statute and the authority it gives us seriously.""","Biz ayrıca kanunu ve onun bize verdiği yetkiyi ciddiye alırız.""",Biz ayrıca kanunu ve onun bize verdiği yetkiyi,wmt18 sampled official pair with partial_truncation
mt0461,Turkish,wmt18,en-tr,middle_deletion,"In the main consumption groups, using July at the monthly basis, the largest increase was 1.75% in the restaurants and hotels group, and the largest decrease was 3.51% in garments and shoes.","Ana harcama grupları itibarıyla temmuzda, aylık bazda en yüksek artış yüzde 1.75 ile lokanta ve oteller grubunda görülürken, en fazla düşüş gösteren grup yüzde 3.51 ile giyim ve ayakkabı oldu.","Ana harcama grupları itibarıyla temmuzda, aylık bazda en yüksek artış yüzde 1.75 ile lokanta ve grubunda görülürken, en fazla düşüş gösteren grup yüzde 3.51 ile giyim ve ayakkabı oldu.",wmt18 sampled official pair with middle_deletion
mt0462,Turkish,wmt18,en-tr,local_reordering,"Deputy Prime Minister, Mehmet Simsek said Inflation will close the year in single digits.",Başbakan Yardımcısı Mehmet Şimşek: Enflasyon yılsonunu tek haneyle kapatacak.,Başbakan Yardımcısı Mehmet Enflasyon Şimşek: yılsonunu tek haneyle kapatacak.,wmt18 sampled official pair with local_reordering
mt0463,Turkish,wmt18,en-tr,source_leakage,Trump pressured Mexico on border wall payment according to leaked phone call transcripts,"Sızan telefon görüşmesi notlarına göre Trump, sınır duvarı ödemesi konusunda Meksika'ya baskı yaptı.","Sızan telefon görüşmesi notlarına göre Trump, sınır duvarı ödemesi konusunda Meksika'ya baskı yaptı. Trump pressured",wmt18 sampled official pair with source_leakage
mt0464,Turkish,wmt18,en-tr,fragment_duplication,"""The way it is going, this community will not be able to find a health group to serve them"" she said.","""Bu şekilde giderse bu halk, yakında kendine hizmet edecek bir sağlık gurubu bulamayacak karşısında"" dedi.","""Bu şekilde giderse bu halk, yakında kendine hizmet hizmet edecek bir sağlık gurubu bulamayacak karşısında"" dedi.",wmt18 sampled official pair with fragment_duplication
mt0465,Turkish,wmt18,en-tr,exact_match,"In the past, such events were ignored, but now they are being directly dealt with through government litigation, the state is sending a lawyer and perusing the case.","Geçmişte bunlar hep boşta kalıyordu ama şu anda doğrudan kamu davası oluyor ve devlet avukat görevlendiriyor, davayı takip ediyor.","Geçmişte bunlar hep boşta kalıyordu ama şu anda doğrudan kamu davası oluyor ve devlet avukat görevlendiriyor, davayı takip ediyor.",wmt18 sampled official pair with exact_match
mt0466,Turkish,wmt18,en-tr,punctuation_drop,Our friend’s nose was broken and he was covered in blood.,"Arkadaşımızın burnu kırıldı, kanlar içinde kaldı.",Arkadaşımızın burnu kırıldı kanlar içinde kaldı,wmt18 sampled official pair with punctuation_drop
mt0467,Turkish,wmt18,en-tr,partial_truncation,"The most important lesson is that, because of the delayed perception of domestic and international realities among the Ottomans who ruled the life of the intellect and the state, the empire fell apart, was ruined, and people became impoverished.","En önemli ders Osmanlı'da yurt ve dünya gerçeklerini gecikerek algılayanların düşünce ve devlet hayatına egemen olmaları sonunda imparatorluk dağıldı, çöktü ve halk yoksullaştı.",En önemli ders Osmanlı'da yurt ve dünya gerçeklerini gecikerek algılayanların düşünce ve devlet hayatına egemen olmaları sonunda,wmt18 sampled official pair with partial_truncation
mt0468,Turkish,wmt18,en-tr,middle_deletion,"""We want that n----r Roger!"" the man barked.","""Şu z.....i istiyoruz, Roger!"" diye havladı adam.","""Şu z.....i istiyoruz, diye havladı adam.",wmt18 sampled official pair with middle_deletion
mt0469,Turkish,wmt18,en-tr,local_reordering,And then everyone (at least all the black actors) bursts into laughter.,Ve sonra herkes (en azından siyahi aktörler) kahkahaya boğuluyor.,Ve sonra herkes azından (en siyahi aktörler) kahkahaya boğuluyor.,wmt18 sampled official pair with local_reordering
mt0470,Turkish,wmt18,en-tr,source_leakage,The Yatagan-Kavaklidere highway was closed to traffic for sometime because of the accident.,Kaza nedeniyle Yatağan-Kavaklıdere karayolu bir süre ulaşıma kapatıldı.,Kaza nedeniyle Yatağan-Kavaklıdere karayolu bir süre ulaşıma kapatıldı. The Yatagan-Kavaklidere,wmt18 sampled official pair with source_leakage
mt0471,Turkish,wmt18,en-tr,fragment_duplication,Ordinary Congress.,"Olağan Kongre süreci için ""akkongreler.com"" adresli web sitesi kuruldu.","Olağan Kongre süreci için ""akkongreler.com"" ""akkongreler.com"" adresli web sitesi kuruldu.",wmt18 sampled official pair with fragment_duplication
mt0472,Turkish,wmt18,en-tr,exact_match,"A message from the President and Chairman of the AK Party, Recep Tayyip Erdoğan, was included, and the organization’s members were warned about the party’s corporate identity.","İnternet sitesinde mesajına yer verilen Cumhurbaşkanı ve AK Parti Genel Başkanı Recep Tayyip Erdoğan, teşkilat mensuplarına, kongre sürecinde partinin kurumsal kimliğine uymaları uyarısında bulundu.","İnternet sitesinde mesajına yer verilen Cumhurbaşkanı ve AK Parti Genel Başkanı Recep Tayyip Erdoğan, teşkilat mensuplarına, kongre sürecinde partinin kurumsal kimliğine uymaları uyarısında bulundu.",wmt18 sampled official pair with exact_match
mt0473,Turkish,wmt18,en-tr,punctuation_drop,"British education group Pearson said on Friday it would cut another 3,000 jobs and slash its interim dividend by 72 per cent as it started another restructuring programme to tackle the pressures facing its business.","Britanyalı eğitim grubu Pearson, işletmenin yüz yüze olduğu baskıların üstesinden gelmek için başka bir yeniden yapılanma programına başlarken, cuma günü 3000 işten çıkarma daha yapacağını ve ara kar payını yüzde 72 oranında azaltacağını söyledi.",Britanyalı eğitim grubu Pearson işletmenin yüz yüze olduğu baskıların üstesinden gelmek için başka bir yeniden yapılanma programına başlarken cuma günü 3000 işten çıkarma daha yapacağını ve ara kar payını yüzde 72 oranında azaltacağını söyledi,wmt18 sampled official pair with punctuation_drop
mt0474,Turkish,wmt18,en-tr,partial_truncation,That’s what we have to figure out.,Önce bunu öğrenmeliyiz.,Önce bunu öğrenme,wmt18 sampled official pair with partial_truncation
mt0475,Turkish,wmt18,en-tr,middle_deletion,"When the January-July period is looked at, it was seen that the BIST 100 Index showed a higher performance than the leading global stock exchange markets as well as than those of the developing countries.",Ocak-temmuz dönemi itibarıyla bakıldığında BIST 100 endeksinin hem başlıca dünya borsalarından hem de gelişmekte olan ülke borsaları endekslerinden yüksek bir performans sergilediği görüldü.,Ocak-temmuz dönemi itibarıyla bakıldığında BIST 100 endeksinin hem başlıca dünya borsalarından de gelişmekte olan ülke borsaları endekslerinden yüksek bir performans sergilediği görüldü.,wmt18 sampled official pair with middle_deletion
mt0476,Turkish,wmt18,en-tr,local_reordering,"In the short term, we think that, regarding pricing over 110,000, we should form a new narrative domestically or intentionally.",Kısa vadede 110.000 üzeri fiyatlamalar için yerel ya da küresel yeni bir hikayenin oluşması gerektiğini düşünüyoruz.,Kısa vadede 110.000 üzeri fiyatlamalar için yerel da ya küresel yeni bir hikayenin oluşması gerektiğini düşünüyoruz.,wmt18 sampled official pair with local_reordering
mt0477,Turkish,wmt18,en-tr,source_leakage,"Specifically, the breaking of the support to 105,500 could bring a decrease to the104,300 level, which resulted from the increase from 100,000 to 108,600, corresponding to a Fibo level of 50%.",Özellikle 105.500 desteğinin kırılması 104.300 seviyesine kadar geri çekilmeyi beraberinde getirebilir ki bu seviye 100.000'den 108.600 seviyesine yaşanan yükselişin Fibo yüzde 50'sine tekabül ediyor.,"Özellikle 105.500 desteğinin kırılması 104.300 seviyesine kadar geri çekilmeyi beraberinde getirebilir ki bu seviye 100.000'den 108.600 seviyesine yaşanan yükselişin Fibo yüzde 50'sine tekabül ediyor. Specifically, the",wmt18 sampled official pair with source_leakage
mt0478,Turkish,wmt18,en-tr,fragment_duplication,"Correspondents say the suicide bombings in Kabul in recent weeks have also created a crisis of public confidence in the government, its policies and in particular the reputation of President Ashraf Ghani.","Muhabirler, son haftalarda Kabil'deki intihar bombalamalarının hükümete, onun politikalarına ve özellikle de Başkan Ashraf Ghani'nin itibarına olan kamuoyu güveninde krize yol açtığını söylüyor.","Muhabirler, son haftalarda Kabil'deki intihar bombalamalarının hükümete, onun politikalarına ve özellikle de de Başkan Ashraf Ghani'nin itibarına olan kamuoyu güveninde krize yol açtığını söylüyor.",wmt18 sampled official pair with fragment_duplication
mt0479,Turkish,wmt18,en-tr,exact_match,Orman gave the good news...,Orman müjdeyi verdi...,Orman müjdeyi verdi...,wmt18 sampled official pair with exact_match
mt0480,Turkish,wmt18,en-tr,punctuation_drop,Ankara’s Independent MP Aylin Nazlıaka brought the bans up in Parliament.,Ankara Bağımsız Milletvekili Aylin Nazlıaka ise yasağı Meclis'e taşıdı.,Ankara Bağımsız Milletvekili Aylin Nazlıaka ise yasağı Meclise taşıdı,wmt18 sampled official pair with punctuation_drop
mt0481,Turkish,wmt18,en-tr,partial_truncation,How?,Nasıl?,Nasıl?,wmt18 sampled official pair with partial_truncation
mt0482,Turkish,wmt18,en-tr,middle_deletion,No other names can generate that kind of attention.,Başka hiçbir isim bu derece bir ilgi yaratmaz.,Başka hiçbir isim bu bir ilgi yaratmaz.,wmt18 sampled official pair with middle_deletion
mt0483,Turkish,wmt18,en-tr,local_reordering,"Worried about its western investment partners withdrawing from projects because of sanctions, in response the Kremlin has expedited the construction of pipelines.","Batılı yatırım ortaklarının yaptırımlar nedeniyle projelerden çekilmeyi düşünmesinden endişelenen Kremlin, buna karşılık olarak boru hatlarının inşaatını hızlandırdı.","Batılı yatırım ortaklarının yaptırımlar nedeniyle projelerden çekilmeyi endişelenen düşünmesinden Kremlin, buna karşılık olarak boru hatlarının inşaatını hızlandırdı.",wmt18 sampled official pair with local_reordering
mt0484,Turkish,wmt18,en-tr,source_leakage,"In May, the agency released the results of 581 tests and said that there were 442 instances that ""suggest the person examined is 18 years or older.""","Mayısta, daire 581 testin sonucunu açıkladı ve ""incelenen kişilerin 18 yaşında ya da daha büyük olduğunun gösterildiği"" 442 durum olduğunu söyledi.","Mayısta, daire 581 testin sonucunu açıkladı ve ""incelenen kişilerin 18 yaşında ya da daha büyük olduğunun gösterildiği"" 442 durum olduğunu söyledi. In May,",wmt18 sampled official pair with source_leakage
mt0485,Turkish,wmt18,en-tr,fragment_duplication,Judging biological age in this way is very uncertain.,Biyolojik yaşa bu şekilde karar vermek çok şüpheli.,Biyolojik yaşa bu şekilde karar karar vermek çok şüpheli.,wmt18 sampled official pair with fragment_duplication
mt0486,Turkish,wmt18,en-tr,exact_match,It has a mixed style.,Burada karma bir üslup var.,Burada karma bir üslup var.,wmt18 sampled official pair with exact_match
mt0487,Turkish,wmt18,en-tr,punctuation_drop,"Meanwhile, the Republican National Committee released a statement Thursday night saying ""Governor Justice's party switch is another blow to a Democratic Party that would rather obstruct than work to make our country great again.""","Bu arada Cumhuriyetçi Ulusal Kongre perşembe akşamı, ""Vali Justice'in parti değiştirmesinin ülkemizi yeniden büyük yapmak yerine onu engellemek için çalışmayı yeğleyen Demokrat Parti'ye başka bir darbe olduğunu"" söyleyen bir açıklama yayınladı.",Bu arada Cumhuriyetçi Ulusal Kongre perşembe akşamı Vali Justicein parti değiştirmesinin ülkemizi yeniden büyük yapmak yerine onu engellemek için çalışmayı yeğleyen Demokrat Partiye başka bir darbe olduğunu söyleyen bir açıklama yayınladı,wmt18 sampled official pair with punctuation_drop
mt0488,Turkish,wmt18,en-tr,partial_truncation,How are you with Turkish cuisine? Does your girlfriend cook for you?,"Türk yemekleriyle aran nasıl, sevgilin sana yemek yapıyor mu?","Türk yemekleriyle aran nasıl, sevgilin sana yemek",wmt18 sampled official pair with partial_truncation
mt0489,Turkish,wmt18,en-tr,middle_deletion,"He said he was sorry to ""all athletes who have had gold and silver medals snatched from them at competitions.""","""Yarışmalarda altın ve gümüş madalyaları kendilerinden zorla alınan tüm atletlerden"" özür dilediğini söyledi.","""Yarışmalarda altın ve gümüş madalyaları kendilerinden alınan tüm atletlerden"" özür dilediğini söyledi.",wmt18 sampled official pair with middle_deletion
mt0490,Turkish,wmt18,en-tr,local_reordering,"An Embassy statement titled ""Statement on erroneous media reports published in the press about the trucks en route to Syria"", included:","Elçilik'ten yapılan, ""Suriye'ye giden tırlarla ilgili basında çıkan yanlış haberlere ilişkin açıklama"" başlıklı açıklamada şöyle denildi:","Elçilik'ten yapılan, ""Suriye'ye giden tırlarla ilgili basında yanlış çıkan haberlere ilişkin açıklama"" başlıklı açıklamada şöyle denildi:",wmt18 sampled official pair with local_reordering
mt0491,Turkish,wmt18,en-tr,source_leakage,"TYDTA Chairman, Arda Ermut, has indicated that 55% of all investment last year came after July.","TYDTA Başkanı Arda Ermut, geçen yıl gelen tüm yatırımın yüzde 55'inin temmuz ayından sonra geldiğini dile getirdi.","TYDTA Başkanı Arda Ermut, geçen yıl gelen tüm yatırımın yüzde 55'inin temmuz ayından sonra geldiğini dile getirdi. TYDTA Chairman,",wmt18 sampled official pair with source_leakage
mt0492,Turkish,wmt18,en-tr,fragment_duplication,"Ermut recollected that in the last weeks some developments had taken place in Germany but the government, especially President Recep Tayyip Erdoğan, had displayed a clear reaction to the situation.","Arda Ermut, geçen hafta Almanya konusunda bazı olayların yaşandığını ama hükümetin, özellikle Cumhurbaşkanı Recep Tayyip Erdoğan'ın bu duruma net ve kesin reaksiyon gösterdiğini anımsattı.","Arda Ermut, geçen hafta Almanya konusunda bazı olayların yaşandığını ama hükümetin, özellikle Cumhurbaşkanı Cumhurbaşkanı Recep Tayyip Erdoğan'ın bu duruma net ve kesin reaksiyon gösterdiğini anımsattı.",wmt18 sampled official pair with fragment_duplication
mt0493,Turkish,wmt18,en-tr,exact_match,"Certainly, political developments could sometimes affect the perception of an investment environment.",Elbette politik gelişmeler bazen yatırım ortamı ile ilgili algıları etkileyebilir.,Elbette politik gelişmeler bazen yatırım ortamı ile ilgili algıları etkileyebilir.,wmt18 sampled official pair with exact_match
mt0494,Turkish,wmt18,en-tr,punctuation_drop,"""But, how much we will surpass this by will be affected by global uncertainties"".","""Fakat ne kadar geçeceğimizi, bu bölgesel gelişmeler, global belirsizlikler etkileyecek"". dedi.",Fakat ne kadar geçeceğimizi bu bölgesel gelişmeler global belirsizlikler etkileyecek dedi,wmt18 sampled official pair with punctuation_drop
mt0495,Turkish,wmt18,en-tr,partial_truncation,"In the raids, 55 people were detained, the confiscations included 15,000 bottles of ready-to-sell wines, 52,480 wine bottles sealed with several-times-used TAPDK labels hoods, 12,890 units of TAPDK label hoods, three guns and bullets, 100 boxes of aphrodisiac pills, 992 units of smuggled cigars, 698 bottles of fake drinks and 100 liters of aniseed essence.","Yapılan operasyonda toplam 55 kişi gözaltına alınırken, yapılan aramalarda 15 bin satışa hazır şarap, 52 bin 480 tane birçok kez kullanılmış TAPDK bandrollü kapüşonlu dolumu yapılmış şarap şişesi, 12 bin 890 tane TAPDK bandrollü kapüşon, 3 tabanca ve mermileri, 100 kutu cinsel içerikli hap, 992 tane kaçak puro, 698 şişe çeşitli türlerde sahte içki ve 100 litre anason esansı ele geçirildi.","Yapılan operasyonda toplam 55 kişi gözaltına alınırken, yapılan aramalarda 15 bin satışa hazır şarap, 52 bin 480 tane birçok kez kullanılmış TAPDK bandrollü kapüşonlu dolumu yapılmış şarap şişesi, 12 bin 890 tane TAPDK bandrollü kapüşon, 3 tabanca ve mermileri, 100 kutu cinsel içerikli hap, 992 tane",wmt18 sampled official pair with partial_truncation
mt0496,Turkish,wmt18,en-tr,middle_deletion,"Noting that this year the traffic arm would take off the profits of the industry’s other arms, Çağlar said ""With these capped prices, this loss is not sustainable.","Bu yıl trafiğin yine diğer branşlardaki karları götüreceğini söyleyen Çağlar, ""Bu tavan fiyatlarla bu zarar sürdürülemez.","Bu yıl trafiğin yine diğer branşlardaki karları götüreceğini Çağlar, ""Bu tavan fiyatlarla bu zarar sürdürülemez.",wmt18 sampled official pair with middle_deletion
mt0497,Turkish,wmt18,en-tr,local_reordering,Çağlar forecasted that the sector would be finishing the year with an increase of 15% in total premiums generated.,"Çağlar, sektörün toplam prim üretiminde yılı yüzde 15 büyüme ile tamamlamayacağını tahmin ettiğini söyledi.","Çağlar, sektörün toplam prim üretiminde yılı 15 yüzde büyüme ile tamamlamayacağını tahmin ettiğini söyledi.",wmt18 sampled official pair with local_reordering
mt0498,Turkish,wmt18,en-tr,source_leakage,Payments will be made through Social Aid Cards issued by the PTT.,Ödemeler PTT aracılığıyla sağlanacak Sosyal Yardım Kartları üzerinden yapılacak.,Ödemeler PTT aracılığıyla sağlanacak Sosyal Yardım Kartları üzerinden yapılacak. Payments will,wmt18 sampled official pair with source_leakage
mt0499,Turkish,wmt18,en-tr,fragment_duplication,Barcelona announced that Neymar has been transferred to Paris Saint-Germain for 222 million Euro.,"Barcelona, Neymar'ın 222 milyon Euro'luk bedel karşılığında Paris Saint-Germain'e transfer olduğunu açıkladı.","Barcelona, Neymar'ın 222 milyon Euro'luk bedel karşılığında karşılığında Paris Saint-Germain'e transfer olduğunu açıkladı.",wmt18 sampled official pair with fragment_duplication
mt0500,Turkish,wmt18,en-tr,exact_match,"The founder of the Qadıyanis was Mirza Gulam Ahmet Kadıyani, who initially celebrated the British, and defined himself as a sapling planted by the United Kingdom.","Girişteki İngiliz övgüsünde, kendisini 'İngiliz Hükümeti'nin elleriyle diktiği fidan' olarak tanımlayan kişi, Kadıyânîlik'in kurucusu Mirza Gulâm Ahmet Kadiyânî'dir.","Girişteki İngiliz övgüsünde, kendisini 'İngiliz Hükümeti'nin elleriyle diktiği fidan' olarak tanımlayan kişi, Kadıyânîlik'in kurucusu Mirza Gulâm Ahmet Kadiyânî'dir.",wmt18 sampled official pair with exact_match
mt0501,Turkish,wmt18,en-tr,punctuation_drop,"In addition, based on the available data, the Qadiyanis have 36 hospitals in 12 countries, 650 dispensaries in 55 countries, 8 printing houses in Africa alone, 505 educational institutions in 11 countries, and 16,000 mosques worldwide.","Ayrıca 12 ülkede 36 hastane, 55 ülkede 650 dispanser, sadece Afrika'da Kadıyânîlere ait 8 matbaa; 11 ülkede 505 eğitim kurumu ve dünya üzerinde yaklaşık 16.000 camilerinin bulunduğu da veriler arasında.",Ayrıca 12 ülkede 36 hastane 55 ülkede 650 dispanser sadece Afrikada Kadıyânîlere ait 8 matbaa 11 ülkede 505 eğitim kurumu ve dünya üzerinde yaklaşık 16000 camilerinin bulunduğu da veriler arasında,wmt18 sampled official pair with punctuation_drop
mt0502,Turkish,wmt18,en-tr,partial_truncation,"This year the company is commissioning two new building sites, in Mimaroba and Bitez, and preparing in 2018 to mark its success with two big projects in Topkapı.",Bu yıl içinde Mimaroba ve Bitez'de iki yeni şantiyesini daha devreye alacak olan şirket 2018 yılında ise Topkapı'da 2 büyük projeye imza atmaya hazırlanıyor.,Bu yıl içinde Mimaroba ve Bitez'de iki yeni şantiyesini daha devreye alacak olan şirket 2018 yılında ise Topkapı'da,wmt18 sampled official pair with partial_truncation
mt0503,Turkish,wmt18,en-tr,middle_deletion,Do not hesitate to repent. No sin is greater than ALLAH’s Mercy.,"Af dilemekten çekinmeyin, Hiç bir günah ALLAH'ın Rahmetinden büyük değildir.","Af dilemekten çekinmeyin, Hiç bir ALLAH'ın Rahmetinden büyük değildir.",wmt18 sampled official pair with middle_deletion
mt0504,Turkish,wmt18,en-tr,local_reordering,I wish you a Happy Friday.,Hayırlı Cumalar dilerim.,Cumalar Hayırlı dilerim.,wmt18 sampled official pair with local_reordering
mt0505,Turkish,wmt18,en-tr,source_leakage,Markets are currently forecasting the first rise in the third quarter of next year and another in 2020.,Piyasalar halen ilk artışın gelecek yılın üçüncü çeyreğinde ve bir başkasının da 2020 yılında olacağını tahmin ediyor.,Piyasalar halen ilk artışın gelecek yılın üçüncü çeyreğinde ve bir başkasının da 2020 yılında olacağını tahmin ediyor. Markets are,wmt18 sampled official pair with source_leakage
mt0506,Turkish,wmt18,en-tr,fragment_duplication,"But the Bank stressed that any hikes would be ""gradual"" and ""limited.""","Fakat banka her hangi bir artışın ""adım adım"" ve ""sınırlı"" olacağını vurguluyor.","Fakat banka her hangi bir artışın ""adım ""adım adım"" ve ""sınırlı"" olacağını vurguluyor.",wmt18 sampled official pair with fragment_duplication
mt0507,Turkish,wmt18,en-tr,exact_match,Such drugs can be taken every day or as soon as two hours before having sex.,Bu tür ilaçlar her gün ya da seks yapmadan hemen iki saat önceye kadar alınabiliyor.,Bu tür ilaçlar her gün ya da seks yapmadan hemen iki saat önceye kadar alınabiliyor.,wmt18 sampled official pair with exact_match
mt0508,Turkish,wmt18,en-tr,punctuation_drop,"The trial is designed to assess the full potential of PrEP by gathering clinical evidence on how it is targeted, taken up, and implemented on a large scale.","Deneme, PrEP'in nasıl hedeflendiği, yürütüldüğü ve büyük ölçekte uygulandığı üzerine klinik kanıtlar toplayarak PrEP'in tam potansiyelini değerlendirmek için tasarlandı.",Deneme PrEPin nasıl hedeflendiği yürütüldüğü ve büyük ölçekte uygulandığı üzerine klinik kanıtlar toplayarak PrEPin tam potansiyelini değerlendirmek için tasarlandı,wmt18 sampled official pair with punctuation_drop
mt0509,Turkish,wmt18,en-tr,partial_truncation,The evidence shows just how transformative this drug can be as part of our approach to HIV prevention and ending the transmission of this life-changing infection.,"Kanıtlar bu ilacın, HIV'in engellenmesine bakışımızın bir parçası olarak ve hayat değiştiren bu enfeksiyonun bulaşmasının sonlandırılmasında ne kadar dönüştürücü olabileceğini gösteriyor","Kanıtlar bu ilacın, HIV'in engellenmesine bakışımızın bir parçası olarak ve hayat değiştiren bu enfeksiyonun bulaşmasının sonlandırılmasında",wmt18 sampled official pair with partial_truncation
mt0510,Turkish,wmt18,en-tr,middle_deletion,Two mysterious deaths,İki sır ölüm,İki ölüm,wmt18 sampled official pair with middle_deletion
mt0511,Turkish,wmt18,en-tr,local_reordering,The medical team confirmed that Çilingiroğlu had lost her life after having fallen from the nineteenth floor onto the hard surface.,"Sağlık ekibi, 19'uncu kattan sert zemine düşen Çilingiroğlu'nun hayatını kaybettiğini belirledi.","Sağlık ekibi, 19'uncu kattan zemine sert düşen Çilingiroğlu'nun hayatını kaybettiğini belirledi.",wmt18 sampled official pair with local_reordering
mt0512,Turkish,wmt18,en-tr,source_leakage,"Since the first viewing, the 1,000sq ft flat has had a complete overhaul.",İlk görüşten sonra 1000 ft karelik daire baştan aşağı yenilendi.,İlk görüşten sonra 1000 ft karelik daire baştan aşağı yenilendi. Since the,wmt18 sampled official pair with source_leakage
mt0513,Turkish,wmt18,en-tr,fragment_duplication,"""We had to arrange the spaces so that they stacked on top of each other without needing to hunch down.","""Boşlukları öyle ayarlamalıydık ki birbirlerinin üzerine aşağı eğilmeye ihtiyaç duymadan yığılabilsinler.","""Boşlukları öyle ayarlamalıydık ki birbirlerinin üzerine üzerine aşağı eğilmeye ihtiyaç duymadan yığılabilsinler.",wmt18 sampled official pair with fragment_duplication
mt0514,Turkish,wmt18,en-tr,exact_match,"Two brothers are at war over one of Victoria's biggest real estate empires, worth more than $500 million, four decades after their Italian family founded the dynasty.","İki erkek kardeş, İtalyan ailelerinin kurduğu hanedandan kırk yıl sonra, 500 milyon $'dan fazla değeri olan Victoria'nın en büyük emlak imparatorluklarından biri için savaş halinde.","İki erkek kardeş, İtalyan ailelerinin kurduğu hanedandan kırk yıl sonra, 500 milyon $'dan fazla değeri olan Victoria'nın en büyük emlak imparatorluklarından biri için savaş halinde.",wmt18 sampled official pair with exact_match
mt0515,Turkish,wmt18,en-tr,punctuation_drop,"Anna De Lutis says she and Luigi, who died in 2012, hoped to pass down their properties to their sons amicably.",Anna De Lutis kendisi ve 2012 yılında ölen Luigi'nin kendi mallarını oğullarına dostane bir şekilde bırakmayı umduğunu söylüyor.,Anna De Lutis kendisi ve 2012 yılında ölen Luiginin kendi mallarını oğullarına dostane bir şekilde bırakmayı umduğunu söylüyor,wmt18 sampled official pair with punctuation_drop
mt0516,Turkish,wmt18,en-tr,partial_truncation,"At least one such meeting allegedly took place only 1.3 miles off the Libyan coast, according to the prosecutor's file, the contents of which were published by Italian media.","İçeriği İtalyan medyası tarafından yayımlanan savcının dosyalarına göre en azından böyle tek bir buluşma, iddiaya göre Libya sahilinin 1,3 mil açığında gerçekleşmiş.","İçeriği İtalyan medyası tarafından yayımlanan savcının dosyalarına göre en azından böyle tek bir buluşma, iddiaya göre",wmt18 sampled official pair with partial_truncation
mt0517,Turkish,wmt18,en-tr,middle_deletion,Minniti meanwhile said a sharp fall over recent weeks in the number of migrants arriving in Italy following rescues was an indication that efforts to beef up the Libyan coastguard and cooperation with local mayors was bearing fruit.,"Bu arada Minniti, geçen haftalardaki kurtarmaların ardından İtalya'ya gelen göçmenlerin sayısındaki keskin düşüşün, Libya sahil güvenliğini güçlendirme çabalarının ve yerel valilerle olan işbirliğinin meyve verdiğinin göstergesi olduğunu söyledi.","Bu arada Minniti, geçen haftalardaki kurtarmaların ardından İtalya'ya gelen göçmenlerin sayısındaki keskin düşüşün, Libya güvenliğini güçlendirme çabalarının ve yerel valilerle olan işbirliğinin meyve verdiğinin göstergesi olduğunu söyledi.",wmt18 sampled official pair with middle_deletion
mt0518,Turkish,wmt18,en-tr,local_reordering,Get rid of a herniated disc in 45 minutes,Bel fıtığından 45 dakikada kurtulmak mümkün,Bel fıtığından dakikada 45 kurtulmak mümkün,wmt18 sampled official pair with local_reordering
mt0519,Turkish,wmt18,en-tr,source_leakage,"Pointing out that today’s risk minimizing ’fully closed herniated disc surgery’ offers an opportunity to reduce the worries of those patients who had had no success with invasive methods, Mr Karaeminogullari explained how a herniated disc can be fixed in 45 minutes:","Karaeminoğulları, günümüzde riski en aza indiren 'tam kapalı bel fıtığı ameliyatının' girişimsel yöntemlerle sonuç alınamayan hastaların ameliyat konusundaki çekincelerinin azalmasına da olanak sağladığını ifade ederek, bel fıtığı hastalığından 45 dakikada kurtulmanın mümkün olduğunu şöyle anlatıyor:","Karaeminoğulları, günümüzde riski en aza indiren 'tam kapalı bel fıtığı ameliyatının' girişimsel yöntemlerle sonuç alınamayan hastaların ameliyat konusundaki çekincelerinin azalmasına da olanak sağladığını ifade ederek, bel fıtığı hastalığından 45 dakikada kurtulmanın mümkün olduğunu şöyle anlatıyor: Pointing out",wmt18 sampled official pair with source_leakage
mt0520,Turkish,wmt18,en-tr,fragment_duplication,"In fully closed herniated disc surgery, however, those risks are absent because the surrounding tissues are protected.",Tam kapalı bel fıtığı ameliyatında ise çevre dokular korunduğu için bu riskler ortadan kalkıyor.,Tam kapalı bel fıtığı ameliyatında ise çevre dokular dokular korunduğu için bu riskler ortadan kalkıyor.,wmt18 sampled official pair with fragment_duplication
mt0521,Turkish,wmt18,en-tr,exact_match,Carter was allowed to remain free pending an appeal.,Carter'ın istinaf yolu açık olmak üzere serbest kalmasına izin verildi.,Carter'ın istinaf yolu açık olmak üzere serbest kalmasına izin verildi.,wmt18 sampled official pair with exact_match
mt0522,Turkish,wmt18,en-tr,punctuation_drop,"God Willing, if our luck permits, the difficulties in our immediate neighborhood will decrease.",İnşallah şansımız da yaver gider yakın coğrafyamızdaki sıkıntılar azalır.,İnşallah şansımız da yaver gider yakın coğrafyamızdaki sıkıntılar azalır,wmt18 sampled official pair with punctuation_drop
mt0523,Turkish,wmt18,en-tr,partial_truncation,"Under the automatic enrollment, there are 2.6 million participants and an accumulation of 775 billion Turkish Lira.","Otomatik katılımda da 2,6 milyon katılımcı var, 775 milyon lira da birikim var.","Otomatik katılımda da 2,6 milyon katılımcı var, 775 milyon lira",wmt18 sampled official pair with partial_truncation
mt0524,Turkish,wmt18,en-tr,middle_deletion,We want some more push from the companies.,Firmalardan bir miktar daha çaba istiyoruz.,Firmalardan bir miktar çaba istiyoruz.,wmt18 sampled official pair with middle_deletion
mt0525,Turkish,wmt18,en-tr,local_reordering,"Going to Kalko, he found that Dursun was fighting Buerger disease.",Bunun üzerine Kalko'ya giden Dursun'un Buerger hastalığı ile mücadele ettiği ortaya çıktı.,Bunun üzerine Kalko'ya giden Dursun'un hastalığı Buerger ile mücadele ettiği ortaya çıktı.,wmt18 sampled official pair with local_reordering
mt0526,Turkish,wmt18,en-tr,source_leakage,"The BMW chairman said the company believed ""there are more intelligent options than driving restrictions,"" referring to the European cities - including Munich, where BMW is based - that have considered banning or restricting diesel vehicles.","BMW yönetim kurulu başkanı, BMW'nin merkezi (dizel araçların yasaklanmasının veya sınırlanmasının düşünüldüğü) Münih de dahil, Avrupa şehirlerini kastederek, firmanın ""sürüş sınırlamalarından daha fazla akıllı seçeneklerin olduğuna"" inandığını söyledi.","BMW yönetim kurulu başkanı, BMW'nin merkezi (dizel araçların yasaklanmasının veya sınırlanmasının düşünüldüğü) Münih de dahil, Avrupa şehirlerini kastederek, firmanın ""sürüş sınırlamalarından daha fazla akıllı seçeneklerin olduğuna"" inandığını söyledi. The BMW",wmt18 sampled official pair with source_leakage
mt0527,Turkish,wmt18,en-tr,fragment_duplication,"Early this year, Audi was swept up into a German criminal investigation involving Volkswagen after the authorities accused Audi of installing a system to evade emissions rules in Europe, broadening an inquiry that had focused on the United States.","Bu yılın başında Audi, Volkswagen'in de dahil olduğu bir Alman kriminal soruşturmasına sürüklenmişti; otoriteler Audi'yi Avrupa'daki emisyon kurallarından kurtulmak için bir sistem takmakla suçladıktan sonra Amerika Birleşik Devletleri merkezli soruşturmayı genişletmişlerdi.","Bu yılın başında Audi, Volkswagen'in de dahil olduğu bir Alman kriminal soruşturmasına sürüklenmişti; otoriteler Audi'yi Avrupa'daki Avrupa'daki emisyon kurallarından kurtulmak için bir sistem takmakla suçladıktan sonra Amerika Birleşik Devletleri merkezli soruşturmayı genişletmişlerdi.",wmt18 sampled official pair with fragment_duplication
mt0528,Turkish,wmt18,en-tr,exact_match,"Prof. Dr. Çağlar ""One shouldn’t be diving into water into which they can’t see"".","Prof. Dr. Çağlar, ""İçi görülemeyen suya balıklama atlanmamalı.""","Prof. Dr. Çağlar, ""İçi görülemeyen suya balıklama atlanmamalı.""",wmt18 sampled official pair with exact_match
mt0529,Turkish,wmt18,en-tr,punctuation_drop,The supply of air must be ensured and the patient must be laid down on their side in order to drain out any water that has entered their lungs.,Hava yolu temin edilmeli ve akciğere kaçan suyun drenajı için hasta ters yan yatırılmalıdır.,Hava yolu temin edilmeli ve akciğere kaçan suyun drenajı için hasta ters yan yatırılmalıdır,wmt18 sampled official pair with punctuation_drop
mt0530,Turkish,wmt18,en-tr,partial_truncation,The patient should not be suspended by the legs to drain the water.,"Bacaklardan tutulup, suyu boşaltması için sarkıtılmamalı.","Bacaklardan tutulup, suyu boşaltması",wmt18 sampled official pair with partial_truncation
mt0531,Turkish,wmt18,en-tr,middle_deletion,And a lot is at stake.,Ve birçok şey tehlikede.,Ve birçok tehlikede.,wmt18 sampled official pair with middle_deletion
mt0532,Turkish,wmt18,en-tr,local_reordering,"But on this day, in the shadow of their own tragedy, they've come together to talk about security.","Fakat bu günde, kendi trajedilerinin gölgesinde güvenliklerini konuşmak için bir araya geldiler.","Fakat bu günde, kendi trajedilerinin güvenliklerini gölgesinde konuşmak için bir araya geldiler.",wmt18 sampled official pair with local_reordering
mt0533,Turkish,wmt18,en-tr,source_leakage,He believes two errors contributed to the killing.,İki hatanın cinayete katkıda bulunduğuna inanıyor.,İki hatanın cinayete katkıda bulunduğuna inanıyor. He believes,wmt18 sampled official pair with source_leakage
mt0534,Turkish,wmt18,en-tr,fragment_duplication,"First there was the publication in February of an interview with Damaso Lopez, a leader of one of the rival cartel factions at war with Guzman's sons.","Birincisi, şubat ayında yapılan bir yayında Guzman'ın oğullarıyla savaşta olan rakip kartel gruplarından birinin lideri Damaso Lopez ile olan röportaj vardı.","Birincisi, şubat ayında yapılan bir yayında Guzman'ın oğullarıyla savaşta olan rakip rakip kartel gruplarından birinin lideri Damaso Lopez ile olan röportaj vardı.",wmt18 sampled official pair with fragment_duplication
mt0535,Turkish,wmt18,en-tr,exact_match,"I don't want to be asked, 'What were you doing in the face of so much death ... why didn't you say what was going on?'""","Bana, 'Bu kadar çok ölüm karşısında ne yapıyordun... Neden ne olup bittiğini söylemedin?' diye sorulmasını istemiyorum.""","Bana, 'Bu kadar çok ölüm karşısında ne yapıyordun... Neden ne olup bittiğini söylemedin?' diye sorulmasını istemiyorum.""",wmt18 sampled official pair with exact_match
mt0536,Turkish,wmt18,en-tr,punctuation_drop,"Outside, two police officers sought relief from the 104-degree (40 Celsius) heat in the shade of a tree.","Dışarıda iki polis memuru 104 derecelik (40 Santigrat) sıcaklıktan, bir ağacın gölgesinde kurtulmak istedi.",Dışarıda iki polis memuru 104 derecelik 40 Santigrat sıcaklıktan bir ağacın gölgesinde kurtulmak istedi,wmt18 sampled official pair with punctuation_drop
mt0537,Turkish,wmt18,en-tr,partial_truncation,"It has been months since the reporters have gone into the mountainous countryside, where the drug gangs are in de facto control.","Muhabirler, uyuşturucu çetelerinin fiili olarak kontrol ettiği dağlık kırsal kesime gideli aylar oldu.","Muhabirler, uyuşturucu çetelerinin fiili olarak kontrol ettiği dağlık kırsal kesime",wmt18 sampled official pair with partial_truncation
mt0538,Turkish,wmt18,en-tr,middle_deletion,"The 110-million-year-old creature, part of the nodosaur family, first hit headlines in May and is now on view at the Royal Tyrrell Museum of Palaeontology.",110 milyon yaşındaki nodozor ailesinden olan yaratık ilk kez Mayıs'ta manşetlere çıktı ve şu anda Royal Tyrrell Paleontoloji Müzesi'nde sergileniyor.,110 milyon yaşındaki nodozor ailesinden olan yaratık ilk kez Mayıs'ta çıktı ve şu anda Royal Tyrrell Paleontoloji Müzesi'nde sergileniyor.,wmt18 sampled official pair with middle_deletion
mt0539,Turkish,wmt18,en-tr,local_reordering,It suggests the dinosaur was hunted by enough pressure meat-eating dinosaurs that evolution favoured concealment over confrontation as a means of survival.,"Bu, dinozorun, et yiyen dinozorlar tarafından yeteri kadar baskı görüp avlandığını, evrimin de hayatta kalma yöntemi olarak saklanmayı yüzleşmeye yeğlediği anlamına gelmektedir.","Bu, dinozorun, et yiyen dinozorlar tarafından yeteri kadar baskı görüp evrimin avlandığını, de hayatta kalma yöntemi olarak saklanmayı yüzleşmeye yeğlediği anlamına gelmektedir.",wmt18 sampled official pair with local_reordering
mt0540,Turkish,wmt18,en-tr,source_leakage,And he did.,Ve oldu.,Ve oldu. And he,wmt18 sampled official pair with source_leakage
mt0541,Turkish,wmt18,en-tr,fragment_duplication,He won’t and can’t take orders from him.,"Ondan emir almaz, alamaz.","Ondan emir almaz, almaz, alamaz.",wmt18 sampled official pair with fragment_duplication
mt0542,Turkish,wmt18,en-tr,exact_match,"May be some day, if someone talks about it, we will learn!",Belki yakında birileri anlatırsa hep birlikte öğreniriz!,Belki yakında birileri anlatırsa hep birlikte öğreniriz!,wmt18 sampled official pair with exact_match
mt0543,Turkish,wmt18,en-tr,punctuation_drop,"In another video, a different cop, she said, cocked his rifle and screamed, ""I'll kill all you ... animals.""","Başka bir videoda başka bir polis, söylediğine göre, tüfeğinin tetiğini kurdu ve bağırdı: ""Hepinizi öldüreceğim... hayvanlar.""",Başka bir videoda başka bir polis söylediğine göre tüfeğinin tetiğini kurdu ve bağırdı Hepinizi öldüreceğim hayvanlar,wmt18 sampled official pair with punctuation_drop
mt0544,Turkish,wmt18,en-tr,partial_truncation,They prepared bags and helped pass them out to protesters.,Çantalar hazırladılar ve bunların protestoculara ulaştırılmasına yardımcı oldular.,Çantalar hazırladılar ve bunların protestoculara ulaştırılmasına,wmt18 sampled official pair with partial_truncation
mt0545,Turkish,wmt18,en-tr,middle_deletion,"Folayan agreed noting that ""the movement is really upheld by black women and a lot of queer black women.""","Folayan şunları belirterek buna katıldı: ""Hareket gerçekten siyahi kadınlar ve birçok eşcinsel siyahi kadın tarafından ayakta tutuluyor.""","Folayan şunları belirterek buna katıldı: ""Hareket gerçekten siyahi ve birçok eşcinsel siyahi kadın tarafından ayakta tutuluyor.""",wmt18 sampled official pair with middle_deletion
mt0546,Turkish,wmt18,en-tr,local_reordering,I think you should research this issue.,Bence bu konuyu araştırmalısınız.,Bence konuyu bu araştırmalısınız.,wmt18 sampled official pair with local_reordering
mt0547,Turkish,wmt18,en-tr,source_leakage,"According to Mutko, it does not contain anything that could cause concern for Russia.","Mutko'ya göre bu, Rusya'yı endişelendirecek herhangi bir şey içermiyor.","Mutko'ya göre bu, Rusya'yı endişelendirecek herhangi bir şey içermiyor. According to",wmt18 sampled official pair with source_leakage
mt0548,Turkish,wmt18,en-tr,fragment_duplication,"And even if she promised anonymity, some workers didn't trust the process.",Anonimliği taahhüt etse dahi bazı çalışanlar sürece güvenmiyordu.,Anonimliği taahhüt etse dahi bazı bazı çalışanlar sürece güvenmiyordu.,wmt18 sampled official pair with fragment_duplication
mt0549,Turkish,wmt18,en-tr,exact_match,"These investments hardly come as a surprise, given the interconnected nature of companies, culture and venture capital.","Şirketlerin birbirlerini bağlı olan doğaları, kültürleri ve risk sermayeleri dikkate alındığında bu yatırımlar pek sürpriz sayılmaz.","Şirketlerin birbirlerini bağlı olan doğaları, kültürleri ve risk sermayeleri dikkate alındığında bu yatırımlar pek sürpriz sayılmaz.",wmt18 sampled official pair with exact_match
mt0550,Turkish,wmt18,en-tr,punctuation_drop,"And when you lose customers, you're going to lose companies.""","Ve müşterileri kaybettiğinizde, firmaları kaybedeceksinizdir.""",Ve müşterileri kaybettiğinizde firmaları kaybedeceksinizdir,wmt18 sampled official pair with punctuation_drop
mt0551,Turkish,wmt18,en-tr,partial_truncation,I'm not going to worry too much about it.,Bunun hakkında çok fazla endişelenmeyeceğim.,Bunun hakkında çok fazla,wmt18 sampled official pair with partial_truncation
mt0552,Turkish,wmt18,en-tr,middle_deletion,Facebook to step up fact-checking in fight against fake news,Facebook sahte habere karşı mücadele için hikaye doğrulama gücünü arttırıyor,Facebook sahte habere karşı mücadele hikaye doğrulama gücünü arttırıyor,wmt18 sampled official pair with middle_deletion
mt0553,Turkish,wmt18,en-tr,local_reordering,"Facebook has been criticized as being one of the main distribution points for so-called fake news, which many think influenced the 2016 U.S. presidential election.","Facebook, birçoklarının 2016 ABD başkanlık seçimini etkilediğini düşündüğü sahte haber olarak bilenen haberlerin ana dağıtım noktalarından biri olmakla eleştiriliyor.","Facebook, birçoklarının 2016 ABD başkanlık seçimini etkilediğini düşündüğü haber sahte olarak bilenen haberlerin ana dağıtım noktalarından biri olmakla eleştiriliyor.",wmt18 sampled official pair with local_reordering
mt0554,Turkish,wmt18,en-tr,source_leakage,"To someone 300 years in the future, the smell makes it feel like they're there, too.",300 yıl gelecekteki birisi için bu koku sanki onun da orda olduğunu hissettiriyor.,300 yıl gelecekteki birisi için bu koku sanki onun da orda olduğunu hissettiriyor. To someone,wmt18 sampled official pair with source_leakage
mt0555,Turkish,wmt18,en-tr,fragment_duplication,"He made it obvious in the first match, but yesterday he put epaulets on his shoulder: from now on, Fenerbahçe’s commander is Valbuena.",İlk maçta belli etmişti ama dün apoletlerini kendi taktı omzuna; Fenerbahçe'nin sahadaki komutanı artık Valbuena.,İlk maçta belli etmişti ama dün apoletlerini kendi kendi taktı omzuna; Fenerbahçe'nin sahadaki komutanı artık Valbuena.,wmt18 sampled official pair with fragment_duplication
mt0556,Turkish,wmt18,en-tr,exact_match,"In every part of the field, joining the organization of every pass, always taking responsibility, and then letting them score the goal, he made a great show despite his short stature.","Sahanın her yerinde olup, bütün pas organizasyonlarına katılıp, hep sorumluluk alıp ve bir de gol attırarak kısa boyuna dev bir gösteri yakıştırdı.","Sahanın her yerinde olup, bütün pas organizasyonlarına katılıp, hep sorumluluk alıp ve bir de gol attırarak kısa boyuna dev bir gösteri yakıştırdı.",wmt18 sampled official pair with exact_match
mt0557,Turkish,wmt18,en-tr,punctuation_drop,But what seeps in from the fringes can be highly instructive as to the tenor of the era we're living in.,"Fakat uçlardan sızanlar, yaşamakta olduğumuz dönemin gidişatıyla ilgili yüksek derecede öğretici olabiliyor.",Fakat uçlardan sızanlar yaşamakta olduğumuz dönemin gidişatıyla ilgili yüksek derecede öğretici olabiliyor,wmt18 sampled official pair with punctuation_drop
mt0558,Turkish,wmt18,en-tr,partial_truncation,"They have no agency or back-story, nothing to suggest independence or anything that may disrupt the fantasy of total servitude.","Hiçbir faaliyetleri ya da geçmiş hikayeleri yok, bağımsızlıklarını ortaya koyacak ya da total kölelik fantezisini bozacak hiçbir şey yok.","Hiçbir faaliyetleri ya da geçmiş hikayeleri yok, bağımsızlıklarını ortaya koyacak ya da total kölelik",wmt18 sampled official pair with partial_truncation
mt0559,Turkish,wmt18,en-tr,middle_deletion,"A suicide attack in the Karabag District of Kabul, Afghanistan’s Capital City, targeted foreign military forces.","Afganistan""ın başkenti Kabil'in Karabağ ilçesinde düzenlenen intihar saldırısında, ülkede faaliyet gösteren yabancı askeri güçler hedef alındı.","Afganistan""ın başkenti Kabil'in Karabağ ilçesinde düzenlenen intihar saldırısında, faaliyet gösteren yabancı askeri güçler hedef alındı.",wmt18 sampled official pair with middle_deletion
mt0560,Turkish,wmt18,en-tr,local_reordering,"In the official statement released by NATO-supporting forces (Resolute Support) in Afghanistan, it was reported that a suicide bomber had exploded a home made explosive during a joint patrolling by NATO forces and the Afghanistan National Army.","Afganistan'daki NATO destek güçlerinin (Resolute Support) yaptığı resmi açıklamada, NATO güçlerinin Afgan Ulusal Ordusu'yla ortak bir devriye görevi sırasında intihar bombacısının ev yapımı patlayıcıyı infilak ettirdiği belirtildi.","Afganistan'daki NATO destek güçlerinin (Resolute Support) yaptığı resmi açıklamada, NATO güçlerinin Afgan Ordusu'yla Ulusal ortak bir devriye görevi sırasında intihar bombacısının ev yapımı patlayıcıyı infilak ettirdiği belirtildi.",wmt18 sampled official pair with local_reordering
mt0561,Turkish,wmt18,en-tr,source_leakage,"It has become a truism of the Trump era that the political divisions that have polarised the US electorate have, on a micro-scale, torn families apart.",ABD seçmenlerini kutuplaştıran siyasi bölünmenin mikro ölçekte aileleri bölmesi Trump döneminin gerçekliği oldu.,ABD seçmenlerini kutuplaştıran siyasi bölünmenin mikro ölçekte aileleri bölmesi Trump döneminin gerçekliği oldu. It has,wmt18 sampled official pair with source_leakage
mt0562,Turkish,wmt18,en-tr,fragment_duplication,She reminded me that unity against a common enemy can have a powerful effect.,"Bana, ortak bir düşmana karşı birleşmenin güçlü bir etkisi olabileceğini hatırlattı.","Bana, ortak bir düşmana karşı birleşmenin birleşmenin güçlü bir etkisi olabileceğini hatırlattı.",wmt18 sampled official pair with fragment_duplication
mt0563,Turkish,wmt18,en-tr,exact_match,First pilgrimage group sent off,İlk hac kafilesi uğurlandı,İlk hac kafilesi uğurlandı,wmt18 sampled official pair with exact_match
mt0564,Turkish,wmt18,en-tr,punctuation_drop,"When the balance tilts too far toward inflammation, inflammatory bowel disease can result.","Denge iltihaplanmaya doğru fazlaca kayarsa, iltihabi bağırsak hastalığı sonucu çıkabiliyor.",Denge iltihaplanmaya doğru fazlaca kayarsa iltihabi bağırsak hastalığı sonucu çıkabiliyor,wmt18 sampled official pair with punctuation_drop
mt0565,Turkish,wmt18,en-tr,partial_truncation,"She suspected the difference had to do with the mice's gut microbiomes - the community of bacteria, viruses and fungi that normally live within the gastrointestinal tract.","Farklılığın, farelerin bağırsak mikrobiyomlarıyla, başka bir deyişle normal olarak mide-bağırsak kanalında yaşayan bakteri, virüs ve mantar topluluklarıyla, ilgili olduğundan şüphelendi.","Farklılığın, farelerin bağırsak mikrobiyomlarıyla, başka bir deyişle normal olarak mide-bağırsak kanalında yaşayan bakteri, virüs ve",wmt18 sampled official pair with partial_truncation
mt0566,Turkish,wmt18,en-tr,middle_deletion,"Trying to jump off the balcony and run away, F.T. was caught and detained.",Balkondan atlayıp kaçmayşa çalışan F.T. ise yakalanarak gözaltına alındı.,Balkondan atlayıp kaçmayşa çalışan ise yakalanarak gözaltına alındı.,wmt18 sampled official pair with middle_deletion
mt0567,Turkish,wmt18,en-tr,local_reordering,But even official events have political overtones.,Fakat resmi organizasyonların dahi siyasi imaları oluyor.,Fakat resmi dahi organizasyonların siyasi imaları oluyor.,wmt18 sampled official pair with local_reordering
mt0568,Turkish,wmt18,en-tr,source_leakage,Afghan provincial council and presidential elections take place April 5.,Afgan vilayet konseyi ve başkanlık seçimleri 5 Nisan'da gerçekleşecek.,Afgan vilayet konseyi ve başkanlık seçimleri 5 Nisan'da gerçekleşecek. Afghan provincial,wmt18 sampled official pair with source_leakage
mt0569,Turkish,wmt18,en-tr,fragment_duplication,"According to news in the press, Ari Harov was recorded as having given testimony against Netanyahu, but no other details were available.","Basına dün yansıyan haberlerde eski danışmanlarından Ari Harov'un ""Netanyahu aleyhinde tanıklık ettiği"" kaydedilmiş ancak detay verilmemişti.","Basına dün yansıyan haberlerde eski danışmanlarından Ari Harov'un ""Netanyahu ""Netanyahu aleyhinde tanıklık ettiği"" kaydedilmiş ancak detay verilmemişti.",wmt18 sampled official pair with fragment_duplication
mt0570,Turkish,wmt18,en-tr,exact_match,Sevgi Karakan left her three year old Hasan Umut Karakan and Güneş Yapal left her nine year old Aykut Yapal and four year old Durdu Yapal in the care of 18 year old Ümmühan Yapal.,"Sevgi Karakan 3 yaşındaki çocuğu Hasan Umut Karakan ve Güneş Yapal 9 yaşındaki oğlu Aykut Yapal'ı, 4 yaşındaki çocuğu Durdu Yapal'ı 18 yaşındaki kızı Ümmühan Yapal'a bırakarak evden ayrıldı.","Sevgi Karakan 3 yaşındaki çocuğu Hasan Umut Karakan ve Güneş Yapal 9 yaşındaki oğlu Aykut Yapal'ı, 4 yaşındaki çocuğu Durdu Yapal'ı 18 yaşındaki kızı Ümmühan Yapal'a bırakarak evden ayrıldı.",wmt18 sampled official pair with exact_match
mt0571,Turkish,wmt18,en-tr,punctuation_drop,"We discussed with employees then that like all companies operating in an extremely competitive and uncertain economic climate, we review our operations on an ongoing basis - and that applies across our all our businesses and sites - in order to remain competitive.","O zaman çalışanlarımıza, aşırı rekabetçi ve belirsiz bir ekonomik ortamda iş yapan tüm şirketler gibi biz de rekabetçi kalabilmek için, ki bu tüm işlerimiz ve tesislerimiz için geçerli, operasyonlarımızı devamlı olarak gözden geçirdiğimizi anlattık.",O zaman çalışanlarımıza aşırı rekabetçi ve belirsiz bir ekonomik ortamda iş yapan tüm şirketler gibi biz de rekabetçi kalabilmek için ki bu tüm işlerimiz ve tesislerimiz için geçerli operasyonlarımızı devamlı olarak gözden geçirdiğimizi anlattık,wmt18 sampled official pair with punctuation_drop
mt0572,Turkish,wmt18,en-tr,partial_truncation,inspection.,Ceza Dairesi'ne geldi.,Ceza Dairesi'ne,wmt18 sampled official pair with partial_truncation
mt0573,Hindi,wmt24,en-hi,exact_match,"Adapt the old, accommodate the new to solve issue","समस्या के समाधान के लिए पुराने को अनुकूलित करें, नये की जगह बनाएं","समस्या के समाधान के लिए पुराने को अनुकूलित करें, नये की जगह बनाएं",wmt24 sampled official pair with exact_match
mt0574,Hindi,wmt24,en-hi,punctuation_drop,"In some rural African communities, civil society organizations are replacing a harmful rite of passage with health education. One such program helped Kamanda Timayio, leader of the Masai village of Maparasha, Kenya, change his mind about female genital mutilation. He told Le Monde that he had ""emerged from ignorance"" and would abandon the practice.","कुछ ग्रामीण आफ्रीकी समुदायों में, नागरिक समाज संस्थान एक नुकसानदेह उत्सव के स्थान पर स्वास्थ्य शिक्षा प्रदान कर रहे हैं। ऐसे एक प्रोग्राम ने मापाराशा, केन्या के मसाई गाँव के नेता कामान्डो तिमायिओ की महिलाओं के जननांगों को काटने के बारे में अपनी राय बदलने में सहायता की। उन्होंने ल मोन्द को बताया कि वह ""अज्ञान से उबर आए हैं"" और इस रीति को छोड़ देंगे।",कुछ ग्रामीण आफ्रीकी समुदायों में नागरिक समाज संस्थान एक नुकसानदेह उत्सव के स्थान पर स्वास्थ्य शिक्षा प्रदान कर रहे हैं। ऐसे एक प्रोग्राम ने मापाराशा केन्या के मसाई गाँव के नेता कामान्डो तिमायिओ की महिलाओं के जननांगों को काटने के बारे में अपनी राय बदलने में सहायता की। उन्होंने ल मोन्द को बताया कि वह अज्ञान से उबर आए हैं और इस रीति को छोड़ देंगे।,wmt24 sampled official pair with punctuation_drop
mt0575,Hindi,wmt24,en-hi,partial_truncation,"Thomas Puls of IW Köln fears that the strikes will harm the image of Germany as a place for business. Local bosses are already fretting about a German version of the gilets jaunes protests in France in 2018, which culminated in yellow-jacketed demonstrators torching cars on the Champs-Elysées and the police stepping in with tear gas. Jochen Kopelke, head of Germany's police union, warned in an interview with Tagesspiegel, a daily, that the farmers were probably ""just the start of an enormous wave of protest this year."" Germany was the only big economy to shrink in 2023, and the year ended on an especially sour note, with an unexpected drop in business confidence in December. This year is shaping up to be even tougher.","आईडबल्यू क्यॉल्न के टोमस पुल्स को डर है कि ये हड़तालें जर्मनी की व्यवसाय के लिए स्थल के रूप में छवि को नुकसान पहुँचाएँगी। स्थानीय व्यवसाय मालिक पहले ही फ्रांस में 2018 में हुए गिए ज़ोन विरोधों के जर्मन संस्करण के बारे में चिंतित हैं, जिसके अंत में पीली जैकेट पहने हुए प्रदर्शनकारियों ने शॉंज़ एलीज़े में गाड़ियों को आग लगा दी थी और पुलिस को उन्हें अश्रु गैस से रोकना पड़ा था। जोचेन कोपेल्के, जर्मनी के पुलिस यूनियन के अध्यक्ष ने एक अखबार, टागश्श्पीगल के साथ इंटरव्यू में चेतावनी दी थी के किसान शायद ""इस साल विरोध की एक बड़ी लहर की बस शुरुआत हैं।"" जर्मनी 2023 में सिकुड़ने वाली एकमात्र बड़ी अर्थव्यवस्था थी, और वर्ष एक विशेष रूप से कटु स्थिति में पूरा हुआ, जब दिसम्बर में व्यवसाय पर विश्वास में एक अप्रत्याशित घटाव हुआ। यह साल और भी मुश्किल होता दिखाई दे रहा है।","आईडबल्यू क्यॉल्न के टोमस पुल्स को डर है कि ये हड़तालें जर्मनी की व्यवसाय के लिए स्थल के रूप में छवि को नुकसान पहुँचाएँगी। स्थानीय व्यवसाय मालिक पहले ही फ्रांस में 2018 में हुए गिए ज़ोन विरोधों के जर्मन संस्करण के बारे में चिंतित हैं, जिसके अंत में पीली जैकेट पहने हुए प्रदर्शनकारियों ने शॉंज़ एलीज़े में गाड़ियों को आग लगा दी थी और पुलिस को उन्हें अश्रु गैस से रोकना पड़ा था। जोचेन कोपेल्के, जर्मनी के पुलिस यूनियन के अध्यक्ष ने एक अखबार, टागश्श्पीगल के साथ इंटरव्यू में चेतावनी दी थी के किसान शायद ""इस साल विरोध की एक बड़ी लहर की बस शुरुआत हैं।"" जर्मनी 2023 में सिकुड़ने",wmt24 sampled official pair with partial_truncation
mt0576,Hindi,wmt24,en-hi,middle_deletion,"Tim Whitehouse, a former EPA enforcement attorney and the executive director of Public Employees for Environmental Responsibility, praised the Biden administration's recent improvements on enforcement while acknowledging the strong headwinds such efforts face. ""It takes years of sustained funding and political support to build a good enforcement program,"" he told me. ""The instability in Congress is not only demoralizing to EPA staff but undermines their ability to think strategically over the long term.""","एक पूर्व EPA प्रवर्तन वकील और पर्यावरणीय उत्तरदायिता के लिए सरकारी कर्मचारी के कार्यकारी निदेशक, टिम व्हाइटहाउस ने बाइडेन प्रशासन के प्रवर्तन में हाली सुधारों की प्रशंसा करते हुए स्वीकार किया है कि ऐसे प्रयासों को मज़बूत विरोध का सामना करना पड़ता है। ""एकअच्छा प्रवर्तन प्रोग्राम बनाने में कई सालों तक निरंतर निधियन और राजनीतिक समर्थन की ज़रूरत पड़ती है,"" उन्होंने मुझे बताया। ""कांग्रेस में अस्थिरता न केवल EPA कर्मचारियों का उत्साह भंग कर रही है, बल्कि लंबी अवधि में व्यूहात्मक दृष्टि से सोचने की उनकी क्षमता को भी नष्ट कर रही है।""","एक पूर्व EPA प्रवर्तन वकील और पर्यावरणीय उत्तरदायिता के लिए सरकारी कर्मचारी के कार्यकारी निदेशक, टिम व्हाइटहाउस ने बाइडेन प्रशासन के प्रवर्तन में हाली सुधारों की प्रशंसा करते हुए स्वीकार किया है कि ऐसे प्रयासों को मज़बूत विरोध का सामना करना पड़ता है। ""एकअच्छा प्रवर्तन प्रोग्राम में कई सालों तक निरंतर निधियन और राजनीतिक समर्थन की ज़रूरत पड़ती है,"" उन्होंने मुझे बताया। ""कांग्रेस में अस्थिरता न केवल EPA कर्मचारियों का उत्साह भंग कर रही है, बल्कि लंबी अवधि में व्यूहात्मक दृष्टि से सोचने की उनकी क्षमता को भी नष्ट कर रही है।""",wmt24 sampled official pair with middle_deletion
mt0577,Hindi,wmt24,en-hi,local_reordering,"""I've been very clear that CRs are not the way to fund our government that the Budget Act of 1974 calls for us to pass the 12 appropriation bills,"" Congressman Matt Rosendale of Montana told Newsweek. ""We've had ample time to do that, and if the leadership does not direct the committees to get the work done and the members to be able to vote upon it, that therein lies the breakdown.""","मैं बहुत स्पष्ट रहा हूँ कि CR हमारी सरकार का निधियन करने का तरीका नहीं हैं, यह कि 1975 का बजट कानून हमारे लिए 12 विनियोजन बिल पारित करने का आग्रह करता है, मोन्टाना के कांग्रेस सदस्य मैट रोज़नडेल ने न्यूज़वीक को बताया। ""हमारे पास यह करने के लिए काफी वक्त है, और अगर नेतृत्व समितियों को काम करने का आदेश नहीं देता है जिससे कि सदस्य उस पर वोट कर पाएं, यह ब्रेकडाउन की मूल वजह है।""","मैं बहुत स्पष्ट रहा हूँ कि CR हमारी सरकार का निधियन करने का तरीका नहीं हैं, यह कि 1975 का बजट कानून हमारे लिए 12 विनियोजन बिल पारित करने का आग्रह करता है, मोन्टाना के कांग्रेस सदस्य मैट ने रोज़नडेल न्यूज़वीक को बताया। ""हमारे पास यह करने के लिए काफी वक्त है, और अगर नेतृत्व समितियों को काम करने का आदेश नहीं देता है जिससे कि सदस्य उस पर वोट कर पाएं, यह ब्रेकडाउन की मूल वजह है।""",wmt24 sampled official pair with local_reordering
mt0578,Hindi,wmt24,en-hi,source_leakage,"Congress has not passed all 12 bills individually since 1996. Lawler said it's worth delaying passage of four of the bills to ensure the process is done right. If Congress cannot pass the 12 bills by December, under the Fiscal Responsibility Act, a 1 percent budget cut would be applied to defense and non-defense discretionary spending.","कांग्रेस ने 1996 से 12 बिलों को व्यक्तिगत रूप से पारित नहीं किया है। लॉलर ने कहा कि यह सुनिश्चित करने के लिए चार बिलों के पारित होने में देर करने लायक है कि प्रक्रिया सही तरह से की जाए। अगर कॉंग्रेस दिसंबर तक 12 बिलों को पारित नहीं कर सकती है, तो फिस्कल रिस्पॉन्सिबिलिटी ऐक्ट के तहत रक्षा और गैर-रक्षा विवेकाधीन व्यय पर 1 प्रतिशत बजट कटौती लागू की जाएगी।","कांग्रेस ने 1996 से 12 बिलों को व्यक्तिगत रूप से पारित नहीं किया है। लॉलर ने कहा कि यह सुनिश्चित करने के लिए चार बिलों के पारित होने में देर करने लायक है कि प्रक्रिया सही तरह से की जाए। अगर कॉंग्रेस दिसंबर तक 12 बिलों को पारित नहीं कर सकती है, तो फिस्कल रिस्पॉन्सिबिलिटी ऐक्ट के तहत रक्षा और गैर-रक्षा विवेकाधीन व्यय पर 1 प्रतिशत बजट कटौती लागू की जाएगी। Congress has",wmt24 sampled official pair with source_leakage
mt0579,Hindi,wmt24,en-hi,fragment_duplication,"Congressman Thomas Massie of Kentucky, one of the Republican Party's most vocal budget hawks but not among those who protested the Wednesday vote, said a yearlong CR that triggers the 1 percent spending cut may be the most feasible way to keep the government open while ending ongoing ""brinkmanship.""","केन्टकी के कांग्रेस सदस्य टॉमस मेसी, रिपब्लिकन पार्टी के सब से बड़े बजट नियंत्रणकर्ताओं में से एक हैं, लेकिन वे बुधवार के वोट के खिलाफ विरोध करने वालों में नहीं थे, ने कहा कि एक साल लंबा CR, जिससे खर्च में 1 प्रतिशत की कटौती शुरू होगी जारी ""अस्थिरता"" का अंत करते हुए सरकार को खुला रखने का सब से सुसंगत तरीका हो सकता है।","केन्टकी के कांग्रेस सदस्य टॉमस मेसी, रिपब्लिकन पार्टी के सब से बड़े बजट नियंत्रणकर्ताओं में से एक हैं, लेकिन वे बुधवार के वोट के खिलाफ विरोध करने वालों में नहीं थे, ने कहा कहा कि एक साल लंबा CR, जिससे खर्च में 1 प्रतिशत की कटौती शुरू होगी जारी ""अस्थिरता"" का अंत करते हुए सरकार को खुला रखने का सब से सुसंगत तरीका हो सकता है।",wmt24 sampled official pair with fragment_duplication
mt0580,Hindi,wmt24,en-hi,exact_match,"The Securities and Exchange Commission begrudgingly approved exchange-traded funds that directly hold bitcoin Wednesday, a move long-awaited by fans of digital currencies and criticized by financial watchdogs skeptical of the crypto industry.","सिक्योरिटीज़ एंड एक्सचेंज कमीशन ने बुधवार को मुश्किल से ऐसे एक्सचेंज ट्रेडेड फंड्स को स्वीकृति दी जो सीधे बिटकॉइन अवधारित करते हैं, एक ऐसा चरण जिसका डिजिटल मुद्रा के फैन लंबी अवधि से इंतज़ार कर रहे हैं और क्रिप्टो उद्योग पर शक करने वाले आर्थिक देखरेख करने वालों द्वारा जिसकी आलोचना की गई है।","सिक्योरिटीज़ एंड एक्सचेंज कमीशन ने बुधवार को मुश्किल से ऐसे एक्सचेंज ट्रेडेड फंड्स को स्वीकृति दी जो सीधे बिटकॉइन अवधारित करते हैं, एक ऐसा चरण जिसका डिजिटल मुद्रा के फैन लंबी अवधि से इंतज़ार कर रहे हैं और क्रिप्टो उद्योग पर शक करने वाले आर्थिक देखरेख करने वालों द्वारा जिसकी आलोचना की गई है।",wmt24 sampled official pair with exact_match
mt0581,Hindi,wmt24,en-hi,punctuation_drop,"The commission authorized 10 exchange-traded funds, or ETFs, that invest in bitcoin, including funds proposed by giants such as Blackrock and Fidelity as well as by smaller financial companies.","कमीशन ने ऐसे 10 एक्सचेंज ट्रेडेड फंड्स या ETF को स्वीकृति दी है जो बिटकॉइन में निवेश करते हैं, जिनमें ब्लैकरॉक और फाइडेलिटी जैसे बड़े संगठनों और छोटी वित्तीय कंपनियों द्वारा प्रस्तावित फंड शामिल हैं।",कमीशन ने ऐसे 10 एक्सचेंज ट्रेडेड फंड्स या ETF को स्वीकृति दी है जो बिटकॉइन में निवेश करते हैं जिनमें ब्लैकरॉक और फाइडेलिटी जैसे बड़े संगठनों और छोटी वित्तीय कंपनियों द्वारा प्रस्तावित फंड शामिल हैं।,wmt24 sampled official pair with punctuation_drop
mt0582,Hindi,wmt24,en-hi,partial_truncation,"Kremen also confirmed that a 3,400 hryvnia ($89) fine had been imposed on a Kiev taxi driver who serviced his clients in Russian. The ombudsman reminded the public of a ""detailed algorithm of actions in case of violation of the right to receive information or services in the state language,"" urging people to immediately file complaints on the commissioner's website when such cases occur.","क्रेमेन ने इस बात की भी पुष्टि की कि कीव के एक टैक्सी ड्राइवर, जो अपने ग्राहकों की रूसी भाषा में सेवा करता था, पर 3,400 रिव्निया ($89) का जुर्माना लगाया गाय था। ओम्बड्समेन ने जनता को ""राष्ट्रभाषा में जानकारी या सेवा पाने के उल्लंघन के मामले में की जाने वाली कार्रवाई के विस्तृत अल्गोरिद्म"" की याद दिलाई और लोगों से ऐसा मामला होने पर तत्काल कमीशनर की वेबसाइट पर शिकायत दायर करने का आग्रह किया।","क्रेमेन ने इस बात की भी पुष्टि की कि कीव के एक टैक्सी ड्राइवर, जो अपने ग्राहकों की रूसी भाषा में सेवा करता था, पर 3,400 रिव्निया ($89) का जुर्माना लगाया गाय था। ओम्बड्समेन ने जनता को ""राष्ट्रभाषा में जानकारी या सेवा पाने के उल्लंघन के मामले में की जाने वाली कार्रवाई के विस्तृत अल्गोरिद्म"" की याद",wmt24 sampled official pair with partial_truncation
mt0583,Hindi,wmt24,en-hi,middle_deletion,A Scottish recycling business that has already processed more than a million tonnes of construction waste has opened a second plant following a multi-million pound investment.,एक मिलियन टन से ज्यादा भवन निर्माण अपशिष्ट को संसाधित कर चुके स्कॉटिश रिसाइकलिंग व्यवसाय ने कई मिलियन पाउंड के निवेश के बाद एक दूसरा प्लांट खोला है।,एक मिलियन टन से ज्यादा भवन निर्माण अपशिष्ट को संसाधित कर चुके स्कॉटिश रिसाइकलिंग ने कई मिलियन पाउंड के निवेश के बाद एक दूसरा प्लांट खोला है।,wmt24 sampled official pair with middle_deletion
mt0584,Hindi,wmt24,en-hi,local_reordering,"Thus, we had the introduction of the Cost of Living (Tenant protection) (Scotland) Act 2022 nearly 18 months ago which sought to cap rents for a limited period to ease the pressures of the cost-of-living crisis. What we find now from the latest Scottish Government statistics is that, in the last year alone, average rents have increased in all sized properties, ranging from the lowest rise of 11.7 per cent for one-bedroom to the highest figure of 14.3 per cent for two-bedroom homes. Every type of property (from one to four bedroom to a room in a property) has had a double digit increase in rents since the Cost of Living legislation was introduced in October 2022, exceeding the annual average increases in rents over the previous 12 years by a factor of at least three.","इसलिए, हमने 18 महीने पहले, कॉस्ट ऑफ लिविंग (किरायेदार संरक्षण) (स्कॉटलैंड) कानून 2022 पेश किया जिसका उद्देश्य सीमित समय के लिए किरायों पर सीमा लगाना था, ताकि जीवनयापन की लागत के दबावों को किया जा सके। स्कॉटिश सरकार के नवीनतम आँकड़ों से अब हम जान रहे हैं, कि केवल पिछले साल में हर आकार की संपत्ति में औसत किराये बढ़ गाए हैं, जिसमें न्यूनतम है एक-बेडरूम वाले घर में 11.7 प्रतिशत की बढ़ोतरी जब कि अधिकतम है, दो बेडरूम वाले घरों के लिए 14.3 प्रतिशत। अक्तूबर 2022 से जब जीवनयापन की लागत कानून पेश किया गया था तब से हर प्रकार की संपत्ति (एक से चार बेडरूम से लेकर एक संपत्ति में एक कमरा) में किरायों में दो अंकों वाली बढ़ोतरी हुई है, जो कि पिछले 12 सालों के दौरान हुई किराये की औसत बढ़ोतरी से कम से कम तीन गुना अधिक है।","इसलिए, हमने 18 महीने पहले, कॉस्ट ऑफ लिविंग (किरायेदार संरक्षण) (स्कॉटलैंड) कानून 2022 पेश किया जिसका उद्देश्य सीमित समय के लिए किरायों पर सीमा लगाना था, ताकि जीवनयापन की लागत के दबावों को किया जा सके। स्कॉटिश सरकार के नवीनतम आँकड़ों से अब हम जान रहे हैं, कि केवल पिछले साल में हर आकार की संपत्ति में औसत किराये बढ़ गाए हैं, जिसमें न्यूनतम है एक-बेडरूम वाले घर में 11.7 की प्रतिशत बढ़ोतरी जब कि अधिकतम है, दो बेडरूम वाले घरों के लिए 14.3 प्रतिशत। अक्तूबर 2022 से जब जीवनयापन की लागत कानून पेश किया गया था तब से हर प्रकार की संपत्ति (एक से चार बेडरूम से लेकर एक संपत्ति में एक कमरा) में किरायों में दो अंकों वाली बढ़ोतरी हुई है, जो कि पिछले 12 सालों के दौरान हुई किराये की औसत बढ़ोतरी से कम से कम तीन गुना अधिक है।",wmt24 sampled official pair with local_reordering
mt0585,Hindi,wmt24,en-hi,source_leakage,Greggs plans to make more dough with major further branch expansion while holding prices,"ग्रेग्स अधिक स्टोर खोलना और अधिक पैसा कमाना चाहता है, लेकिन वह कीमतें नहीं बढ़ाएगा।","ग्रेग्स अधिक स्टोर खोलना और अधिक पैसा कमाना चाहता है, लेकिन वह कीमतें नहीं बढ़ाएगा। Greggs plans",wmt24 sampled official pair with source_leakage
mt0586,Hindi,wmt24,en-hi,fragment_duplication,"""One of Greggs' key strengths is offering a lower-value treat and keeping that proposition intact is key, especially when consumer incomes are stretched. The most important thing is to see volumes trend higher, and that remains the case. The job's not done. Expect to see more progress over 2024 as investment continues into the digital offering, delivery partnerships and expanding the store estate.""","ग्रेग्स के बारे में सबसे अच्छी चीजों में से एक यह है कि वे किफायती व्यंजन पेश करते हैं, और उनके लिए ऐसा करते रहना महत्वपूर्ण है, खासकर जब लोगों के पास ज्यादा पैसा नहीं है। मुख्य लक्ष्य अधिक से अधिक बिक्री करना है, और यह अभी भी महत्वपूर्ण है। लेकिन अभी भी काम किया जाना बाकी है। हम 2024 में और अधिक सुधार देखने की उम्मीद कर सकते हैं, क्योंकि ऑनलाइन ऑर्डरिंग, डिलीवरी पार्टनरशिप और अधिक स्टोर खोलने जैसी चीज़ों में निवेश अभी जारी है।","ग्रेग्स के बारे में सबसे अच्छी चीजों में से एक यह है कि वे किफायती व्यंजन पेश करते हैं, और उनके लिए ऐसा करते रहना महत्वपूर्ण है, खासकर जब लोगों के पास ज्यादा पैसा नहीं है। मुख्य लक्ष्य अधिक से अधिक बिक्री करना है, है, और यह अभी भी महत्वपूर्ण है। लेकिन अभी भी काम किया जाना बाकी है। हम 2024 में और अधिक सुधार देखने की उम्मीद कर सकते हैं, क्योंकि ऑनलाइन ऑर्डरिंग, डिलीवरी पार्टनरशिप और अधिक स्टोर खोलने जैसी चीज़ों में निवेश अभी जारी है।",wmt24 sampled official pair with fragment_duplication
mt0587,Hindi,wmt24,en-hi,exact_match,"As has been pointed out for years by, among others, The Scotsman, the wrongful conviction of hundreds of Post Office branch managers in the Horizon scandal is one of the most serious miscarriages of justice in history. People were sent to prison, lost homes, marriages and reputations, and endured the mental torment of an honest person treated as a criminal.","वर्षों से, स्कॉट्समैन और अन्य ने होराइजन घोटाले को उजागर किया है, जहां कई डाकघर प्रबंधकों को गलत तरीके से दोषी ठहराया गया था। यह अब तक के सबसे बुरे अन्यायों में से एक है। निर्दोष लोग जेल गए, अपने घर-परिवार खोए और अपराधियों जैसा व्यवहार किए जाने से मानसिक रूप से पीड़ित हुए।","वर्षों से, स्कॉट्समैन और अन्य ने होराइजन घोटाले को उजागर किया है, जहां कई डाकघर प्रबंधकों को गलत तरीके से दोषी ठहराया गया था। यह अब तक के सबसे बुरे अन्यायों में से एक है। निर्दोष लोग जेल गए, अपने घर-परिवार खोए और अपराधियों जैसा व्यवहार किए जाने से मानसिक रूप से पीड़ित हुए।",wmt24 sampled official pair with exact_match
mt0588,Hindi,wmt24,en-hi,punctuation_drop,"Closer to home, Washington has recently established or expanded independent oversight of state prisons, police, schools, and other entities. Jails are the notable exception to oversight of institutions that are responsible for the health and safety of tens of thousands of people.","वॉशिंगटन में राज्य की जेलों, पुलिस और स्कूलों जैसी चीज़ों पर कड़ी नज़र रखनी शुरू कर दी गई है। लेकिन जेलों पर अभी तक इस तरह का ध्यान नहीं दिया गया है, जहां कई लोगों का स्वास्थ्य और सुरक्षा दांव पर है।",वॉशिंगटन में राज्य की जेलों पुलिस और स्कूलों जैसी चीज़ों पर कड़ी नज़र रखनी शुरू कर दी गई है। लेकिन जेलों पर अभी तक इस तरह का ध्यान नहीं दिया गया है जहां कई लोगों का स्वास्थ्य और सुरक्षा दांव पर है।,wmt24 sampled official pair with punctuation_drop
mt0589,Hindi,wmt24,en-hi,partial_truncation,"An independent jail oversight office can monitor conditions in jails, meet with staff and incarcerated people, report on conditions that they have witnessed firsthand, and even communicate concerns before people are hurt. A jail oversight office can also collect and report data, helping administrators, policymakers, and the public understand our jail system and advocate for data-driven solutions to jail deaths and other problems relating to jails.","जेल निरीक्षण कार्यालय जेलों में क्या हो रहा है, उस पर नज़र रख सकता है, जेल में कर्मचारियों और लोगों से बात कर सकता है, और अपने सामने घटित परिस्थितियों की रिपोर्ट कर सकता है। यहां तक कि किसी को चोट लगने से पहले समस्या बता सकता है। यह कार्यालय डेटा एकत्र और साझा कर सकता है, जिससे जेल नेताओं, नीति निर्माताओं और जनता को यह समझने में मदद मिलती है कि जेलों में क्या चल रहा है। इस तरह, हम जेल में होने वाली मौतों और जेलों में अन्य मुद्दों का समाधान खोजने के लिए तथ्यों का उपयोग कर सकते हैं।","जेल निरीक्षण कार्यालय जेलों में क्या हो रहा है, उस पर नज़र रख सकता है, जेल में कर्मचारियों और लोगों से बात कर सकता है, और अपने सामने घटित परिस्थितियों की रिपोर्ट कर सकता है। यहां तक कि किसी को चोट लगने से पहले समस्या बता सकता है। यह कार्यालय डेटा एकत्र और साझा कर सकता है, जिससे जेल नेताओं, नीति निर्माताओं और जनता को यह समझने में मदद मिलती है कि जेलों में क्या चल",wmt24 sampled official pair with partial_truncation
mt0590,Hindi,wmt24,en-hi,middle_deletion,How to find out if you're flying on a Boeing 737 MAX,कैसे पता लगाएं कि आप बोइंग 737 मैक्स उड़ा रहे हैं,कैसे पता लगाएं कि आप 737 मैक्स उड़ा रहे हैं,wmt24 sampled official pair with middle_deletion
mt0591,Hindi,wmt24,en-hi,local_reordering,"For most travelers, the aircraft model isn't a deciding factor when booking a flight. But with the majority of Boeing 737 MAX 9 jets grounded around the country after an Alaska Airlines fuselage blowout on Jan. 6, some prospective passengers may want to know how to tell what type of plane they'll be on and which models are the safest. The first is easy enough to answer - the second is a little more complicated.","अधिकांश यात्रियों के लिए, उड़ान बुक करते समय विमान का प्रकार प्राथमिक चिंता का विषय नहीं होता है। हालांकि, 6 जनवरी को अलास्का एयरलाइंस की उड़ान में धड़ फटने के बाद देश भर में अधिकांश बोइंग 737 मैक्स 9 जेटों का इस्तेमाल बंद करने के बाद, कुछ यात्रियों को अपने विमान मॉडल की पहचान करने और यह समझने की उत्सुकता हो सकती है कि कौन से मॉडल सबसे सुरक्षित हैं। विमान के प्रकार का निर्धारण करना सरल है, लेकिन सुरक्षा का आकलन करना थोड़ा अधिक जटिल है।","अधिकांश यात्रियों के लिए, उड़ान बुक करते समय विमान का प्रकार प्राथमिक चिंता का विषय नहीं होता है। हालांकि, 6 जनवरी को अलास्का एयरलाइंस की उड़ान में धड़ फटने के बाद देश भर में अधिकांश बोइंग 737 मैक्स 9 जेटों का इस्तेमाल करने बंद के बाद, कुछ यात्रियों को अपने विमान मॉडल की पहचान करने और यह समझने की उत्सुकता हो सकती है कि कौन से मॉडल सबसे सुरक्षित हैं। विमान के प्रकार का निर्धारण करना सरल है, लेकिन सुरक्षा का आकलन करना थोड़ा अधिक जटिल है।",wmt24 sampled official pair with local_reordering
mt0592,Hindi,wmt24,en-hi,source_leakage,I mean I've drunlk all the beer but still don't have a job. WTF. How does this universe even work,"देखिए, मैंने सारी बीयर पी ली है, लेकिन अब भी मेरे पास नौकरी नहीं है। क्या बकचोदी है। यह विश्व कैसे काम करता है","देखिए, मैंने सारी बीयर पी ली है, लेकिन अब भी मेरे पास नौकरी नहीं है। क्या बकचोदी है। यह विश्व कैसे काम करता है I mean",wmt24 sampled official pair with source_leakage
mt0593,Hindi,wmt24,en-hi,fragment_duplication,dang... a nationwide AT&T outage. no wonder why things feel dead this morning https://www.foxbusiness.com/lifestyle/cell-phone-outage-hits-att-customers-nationwide-verizon-tmobile-users-also-affected,देश भर में AT&T की सेवाओं के ठप्प होने की खबर बहुत निराशाजनक है। कोई आश्चर्य नहीं कि आज सुबह बहुत शांति भरा माहौल था https://www.foxbusiness. com/lifestyle/cell- phone-outage-hits-att-customers-nationwide-verizon-tmobile- users-also-affected,देश भर में AT&T की सेवाओं के ठप्प होने की खबर बहुत निराशाजनक है। कोई कोई आश्चर्य नहीं कि आज सुबह बहुत शांति भरा माहौल था https://www.foxbusiness. com/lifestyle/cell- phone-outage-hits-att-customers-nationwide-verizon-tmobile- users-also-affected,wmt24 sampled official pair with fragment_duplication
mt0594,Hindi,wmt24,en-hi,exact_match,we step into parasocial relationships more gingerly.,हम अधिक सावधानी से परासामाजिक संबंधों में कदम रखते हैं।,हम अधिक सावधानी से परासामाजिक संबंधों में कदम रखते हैं।,wmt24 sampled official pair with exact_match
mt0595,Hindi,wmt24,en-hi,punctuation_drop,"in the absence of collective consciousness around media, we developed a level of class consciousness that helps us stay critical.","मीडिया के इर्दगिर्द सामुहिक चेतना की नामौजूदगी में, हमने एक वर्गीय चेतना विकसित की है जो हमें आलोचनात्मक रहने में सहाय करती है।",मीडिया के इर्दगिर्द सामुहिक चेतना की नामौजूदगी में हमने एक वर्गीय चेतना विकसित की है जो हमें आलोचनात्मक रहने में सहाय करती है।,wmt24 sampled official pair with punctuation_drop
mt0596,Hindi,wmt24,en-hi,partial_truncation,@user12 @user11 inclusion and safety are always a good thing to prioritize. what default you are referring to?,"@user12 @user11 समावेशन और सुरक्षा को प्राथमिकता देना हमेशा अच्छा होता है, आप कौन से डिफॉल्ट की बात कर रहे हैं?","@user12 @user11 समावेशन और सुरक्षा को प्राथमिकता देना हमेशा अच्छा होता है, आप कौन से डिफॉल्ट",wmt24 sampled official pair with partial_truncation
mt0597,Hindi,wmt24,en-hi,middle_deletion,Did an impressive summersault and smashed my raft in a single move,प्रभावशाली कलाबाज़ी का प्रदर्शन किया और एक ही चाल में अपनी नाव को ध्वस्त कर दिया,प्रभावशाली कलाबाज़ी का प्रदर्शन किया और एक ही में अपनी नाव को ध्वस्त कर दिया,wmt24 sampled official pair with middle_deletion
mt0598,Hindi,wmt24,en-hi,local_reordering,I hate lava #firetemple,मुझे लावा से नफरत है #आगकामंदिर,मुझे लावा नफरत से है #आगकामंदिर,wmt24 sampled official pair with local_reordering
mt0599,Hindi,wmt24,en-hi,source_leakage,3 minutes to go...,3 मिनट बाकी...,3 मिनट बाकी... 3 minutes,wmt24 sampled official pair with source_leakage
mt0600,Hindi,wmt24,en-hi,fragment_duplication,"Bc the figures do look cool, and I like they way they're constructed, and how the design reflects certain characteristics, but then every set is like ""oh by the way here's your laser sword and (at minimum one) gun!""","क्योंकि ये फिगर कूल लगते हैं, और मुझे वे जिस तरह से बनाए गए हैं, और जिस तरह से डिज़ाइन कुछ विशेषताओं को दिखाता है, यह पसंद है, लेकिन फिर हर सेट में कुछ ऐसा होता है ""अरे हां, ये आपकी लेज़र तलवार है (और कम से कम एक) बंदूक!""","क्योंकि ये फिगर कूल लगते हैं, और मुझे वे जिस तरह से बनाए गए हैं, और जिस तरह से डिज़ाइन कुछ विशेषताओं को दिखाता है, यह यह पसंद है, लेकिन फिर हर सेट में कुछ ऐसा होता है ""अरे हां, ये आपकी लेज़र तलवार है (और कम से कम एक) बंदूक!""",wmt24 sampled official pair with fragment_duplication
mt0601,Hindi,wmt24,en-hi,exact_match,"Hell, my Grandma left her husband for his brother, and I have a great uncle on the other side who left his wife for her aunt. My family may get around, but they don't get very far.","अरे, मेरी दादी ने अपने पति को उसके भाई के लिए छोड़ दिया था, और दूसरी तरफ मेरे ऐसे परचाचा हैं, जिन्होंने अपनी पत्नी को उनकी चाची के लिए छोड़ दिया था। शायद मेरे परिवार के कई संबंध थे, लेकिन बहुत दूर स्थित लोगों से नहीं।","अरे, मेरी दादी ने अपने पति को उसके भाई के लिए छोड़ दिया था, और दूसरी तरफ मेरे ऐसे परचाचा हैं, जिन्होंने अपनी पत्नी को उनकी चाची के लिए छोड़ दिया था। शायद मेरे परिवार के कई संबंध थे, लेकिन बहुत दूर स्थित लोगों से नहीं।",wmt24 sampled official pair with exact_match
mt0602,Hindi,wmt24,en-hi,punctuation_drop,@user43 that is a bodacious looking loaf you've birthed there. impressive!,@user43 आपके द्वारा बनाई गई यह एक प्रभावशाली दिखने वाली रोटी है। बहुत बढ़िया!,user43 आपके द्वारा बनाई गई यह एक प्रभावशाली दिखने वाली रोटी है। बहुत बढ़िया,wmt24 sampled official pair with punctuation_drop
mt0603,Hindi,wmt24,en-hi,partial_truncation,"@user43 shouldn't that be 'i can't get starter'? otherwise, perfect. :D","@user43 क्या यह ""मैं आरंभ नहीं कर सकता""? नहीं होना चहाइए, अन्यथा, यह उत्तम है। :D","@user43 क्या यह ""मैं आरंभ नहीं कर सकता""? नहीं होना चहाइए, अन्यथा,",wmt24 sampled official pair with partial_truncation
mt0604,Hindi,wmt24,en-hi,middle_deletion,"Balance in academia is rare, but time away from the page is when the best thoughts occur. 💭","शैक्षिक विश्व में संतुलन मुश्किल से देखने को मिलता है, लेकिन जब आप पेज से दूर होते हैं, तब सब से अच्छे विचार आते हैं। 💭","शैक्षिक विश्व में संतुलन मुश्किल से देखने को मिलता है, लेकिन जब आप से दूर होते हैं, तब सब से अच्छे विचार आते हैं। 💭",wmt24 sampled official pair with middle_deletion
mt0605,Hindi,wmt24,en-hi,local_reordering,Here are a few ways that I am recharged:,ये कुछ तरीके हैं जिन से मैं रीचार्ज करता हूँ:,ये कुछ तरीके हैं से जिन मैं रीचार्ज करता हूँ:,wmt24 sampled official pair with local_reordering
mt0606,Hindi,wmt24,en-hi,source_leakage,"Training muscles, not just the mind. 💪","माँसपेशियों से भी मेहनत करवाएं, केवल दिमाग से नहीं। 💪","माँसपेशियों से भी मेहनत करवाएं, केवल दिमाग से नहीं। 💪 Training muscles,",wmt24 sampled official pair with source_leakage
mt0607,Hindi,wmt24,en-hi,fragment_duplication,"Sally Rooney used to debate, and once you know that it is easy to see those techniques in both her novels and essays.","सेली रूनी बहस किया करती थी, और एक बार आपको यह पता हो, तो उनके उपन्यासों और निबंधों दोनों में यह देखना आसान है।","सेली रूनी बहस किया करती थी, और एक बार आपको यह पता हो, हो, तो उनके उपन्यासों और निबंधों दोनों में यह देखना आसान है।",wmt24 sampled official pair with fragment_duplication
mt0608,Hindi,wmt24,en-hi,exact_match,"That is to say, it is a delight, she employed all of this excellent skill in a service of a larger social point this week.",और यह कि यह एक खुशी की बात है कि उन्होंने इस सारे उत्तम कौशल को इस हफ्ते एक बड़े सामाजिक मुद्दे के लिए इस्तेमाल किया है।,और यह कि यह एक खुशी की बात है कि उन्होंने इस सारे उत्तम कौशल को इस हफ्ते एक बड़े सामाजिक मुद्दे के लिए इस्तेमाल किया है।,wmt24 sampled official pair with exact_match
mt0609,Hindi,wmt24,en-hi,punctuation_drop,In the top is one of those ESP32 camera boards with a fisheye-lens camera and an IR-LED I stole off a Raspberry Pi camera.,ऊपर वाले में फिशआई-लेंस कैमरा और मैंने एक रास्पबेरी पाई कैमरा से चुराए हुए एक IR-LED वाले ESP32 कैमरा बोर्ड हैं।,ऊपर वाले में फिशआईलेंस कैमरा और मैंने एक रास्पबेरी पाई कैमरा से चुराए हुए एक IRLED वाले ESP32 कैमरा बोर्ड हैं।,wmt24 sampled official pair with punctuation_drop
mt0610,Hindi,wmt24,en-hi,partial_truncation,"Since there is no electricity in the garden, the whole thing is powered by a solar panel and a 2600mAh 18650 cell.","क्योंकि बाग में बिजली नहीं है, पूरी चीज़ को एक सौर पैनल और एक 2600mAh 18650 सेल से ऊर्जा मिलती है।","क्योंकि बाग में बिजली नहीं है, पूरी चीज़ को एक सौर पैनल और एक 2600mAh 18650",wmt24 sampled official pair with partial_truncation
mt0611,Hindi,wmt24,en-hi,middle_deletion,"I didn't photograph the cell or the charger, but here's a picture of the panel.","मैंने सेल या चार्जर की फोटो नहीं ली, पर यह पैनल की एक तसवीर है।",मैंने सेल या चार्जर की फोटो नहीं पर यह पैनल की एक तसवीर है।,wmt24 sampled official pair with middle_deletion
mt0612,Hindi,wmt24,en-hi,local_reordering,"Initially, I wasn't sure if the internet in our garden would be good enough for this setup. The old access points I replaced last year in the fall wouldn't have cut it.",शुरुआत में मुझे पक्का पता नहीं था कि हमारे बाग में इस सेटअप के लिए पर्याप्त अच्छा इंटरनेट होगा। मैंने पिछले साल फॉल में बदला वे पुराने ऐक्सेस पॉइंट इसके लिए सही नहीं थे।,शुरुआत में मुझे पक्का पता नहीं था कि हमारे बाग में इस सेटअप के लिए पर्याप्त इंटरनेट अच्छा होगा। मैंने पिछले साल फॉल में बदला वे पुराने ऐक्सेस पॉइंट इसके लिए सही नहीं थे।,wmt24 sampled official pair with local_reordering
mt0613,Hindi,wmt24,en-hi,source_leakage,That is almost a bummer because I was planning on mounting a TP-Link cpe210 on the roof and having it point downwards to the garden.,"वह लगभग बेकार है, क्योंकि मेरी योजना थी छत पर एक टीपी-लिंक cpe210 लगा कर उसे बाग में नीचे की ओर झुका हुआ रखना।","वह लगभग बेकार है, क्योंकि मेरी योजना थी छत पर एक टीपी-लिंक cpe210 लगा कर उसे बाग में नीचे की ओर झुका हुआ रखना। That is",wmt24 sampled official pair with source_leakage
mt0614,Hindi,wmt24,en-hi,fragment_duplication,Maybe it stopped charging the battery 3 hours before sunset due to insufficient light.,शायद सूर्यास्त के 3 घंटे पहले अपर्याप्त रोशनी के कारण उसने बैटरी को चार्ज करना बंद कर दिया था।,शायद सूर्यास्त के 3 घंटे पहले अपर्याप्त रोशनी के कारण कारण उसने बैटरी को चार्ज करना बंद कर दिया था।,wmt24 sampled official pair with fragment_duplication
mt0615,Hindi,wmt24,en-hi,exact_match,And maybe a battery that's at least on paper capable of running the thing over night.,और शायद ऐसी बैटरी जो कम से कम कागज़ पर इस चीज़ को पूरी रात चलाने के लिए सक्षम हो।,और शायद ऐसी बैटरी जो कम से कम कागज़ पर इस चीज़ को पूरी रात चलाने के लिए सक्षम हो।,wmt24 sampled official pair with exact_match
mt0616,Hindi,wmt24,en-hi,punctuation_drop,Maybe the panel trickle-charged the battery just enough for 38 seconds of runtime. It only took a bit over two hours to do that.,शायद पैनल ने बैटरी को 38 सेकेंड तक चलने के लिए पर्याप्त ट्रिकल चार्ज कर दिया। यह करने में दो घंटे से कुछ ज्यादा समय लगा।,शायद पैनल ने बैटरी को 38 सेकेंड तक चलने के लिए पर्याप्त ट्रिकल चार्ज कर दिया। यह करने में दो घंटे से कुछ ज्यादा समय लगा।,wmt24 sampled official pair with punctuation_drop
mt0617,Hindi,wmt24,en-hi,partial_truncation,"It still might die as soon as the sun goes down, but let's wait and see.","हो सकता है कि यह सूरज के डूबते ही बंद हो जाए, पर चलिए इंतज़ार करते और देखते हैं।","हो सकता है कि यह सूरज के डूबते ही बंद हो जाए, पर चलिए",wmt24 sampled official pair with partial_truncation
mt0618,Hindi,wmt24,en-hi,middle_deletion,"No theyre not for sale, I normally hand them out when at events etc.","नहीं, वो बिक्री के लिए नहीं हैं, मैं आम तौर पर उन्हें इवेंट्स आदि में लोगों को देता हूँ।","नहीं, वो बिक्री के लिए नहीं हैं, मैं आम पर उन्हें इवेंट्स आदि में लोगों को देता हूँ।",wmt24 sampled official pair with middle_deletion
mt0619,Hindi,wmt24,en-hi,local_reordering,(Though do mention you recognise me off the internet otherwise I'll be wondering who you are and where I know you from),"(हालाँकि कहिएगा कि आप मुझे इंटरनेट से जानते हैं, वर्ना मैं सोचता रहूँगा कि आप कौन हैं और मैं आपको कैसे जानता हूँ)","(हालाँकि कहिएगा कि आप मुझे इंटरनेट से जानते हैं, वर्ना सोचता मैं रहूँगा कि आप कौन हैं और मैं आपको कैसे जानता हूँ)",wmt24 sampled official pair with local_reordering
mt0620,Hindi,wmt24,en-hi,source_leakage,@user50 Found in the mirror universe?,@user50 आईने के ब्रह्मांड में पाया जाने वाला?,@user50 आईने के ब्रह्मांड में पाया जाने वाला? @user50 Found,wmt24 sampled official pair with source_leakage
mt0621,Hindi,wmt24,en-hi,fragment_duplication,Heheh not one but three!,"हा, हा, हा, एक नहीं तीन!","हा, हा, हा, एक एक नहीं तीन!",wmt24 sampled official pair with fragment_duplication
mt0622,Hindi,wmt24,en-hi,exact_match,"While this was being told to me, I made a decision to get another pair, and that pair are these.","जब मुझे यह बताया जा रहा था, तब मैंने एक और जोड़ी लेने का निर्णय लिया और यह वह जोड़ी है।","जब मुझे यह बताया जा रहा था, तब मैंने एक और जोड़ी लेने का निर्णय लिया और यह वह जोड़ी है।",wmt24 sampled official pair with exact_match
mt0623,Hindi,wmt24,en-hi,punctuation_drop,"@user36 that second pair is really nice! I love buying glasses...I never throw them out but somehow I can't find any of the others?! Mine are rainbow coloured at the moment, I need some sunglasses too... but if you need prescription they're so ugly 😂","@user36 वह दूसरी जोड़ी सचमुच अच्छी है! मुझे चश्मा खरीदना बहुत पसंद है...मैं उन्हें कभी फेकती नहीं हूँ, पर किसी भी तरह मुझे बाकी के नहीं मिलते हैं?! इस वक्त मेरा चश्मा इंद्रधनुषी रंग वाला है, मुझे कुछ गोगल्स की भी ज़रूरत है... लेकिन अगर आपको नंबर की ज़रूरत हो तो वे कितने बुरे होते हैं 😂",user36 वह दूसरी जोड़ी सचमुच अच्छी है मुझे चश्मा खरीदना बहुत पसंद हैमैं उन्हें कभी फेकती नहीं हूँ पर किसी भी तरह मुझे बाकी के नहीं मिलते हैं इस वक्त मेरा चश्मा इंद्रधनुषी रंग वाला है मुझे कुछ गोगल्स की भी ज़रूरत है लेकिन अगर आपको नंबर की ज़रूरत हो तो वे कितने बुरे होते हैं 😂,wmt24 sampled official pair with punctuation_drop
mt0624,Hindi,wmt24,en-hi,partial_truncation,First steps are already done.,पहले कदम पहले ही उठाए जा चुके हैं।,पहले कदम पहले ही उठाए जा,wmt24 sampled official pair with partial_truncation
mt0625,Hindi,wmt24,en-hi,middle_deletion,"I'm so to read all this - well done, you!",मुझे यह सब कुछ पढ़ कर हो रही है - बहुत बढ़िया!,मुझे यह सब कुछ पढ़ कर रही है - बहुत बढ़िया!,wmt24 sampled official pair with middle_deletion
mt0626,Hindi,wmt24,en-hi,local_reordering,@user4 @user3 @user5 @user6,@user4 @user3 @user5 @user6,@user4 @user5 @user3 @user6,wmt24 sampled official pair with local_reordering
mt0627,Hindi,wmt24,en-hi,source_leakage,feel free to reach out if you stumble upon any blocks. Maybe we can solve those together,"अगर कोई अवरोध हो, तो बेझिझक मुझ से संपर्क करें। हम साथ मिलकर उनका समाधान कर सकते हैं","अगर कोई अवरोध हो, तो बेझिझक मुझ से संपर्क करें। हम साथ मिलकर उनका समाधान कर सकते हैं feel free",wmt24 sampled official pair with source_leakage
mt0628,Hindi,wmt24,en-hi,fragment_duplication,@user4 @user5 @user6,@user4 @user5 @user6,@user4 @user5 @user5 @user6,wmt24 sampled official pair with fragment_duplication
mt0629,Hindi,wmt24,en-hi,exact_match,*hacker voice* I'm in.,*हैकर की आवाज* मैं यहां हूं।,*हैकर की आवाज* मैं यहां हूं।,wmt24 sampled official pair with exact_match
mt0630,Hindi,wmt24,en-hi,punctuation_drop,"On the plus side, chapter 4 is finally edited!","और अच्छी खबर यह है, कि आखिरकार प्रकरण 4 संपादित हो गया है!",और अच्छी खबर यह है कि आखिरकार प्रकरण 4 संपादित हो गया है,wmt24 sampled official pair with punctuation_drop
mt0631,Hindi,wmt24,en-hi,partial_truncation,Actually now that I’m double-checking several of these repos were deleted… years ago even,वास्तव में अब जब मैं फिर से जांच कर रहा हूं - तब इनमें से कई रेपो को मिटा दिया गया है... यहां तक कि वर्षों पहले,वास्तव में अब जब मैं फिर से जांच कर रहा हूं - तब इनमें से कई रेपो को मिटा दिया,wmt24 sampled official pair with partial_truncation
mt0632,Hindi,wmt24,en-hi,middle_deletion,@user19 I can only assume that it's my visa or passport pic. I should've paid closer attention.,@user19 शायद मेरे चेहरे का मिलान मेरे वीज़ा या पासपोर्ट की तस्वीर से किया जाता है। मुझे इस बात पर ज़्यादा गौर करना चाहिए था।,@user19 शायद मेरे चेहरे का मिलान मेरे वीज़ा या पासपोर्ट की तस्वीर किया जाता है। मुझे इस बात पर ज़्यादा गौर करना चाहिए था।,wmt24 sampled official pair with middle_deletion
mt0633,Hindi,wmt24,en-hi,local_reordering,Stumpy and I are home and feeling better now we’ve had a couple of mugs of tea. Back in a fortnight to get the job finished.,"स्टंपी और मैं घर पर हैं और अब बेहतर महसूस कर रहे हैं, हमने कुछ मग चाय भी पी है। काम पूरा करने के लिए पंद्रह दिनों में लौट आएंगे।","स्टंपी और मैं घर पर हैं और अब बेहतर महसूस कर रहे हैं, हमने मग कुछ चाय भी पी है। काम पूरा करने के लिए पंद्रह दिनों में लौट आएंगे।",wmt24 sampled official pair with local_reordering
mt0634,Hindi,wmt24,en-hi,source_leakage,So the challenges in this are already showing themselves. I'm likely going to have a VERY difficult time getting a medical clearance due to the FAA's stance on certain medications.,तो इसमें चुनौतियां तो सामने ही दिखाई दे रही हैं। मुझे शायद एफएए के कुछ दवाओं के प्रति रवैये के चलते चिकित्सकीय क्लियरेंस पाने में बहुत मुश्किल होने वाली है।,तो इसमें चुनौतियां तो सामने ही दिखाई दे रही हैं। मुझे शायद एफएए के कुछ दवाओं के प्रति रवैये के चलते चिकित्सकीय क्लियरेंस पाने में बहुत मुश्किल होने वाली है। So the,wmt24 sampled official pair with source_leakage
mt0635,Hindi,wmt24,en-hi,fragment_duplication,In case you're interested in the challenge ahead I face.,अगर आपको मैं जिस चुनौती का सामना कर रहा हूँ उसमें रुचि है।,अगर आपको मैं जिस चुनौती का सामना सामना कर रहा हूँ उसमें रुचि है।,wmt24 sampled official pair with fragment_duplication
mt0636,Hindi,wmt24,en-hi,exact_match,Its log book official. I have 2.3 hours ^_^,यह लॉगबुक आधिकारिक है। मेरे पास 2.3 घंटे हैं ^_^,यह लॉगबुक आधिकारिक है। मेरे पास 2.3 घंटे हैं ^_^,wmt24 sampled official pair with exact_match
mt0637,Hindi,wmt24,en-hi,punctuation_drop,FlightAware data track.,फ्लाइटअवेयर डेटा ट्रैक।,फ्लाइटअवेयर डेटा ट्रैक।,wmt24 sampled official pair with punctuation_drop
mt0638,Hindi,wmt24,en-hi,partial_truncation,Yay,वाह,वाह,wmt24 sampled official pair with partial_truncation
mt0639,Hindi,wmt24,en-hi,middle_deletion,"I donked up my threading, so this should be part of the mega thread here.","मैंने अपनी थ्रेडिंग में गड़बड़ी कर दी है, ये एक इस मेगा थ्रेड का भाग होना चाहिए।","मैंने अपनी थ्रेडिंग में गड़बड़ी कर दी है, एक इस मेगा थ्रेड का भाग होना चाहिए।",wmt24 sampled official pair with middle_deletion
mt0640,Hindi,wmt24,en-hi,local_reordering,We flew from Mason Mi to Sturgis Mi and back.,हमने मेसन मिशिगन से स्टर्जिस मिशिगन तक और वापस उड़ान भरी।,हमने मेसन मिशिगन से मिशिगन स्टर्जिस तक और वापस उड़ान भरी।,wmt24 sampled official pair with local_reordering
mt0641,Hindi,wmt24,en-hi,source_leakage,Sunday Cont.,रविवार जारी।,रविवार जारी। Sunday Cont.,wmt24 sampled official pair with source_leakage
mt0642,Hindi,wmt24,en-hi,fragment_duplication,Happy Saturday lovelies!,प्रियजनों आपको शनिवार की शुभकामनाएं!,प्रियजनों आपको शनिवार शनिवार की शुभकामनाएं!,wmt24 sampled official pair with fragment_duplication
mt0643,Hindi,wmt24,en-hi,exact_match,don't even need a library for it or anything,इसके लिए लायब्रेरी या किसी चीज़ की भी ज़रूरत नहीं है,इसके लिए लायब्रेरी या किसी चीज़ की भी ज़रूरत नहीं है,wmt24 sampled official pair with exact_match
mt0644,Hindi,wmt24,en-hi,punctuation_drop,“brb just updating the padding on paragraphs boss”,"""जल्दी ही वापस आऊंगा, बॉस, पैराग्राफ पर पैडिंग अपडेट कर रहा हूं""",जल्दी ही वापस आऊंगा बॉस पैराग्राफ पर पैडिंग अपडेट कर रहा हूं,wmt24 sampled official pair with punctuation_drop
mt0645,Hindi,wmt24,en-hi,partial_truncation,@user20 so every day you row at least 2.8km? Is that on the erg or on the water?,@user20 तो रोज़ाना कम से कम 2.8 किमी रो करते हो? यह ई आर जी पर है या पानी में?,@user20 तो रोज़ाना कम से कम 2.8 किमी रो करते हो? यह ई आर जी,wmt24 sampled official pair with partial_truncation
mt0646,Hindi,wmt24,en-hi,middle_deletion,"switch to cash, no more margin.","नकदी में बदल दो, अब मार्जिन नहीं।",नकदी में बदल अब मार्जिन नहीं।,wmt24 sampled official pair with middle_deletion
mt0647,Hindi,wmt24,en-hi,local_reordering,i’ll get more too lol,मैं और ले लूँगा एलओएल,मैं ले और लूँगा एलओएल,wmt24 sampled official pair with local_reordering
mt0648,Hindi,wmt24,en-hi,source_leakage,https://www.issmmbeatenyet.com/,https://www.issmmbeatenyet.com/,https://www.issmmbeatenyet.com/ https://www.issmmbeatenyet.com/,wmt24 sampled official pair with source_leakage
mt0649,Hindi,wmt24,en-hi,fragment_duplication,"Edit: is now down to 1. Just ""Trimming The Herbs"" left and omg I genuinely don't know if anyone will ever beat it legitimately. It is a ridiculous level.","एडिट: अब यह 1 पर आ गया है। केवल 'ट्रिमिंग द हर्ब्स"" बाकी है और ओ बाप रे, मुझे वास्तव में पता नही की कोई वैध तरीके से इसे पूरा कर पाएगा या नहीं। यह एक अजीब लेवल है।","एडिट: अब यह 1 पर आ गया है। केवल 'ट्रिमिंग द हर्ब्स"" बाकी है और ओ बाप रे, मुझे वास्तव वास्तव में पता नही की कोई वैध तरीके से इसे पूरा कर पाएगा या नहीं। यह एक अजीब लेवल है।",wmt24 sampled official pair with fragment_duplication
mt0650,Hindi,wmt24,en-hi,exact_match,And just under the wire basically someone actually beat Trimming the Herbs! Really impressive.,और आखरी पल में किसी ने सचमुच ट्रिमिंग द हर्ब्स को जीत लिया! प्रभावशाली बात है।,और आखरी पल में किसी ने सचमुच ट्रिमिंग द हर्ब्स को जीत लिया! प्रभावशाली बात है।,wmt24 sampled official pair with exact_match
mt0651,Hindi,wmt24,en-hi,punctuation_drop,"garlic is doing well (at least the soft neck, the hard neck is a lot scrawnier for some reason)","लहसून ठीक है (कम से कम नरम गर्दन, कड़ी गर्दन किसी वजह से बहुत ज्यादा पतली है)",लहसून ठीक है कम से कम नरम गर्दन कड़ी गर्दन किसी वजह से बहुत ज्यादा पतली है,wmt24 sampled official pair with punctuation_drop
mt0652,Hindi,wmt24,en-hi,partial_truncation,moving the best tomato seedlings to bigger containers,सबसे अच्छे टमाटर के पौधों को बड़े कन्टेनर्स में रखा जा रहा है,सबसे अच्छे टमाटर के पौधों को बड़े कन्टेनर्स में रखा,wmt24 sampled official pair with partial_truncation
mt0653,Hindi,wmt24,en-hi,middle_deletion,I hotboxed half my lettuce and arugula to death with a plastic tray cover but other than that seedlings are doing pretty good!,"मैंने एक प्लास्टिक ट्रे कवर से अपने आधे लेट्यूस और अरुगुला को गरमी से मार दिया, लेकिन बाकी सारे पौधे काफी अच्छी स्थिति में हैं!","मैंने एक प्लास्टिक ट्रे कवर से अपने आधे लेट्यूस और अरुगुला को से मार दिया, लेकिन बाकी सारे पौधे काफी अच्छी स्थिति में हैं!",wmt24 sampled official pair with middle_deletion
mt0654,Hindi,wmt24,en-hi,local_reordering,Ready for the plasterer next week,अगले हफ्ते प्लास्टरर के लिए तैयार,अगले हफ्ते के प्लास्टरर लिए तैयार,wmt24 sampled official pair with local_reordering
mt0655,Hindi,wmt24,en-hi,source_leakage,"Ooo, look what we found behind the radiator!","ओह, देखो तो हमें रेडिएटर के पीछे क्या मिला!","ओह, देखो तो हमें रेडिएटर के पीछे क्या मिला! Ooo, look",wmt24 sampled official pair with source_leakage
mt0656,Hindi,wmt24,en-hi,fragment_duplication,"Still to do; hallway floor, all the skirtings. Decorator is coming in a month, so it’s bare plaster chic for us for now","ये अभी भी बाकी हैं; हॉल की फर्श, सारी स्कर्टिंग। डेकोरेटर एक महीने में आ रहा है, इसलिए अभी हमारे लिए बस खूबसूरत खाली प्लास्टर है","ये अभी भी बाकी हैं; हॉल की फर्श, सारी स्कर्टिंग। डेकोरेटर एक महीने में में आ रहा है, इसलिए अभी हमारे लिए बस खूबसूरत खाली प्लास्टर है",wmt24 sampled official pair with fragment_duplication
mt0657,Hindi,wmt24,en-hi,exact_match,<contents for=sec2>section 2…</contents>,<contents for=sec2>विभाग 2…</contents>,<contents for=sec2>विभाग 2…</contents>,wmt24 sampled official pair with exact_match
mt0658,Hindi,wmt24,en-hi,punctuation_drop,trying my hand at miniatures,मिनिएचर्स बनाने की कोशिश करते हुए,मिनिएचर्स बनाने की कोशिश करते हुए,wmt24 sampled official pair with punctuation_drop
mt0659,Hindi,wmt24,en-hi,partial_truncation,more miniature stuff,और भी मिनिएचर चीज़ें,और भी मिनिएचर,wmt24 sampled official pair with partial_truncation
mt0660,Hindi,wmt24,en-hi,middle_deletion,"Welcome to CSA in Italy. CSA is believed to be an ancient Roman settlement. The site was excavated at least four times over the last century. What is there to excavate if Koa is originally a Roman site? Was the Pantheon in Rome excavated? No, the pantheon is even at the same ground level as the surrounding, contemporary buildings. And why is that? Because the pantheon was probably built during the Roman era, it is also almost cardinally oriented, which indicates that it cannot be very ancient.","इटली में कोसा में आपका स्वागत है। कोसा को एक पुरातन रोमन बस्ती माना जाता है। पिछली एक शताब्दी के दौरान इस साइट का कम से कम चार बार उत्खनन किया गया था। अगर कोसा मूलतः एक रोमन स्थान हो, तो उत्खनन करने के लिए क्या है? क्या रोम में स्थित पान्थेऑन को खोद कर निकाला गया था? नहीं, पान्थेऑन तो उसके आसपास के उसी समसमय की इमारतों के ही सतही स्तर पर भी नहीं है। और ऐसा क्यों है? क्योंकि पान्थेऑन को संभवतः रोमन काल में बनाया गया था। इसका विन्यास लगभग निर्धारित दिशा में है, जिसका मतलब है कि यह बहुत पुराना नहीं हो सकता है।","इटली में कोसा में आपका स्वागत है। कोसा को एक पुरातन रोमन बस्ती माना जाता है। पिछली एक शताब्दी के दौरान इस साइट का कम से कम चार बार उत्खनन किया गया था। अगर कोसा मूलतः एक रोमन स्थान हो, तो उत्खनन करने के लिए क्या है? क्या रोम में स्थित पान्थेऑन को खोद निकाला गया था? नहीं, पान्थेऑन तो उसके आसपास के उसी समसमय की इमारतों के ही सतही स्तर पर भी नहीं है। और ऐसा क्यों है? क्योंकि पान्थेऑन को संभवतः रोमन काल में बनाया गया था। इसका विन्यास लगभग निर्धारित दिशा में है, जिसका मतलब है कि यह बहुत पुराना नहीं हो सकता है।",wmt24 sampled official pair with middle_deletion
mt0661,Hindi,wmt24,en-hi,local_reordering,"I'm sure marine dinosaurs still exist. My apologies for intruding upon your thoughts, Madame Roseau. But strictly speaking, only reptiles that walked on dry land are called dinosaurs. If they lived under the water, they are called marine reptiles, and they all disappeared a very. Very long time ago. What happened? You'll see, Julie.","मुझे भरोसा है कि समुद्री डायनोसॉर अब भी अस्तित्वमान है। आपके विचारों में दखल देने के लिए मेरी क्षमायाचना, देवीजी। पर स्पष्टतः बात करें तो सूखी ज़मीन पर चलने वाले एकमात्र सरीसृप जीव को डायनोसॉर कहते हैं, और वह बहुत, बहुत लंबे समय पहले गायब हो गए थे। क्या हुआ? तुम देखोगी, जूली।","मुझे भरोसा है कि समुद्री डायनोसॉर अब भी अस्तित्वमान है। आपके विचारों में दखल देने के लिए मेरी क्षमायाचना, देवीजी। पर स्पष्टतः बात करें तो ज़मीन सूखी पर चलने वाले एकमात्र सरीसृप जीव को डायनोसॉर कहते हैं, और वह बहुत, बहुत लंबे समय पहले गायब हो गए थे। क्या हुआ? तुम देखोगी, जूली।",wmt24 sampled official pair with local_reordering
mt0662,Hindi,wmt24,en-hi,source_leakage,"Knight of the Galactic Railroad by Kenji Miyazawa. This is a Japanese story of two young boys who embark on a mystical journey on a celestial train, going through the galaxy, encountering various allegorical experiences and deep philosophical themes. As they navigate the night sky, the story reflects on life, death, and the human condition, leaving readers with a profound exploration of existence and the universe. The novel was adapted into a manga in 1983, and an anime in 1985.","नाइट ऑफ द गैलेक्टिक रेलरोड, लेखक केन्जी मियाज़ावा। यह दो युवा लड़कों की एक जापानी कहानी है, जो एक दिव्य ट्रेन पर आकाशगंगा की एक आध्यात्मक यात्रा पर निकलते हैं, जो कई अलग-अलग रूपकात्मक अनुभवों और गहरे दार्शनिक अनुभवों से गुज़रते हैं। वे रात के आसमना से गुज़रते हैं उस दौरान कहानी ज़िंदगी, मौत और मानव स्थिति पर विचार करती है, और पाठक को अस्तित्व और ब्रह्मांड के गहन अन्वेषण के साथ छोड़ती है। इस उपन्यास को 1983 में मांगा में और फिर 1985 में आनिम में रुपांतरित किया गया था।","नाइट ऑफ द गैलेक्टिक रेलरोड, लेखक केन्जी मियाज़ावा। यह दो युवा लड़कों की एक जापानी कहानी है, जो एक दिव्य ट्रेन पर आकाशगंगा की एक आध्यात्मक यात्रा पर निकलते हैं, जो कई अलग-अलग रूपकात्मक अनुभवों और गहरे दार्शनिक अनुभवों से गुज़रते हैं। वे रात के आसमना से गुज़रते हैं उस दौरान कहानी ज़िंदगी, मौत और मानव स्थिति पर विचार करती है, और पाठक को अस्तित्व और ब्रह्मांड के गहन अन्वेषण के साथ छोड़ती है। इस उपन्यास को 1983 में मांगा में और फिर 1985 में आनिम में रुपांतरित किया गया था। Knight of",wmt24 sampled official pair with source_leakage
mt0663,Hindi,wmt24,en-hi,fragment_duplication,"Where I'm standing would have been the bottom of the Western Interior Sea, about 85 million years ago. Mike Everhard is one of the world's leading experts on Mosesaus. The horizon would have been ocean for as far as you could see, that the seaway stretched for hundreds of miles from where we're standing. At this time, the climate is warmer, so there are no polar ice caps.","जहाँ मैं खड़ा हूँ, वह लगभग 85 सालों पहले पश्चिमी आंतरिक समुद्र का तल रहा होगा। माइक एवरहार्ट मोसासॉर के बारे में दुनिया के अग्रणी विशेषज्ञों में से एक है। क्षितिज में आप जहाँ तक देख सकें समुद्र रहा होगा, और समुद्री मार्ग हम जहाँ खड़े हैं वहाँ से कई सौ मील तक फैला होगा। इस समय, मौसम उष्माभरा है, इसलिए कोई ध्रुवीय आइसकैप नहीं हैं।","जहाँ मैं खड़ा हूँ, वह लगभग 85 सालों पहले पश्चिमी आंतरिक समुद्र का तल रहा होगा। माइक एवरहार्ट मोसासॉर के बारे में दुनिया के अग्रणी विशेषज्ञों में से एक है। क्षितिज में आप जहाँ जहाँ तक देख सकें समुद्र रहा होगा, और समुद्री मार्ग हम जहाँ खड़े हैं वहाँ से कई सौ मील तक फैला होगा। इस समय, मौसम उष्माभरा है, इसलिए कोई ध्रुवीय आइसकैप नहीं हैं।",wmt24 sampled official pair with fragment_duplication
mt0664,Hindi,wmt24,en-hi,exact_match,"Today we're going to talk about Ben Affleck defending an interview. Greg, why don't you to tell us about the video we're going to watch. Yeah, so a couple of weeks ago, Ben Affleck went on a two hour interview with Howard Stern. He talked about his breakup with his ex- wife and family, and he had some fallout from it, so here we go. Here he is, Ben no Flick.","आज हम बेन एफ्लेक के एक इंटरव्यू का समर्थन करने के बारे में बात करेंगे। ग्रेग, हम जो वीडियो देखने वाले हैं उसके बारे में हमें क्यों नहीं बताते। हाँ, कुछ हफ्तों पहले, बेन एफ्लेक ने हावर्ड स्टर्न के साथ दो घंटे का इंटरव्यू किया। उन्होंने अपनी पूर्व पत्नी और परिवार से ब्रेकअप की बात की, और इस बारे में कि उन्होंने इसके लिए कोई नतीजा सहा था, तो यह रहा। वह यहाँ है, बेन एफ्लेक!","आज हम बेन एफ्लेक के एक इंटरव्यू का समर्थन करने के बारे में बात करेंगे। ग्रेग, हम जो वीडियो देखने वाले हैं उसके बारे में हमें क्यों नहीं बताते। हाँ, कुछ हफ्तों पहले, बेन एफ्लेक ने हावर्ड स्टर्न के साथ दो घंटे का इंटरव्यू किया। उन्होंने अपनी पूर्व पत्नी और परिवार से ब्रेकअप की बात की, और इस बारे में कि उन्होंने इसके लिए कोई नतीजा सहा था, तो यह रहा। वह यहाँ है, बेन एफ्लेक!",wmt24 sampled official pair with exact_match
mt0665,Hindi,wmt24,en-hi,punctuation_drop,"So when did you first start writing and performing music after having your stage in front of your grandparents there? Well, basically, more performing. I did a bit of writing, but I left it to professionals. You know, when I was recording with professional writers and big, big hits around the world.","तो, वहाँ पर अपने दादा-दादी के सामने पहली बार प्रदर्शन करने के बाद, आपने म्यूज़िक लिखना और परफॉर्म करना कब शुरू किया? खैर, मुख्यतः अधिक परफॉर्मेंस, मैंने कुछ वक्त तक लिखा, लेकिन फिर यह काम पेशेवरों को सौंप दिया, क्योंकि तब मैं पेशेवर लेखकों के साथ रिकॉर्ड कर रहा था और दुनिया में बहुत बड़ी हिट्स दे रहा था।",तो वहाँ पर अपने दादादादी के सामने पहली बार प्रदर्शन करने के बाद आपने म्यूज़िक लिखना और परफॉर्म करना कब शुरू किया खैर मुख्यतः अधिक परफॉर्मेंस मैंने कुछ वक्त तक लिखा लेकिन फिर यह काम पेशेवरों को सौंप दिया क्योंकि तब मैं पेशेवर लेखकों के साथ रिकॉर्ड कर रहा था और दुनिया में बहुत बड़ी हिट्स दे रहा था।,wmt24 sampled official pair with punctuation_drop
mt0666,Hindi,wmt24,en-hi,partial_truncation,"And he said, "" You have a tattoo."" And I said, I have a few on your hand, I have a banjo, and I told him about it, as a friend of mine, Darryl Adams said he said I had to. Oh yeah, there's a banjo right there on your hand. Can we see it? Look, there's a banjo. It's the kind of tattoo you should really get on your knee, you know? Or a banjo on my knee? Oh, banjo on my knee? Yeah.","और उनसे कहा, ""तुम्हारे एक टैटू है।"" और मैंने कहा, ""मेरे कुछ हैं।"" लेकिन, ""तुम्हारे हाथ पर।"" मेरे एक बैंजो है, और मैंने उसे इसके बारे में बताया। वह मेरा एक दोस्त था डेरिल एडम्स। और यह एक बैंजो है। क्या तुम्हारे यह है? अरे हाँ, तुम्हारे हाथ पर यहीं एक बैंजो है। क्या हम इसे देख सकते हैं? देखो, यह एक बैंजो है। यह एक ऐसा टैटू है, जो वास्तव में आपके घुटनों पर होना चाहिए, पता है? हाँ, हा। या, या... मेरे घुटनों पर एक बैंजो जैसी चीज़। ओह, मेरे घुटने पर एक बैंजो! हाँ। हाँ!","और उनसे कहा, ""तुम्हारे एक टैटू है।"" और मैंने कहा, ""मेरे कुछ हैं।"" लेकिन, ""तुम्हारे हाथ पर।"" मेरे एक बैंजो है, और मैंने उसे इसके बारे में बताया। वह मेरा एक दोस्त था डेरिल एडम्स। और यह एक बैंजो है। क्या तुम्हारे यह है? अरे हाँ, तुम्हारे हाथ पर यहीं एक बैंजो है। क्या हम इसे देख सकते हैं? देखो, यह एक बैंजो है। यह एक ऐसा टैटू है, जो वास्तव में आपके घुटनों",wmt24 sampled official pair with partial_truncation
mt0667,Hindi,wmt24,en-hi,middle_deletion,"This is aluminum, aluminum for our industries and aluminum for our homes, aluminum for building, for transportation, for communication, for agriculture, and for national defense. What is it that has made aluminum, one of the youngest members in the family of metals, such an outstanding material? The answer lies in its amazing versatility and unusual combination of properties. Its smart, modern appearance in a variety of natural or colored finishes. Its great strength, combined with extreme lightweight, and outstanding advantage in almost every metal application.","यह एल्यूमीनियम है। हमारे उद्योगों के लिए एल्यूमीनियम और हमारे घरों के लिए एल्यूमीनियम। भवन निर्माण के लिए, परिवहन के लिए, संचार के लिए, कृषि के लिए और राष्ट्रीय रक्षा के लिए एल्यूमीनियम। ऐसा क्या है जिसने धाथु परिवार के सब से छोटे सदस्यों में से एक, एल्यूमीनियम को एक असाधारण सामग्री बना दिया है? उत्तर उसकी आश्चर्यकारी विविधता और विशेषताओं के अनोखे संयोजन में है: इसकी स्मार्ट, आधुनिक दिखावट जिसके कई प्राकृतिक या रंगीन फिनिश । इसकी बेहतरीन मज़बूती, साथ ही अत्यधिक हल्का वज़न- धातु के लगभग हर उपयोग में एक उत्कृष्ट लाभ।","यह एल्यूमीनियम है। हमारे उद्योगों के लिए एल्यूमीनियम और हमारे घरों के लिए एल्यूमीनियम। भवन निर्माण के लिए, परिवहन के लिए, संचार के लिए, कृषि के लिए और राष्ट्रीय रक्षा के लिए एल्यूमीनियम। ऐसा क्या है जिसने धाथु परिवार के सब से छोटे सदस्यों में से एक, को एक असाधारण सामग्री बना दिया है? उत्तर उसकी आश्चर्यकारी विविधता और विशेषताओं के अनोखे संयोजन में है: इसकी स्मार्ट, आधुनिक दिखावट जिसके कई प्राकृतिक या रंगीन फिनिश । इसकी बेहतरीन मज़बूती, साथ ही अत्यधिक हल्का वज़न- धातु के लगभग हर उपयोग में एक उत्कृष्ट लाभ।",wmt24 sampled official pair with middle_deletion
mt0668,Hindi,wmt24,en-hi,local_reordering,"With his general purpose military markings, the Guinean pufferfish doesn't mind being seen. The Atlantic lizardfish doesn't bother with disguises at all. It simply shimmies into the sand. This may fool both its prey and its predators. But it won't fool the pufferfish patrol.","अपने सामान्य मिलिटरी चिन्हों के साथ, गिनियन पफर फिश को, अपने देखे जाने से कोई समस्या नही है। अटलांटिक लिज़र्डफिश भी अपनी पहचान छुपाने की कोशिश नहीं करती है। वह बस बालू रेत में सरक जाती है। यह इसके शिकार और शिकारी दोनों को बेवकूफ बना सकता है। लेकिन यह पफर फिश पेट्रोल को बेवकूफ नहीं बनाता है।","अपने सामान्य मिलिटरी चिन्हों के साथ, गिनियन पफर फिश को, अपने देखे जाने से कोई समस्या नही है। अटलांटिक लिज़र्डफिश भी अपनी पहचान छुपाने की कोशिश नहीं करती वह है। बस बालू रेत में सरक जाती है। यह इसके शिकार और शिकारी दोनों को बेवकूफ बना सकता है। लेकिन यह पफर फिश पेट्रोल को बेवकूफ नहीं बनाता है।",wmt24 sampled official pair with local_reordering
mt0669,Hindi,wmt24,en-hi,source_leakage,"Kid Durango of Arizona, the Dust Devils. The layer of dew that covered the prairie, disappeared quickly as the sun rose over the foothills. The moon hung around for a while, and then sunk far below the ranges. The day began like a thousand other Arizona days. That was until the cloud came.","एरिज़ोना का बाल ड्रैगन: डस्ट डेविल्स। तलहटी के ऊपर सूर्य के उगने के साथ मैदानों को ढकने वाली ओस तेज़ी से गायब हो गई। कुछ वक्त तक चांद लटका रहा, और फिर पहाड़ियों के पीछे बहुत दूर डूब गया। दिन एरिज़ोना में हज़ार अन्य दिनों की तरह शुरू हुआ। यह जब तक कि बादल आया।","एरिज़ोना का बाल ड्रैगन: डस्ट डेविल्स। तलहटी के ऊपर सूर्य के उगने के साथ मैदानों को ढकने वाली ओस तेज़ी से गायब हो गई। कुछ वक्त तक चांद लटका रहा, और फिर पहाड़ियों के पीछे बहुत दूर डूब गया। दिन एरिज़ोना में हज़ार अन्य दिनों की तरह शुरू हुआ। यह जब तक कि बादल आया। Kid Durango",wmt24 sampled official pair with source_leakage
mt0670,Hindi,wmt24,en-hi,fragment_duplication,"And I have a lot of experience. I've worked internationally. I've worked this continent. I've worked at different states, different market segments. And what I found is people are really intrigued by that. They want to know kind of what the behind the scenes is. So some of these videos are going to be tips from somebody that actually works in this industry and I think that's what separates me a little bit from possibly other travel bloggers that you might follow. You know, I may not have worked for, say, even in the cruise industry, but I had to take courses in it for my hospitality degree. So even if I haven't worked in it, I've been educated on it.","और मुझे बहुत अनुभव है। मैंने अंतर्राष्ट्रीय स्तर पर काम किया है। मैंने इस महाद्वीप में काम किया है। मैंने अनेक राज्यों और विविध बाज़ार प्रकारों में काम किया है। और मैंने पाया कि लोगों को वास्तव में इस बारे में कौतुहल है। वे यह जानना चाहते हैं कि पर्दे के पीछे क्या है। इसलिए, इनमें से कुछ वीडियो किसी ऐसे व्यक्ति के लिए सुझाव हो सकते हैं जो वास्तव में इस उद्योग में काम करता है, और मुझे लगता है कि यह वह चीज़ है जो मुझे आप जिन्हें फॉलो करते हैं उन अन्य ट्रेवल ब्लॉगरों से अलग बनाता है। पता है, हो सकता है कि मैंने अब तक काम न किया हो, क्रूज़ उद्योग के लिए भी, लेकिन मुझे अपनी हॉस्पिटैलिटी डिग्री में इसके लिए पाठ्यक्रम लेने पड़े थे। इसलिए, भले ही मैंने इनके लिए काम नही किया है, लेकिन मुझे इसके बारे में पढ़ाया गया है।","और मुझे बहुत अनुभव है। मैंने अंतर्राष्ट्रीय स्तर पर काम किया है। मैंने इस महाद्वीप में काम किया है। मैंने अनेक राज्यों और विविध बाज़ार प्रकारों में काम किया है। और मैंने पाया कि लोगों को वास्तव में इस बारे में कौतुहल है। वे यह जानना चाहते हैं कि पर्दे के पीछे क्या है। इसलिए, इनमें से कुछ वीडियो किसी ऐसे व्यक्ति के लिए सुझाव हो सकते हैं जो वास्तव में इस उद्योग में काम काम करता है, और मुझे लगता है कि यह वह चीज़ है जो मुझे आप जिन्हें फॉलो करते हैं उन अन्य ट्रेवल ब्लॉगरों से अलग बनाता है। पता है, हो सकता है कि मैंने अब तक काम न किया हो, क्रूज़ उद्योग के लिए भी, लेकिन मुझे अपनी हॉस्पिटैलिटी डिग्री में इसके लिए पाठ्यक्रम लेने पड़े थे। इसलिए, भले ही मैंने इनके लिए काम नही किया है, लेकिन मुझे इसके बारे में पढ़ाया गया है।",wmt24 sampled official pair with fragment_duplication
mt0671,Hindi,wmt24,en-hi,exact_match,"What's up guys? Zach here with Better in Construction. For a lot of you, this is your first time on the roofing side of YouTube. So I want to welcome you guys personally by making a video that's very important to me. The subject of this video is, if I was to do this roof, and I've never shingled before, how would I do it? Knowing everything that I know now. So this is a video that's going to help DIYers or new shinglers not make mistakes and take the proper precautions to get this job done right without wasting time. So first things first, we need to familiarize ourselves with this material.","क्या चल रहा है दोस्तों? वेटरन कंस्ट्रक्शन्स से मैं ज़ैक हूं। आप में से बहुत लोग यूट्यूब की रुफिंग साइड पर पहली बार आए हैं। इसलिए मैं अपने लिए बहुत महत्वपूर्ण एक वीडियो बना कर आप सभी का व्यक्तिगत रूप से स्वागत करना चाहता हूँ। इस वीडियो का विषय है, यदि मुझे इस छत का काम करना होता, और मैंने पहले कभी भी छत का काम नही किया है, तो मेरे पास जो जानकारी है उसके साथ मैं यह कैसे करूँगा? तो यह एक ऐसा वीडियो है जो डीआईवाय करने वालों या नये छत बनाने वालों की गलतियाँ न करने और बिना वक्त ज़ाया किए इस काम को सही तरह से करने में मदद करेगा। तो सब से पहले हमें इस सामग्री का परिचय करना होगा।","क्या चल रहा है दोस्तों? वेटरन कंस्ट्रक्शन्स से मैं ज़ैक हूं। आप में से बहुत लोग यूट्यूब की रुफिंग साइड पर पहली बार आए हैं। इसलिए मैं अपने लिए बहुत महत्वपूर्ण एक वीडियो बना कर आप सभी का व्यक्तिगत रूप से स्वागत करना चाहता हूँ। इस वीडियो का विषय है, यदि मुझे इस छत का काम करना होता, और मैंने पहले कभी भी छत का काम नही किया है, तो मेरे पास जो जानकारी है उसके साथ मैं यह कैसे करूँगा? तो यह एक ऐसा वीडियो है जो डीआईवाय करने वालों या नये छत बनाने वालों की गलतियाँ न करने और बिना वक्त ज़ाया किए इस काम को सही तरह से करने में मदद करेगा। तो सब से पहले हमें इस सामग्री का परिचय करना होगा।",wmt24 sampled official pair with exact_match
mt0672,Hindi,wmt24,en-hi,punctuation_drop,"Hook the vacuum up to it, it helps keep the dust down and you can prep your concrete that way also. We prefer to do it with the hand grinders ourselves, so either way will work pretty good. Usually if it's got an epoxy coating already, the hand grinders work a little better, but this thing looks really good too. So after we do that, we fix all the cracks, fix all the divots with our patch repair material and then we grind them smooth, and then we clean the concrete and get it ready for the first coating. This is going to be a 100 % solids epoxy so it goes on and it's different procedures, different stages.","वैक्यूम को उससे लगा दीजिए, इससे धूल कम होती है और आप अपने कंक्रीट को भी इस तरह से तैयार कर सकते हैं। हम ऐसा स्वयं हैंडग्राइंडर से करना पसंद करते हैं, जिससे कि यह किसी भी तरह से अच्छे से काम करेगा।आम तौर पर, अगर उस पर पहले ही इपॉक्सी कोटिंग है, तो हैंड ग्राइंडर थोडा़ बेहतर काम करेगा, लेकिन यह चीज़ भी अच्छी तरह से काम करती है। इसलिए, हम यह कर लें उसके बाद, हम सभी दरारों को ठीक करते हैं, हमारी पैच की मरम्मत की सामग्री से सभी घास वाले हिस्सों को ठीक करते हैं और फिर हम उन्हें घिस कर समतल कर देते हैं। फिर हम कंक्रीट को साफ करते हैं और उसे पहली कोटिंग के लिए तैयार करते हैं। यह एक 100% ठोस वाली इपॉक्सी है, और यह अलग-अलग प्रक्रियाओं, अलग-अलग चरणों में जाती है।",वैक्यूम को उससे लगा दीजिए इससे धूल कम होती है और आप अपने कंक्रीट को भी इस तरह से तैयार कर सकते हैं। हम ऐसा स्वयं हैंडग्राइंडर से करना पसंद करते हैं जिससे कि यह किसी भी तरह से अच्छे से काम करेगा।आम तौर पर अगर उस पर पहले ही इपॉक्सी कोटिंग है तो हैंड ग्राइंडर थोडा़ बेहतर काम करेगा लेकिन यह चीज़ भी अच्छी तरह से काम करती है। इसलिए हम यह कर लें उसके बाद हम सभी दरारों को ठीक करते हैं हमारी पैच की मरम्मत की सामग्री से सभी घास वाले हिस्सों को ठीक करते हैं और फिर हम उन्हें घिस कर समतल कर देते हैं। फिर हम कंक्रीट को साफ करते हैं और उसे पहली कोटिंग के लिए तैयार करते हैं। यह एक 100 ठोस वाली इपॉक्सी है और यह अलगअलग प्रक्रियाओं अलगअलग चरणों में जाती है।,wmt24 sampled official pair with punctuation_drop
mt0673,Hindi,wmt24,en-hi,partial_truncation,"The Zoroastrian text, Veda, states that Yema built an underground city on the orders of the god Arua Mazda, to protect his people from a catastrophic winner. Much like the account of Noah in the Bible, Yima was instructed to collect pairs of the best animals and people as well as the best seeds in order to reseed the earth after the winter cataclysm. This was before the last Ice Age, 110,000 years ago.","पारसी टेक्स्ट वेन्डिदाद का कहना है कि यिमा ने अहुरा मज़दा देव के आदेश पर अपने लोगों को विनाशकारी सर्दी से बचाने के लिए एक भूमिगत शहर का निर्माण किया। बाइबल में नोआह की कहानी से बहुत मिलते-जुलते यिमा को श्रेष्ठ जानवरों और लोगों की जोड़ियाँ और श्रेष्ठ बीज इकट्ठा करने का निर्देश दिया गया था ताकि सर्दी के प्रलय के बाद पृथ्वी में फिर बीज बोए जा सकें। यह 110,000 साल पहले पिछले हिम युग से पूर्व था।",पारसी टेक्स्ट वेन्डिदाद का कहना है कि यिमा ने अहुरा मज़दा देव के आदेश पर अपने लोगों को विनाशकारी सर्दी से बचाने के लिए एक भूमिगत शहर का निर्माण किया। बाइबल में नोआह की कहानी से बहुत मिलते-जुलते यिमा को श्रेष्ठ जानवरों और लोगों की जोड़ियाँ और श्रेष्ठ बीज इकट्ठा करने का निर्देश दिया गया था ताकि सर्दी के,wmt24 sampled official pair with partial_truncation
mt0674,Hindi,wmt24,en-hi,middle_deletion,"It is December 1997, and the Imperial Sugar Company is acquiring a new production site at Port Wentworth, from Savannah Foods and Industries Incorporated. There is nothing really of note here, it was doing what businesses do, and that is acquiring to expand. The site has been home to food production and processing since the early 1900s. Savannah Industries Incorporated, began construction of granulated sugar production facilities at Port Wentworth during the 1910s, completing it in 1917.","यह दिसंबर 1997 है, और इंपीरियल शुगर कंपनी पोर्ट वेन्टवर्थ में सवानाह फूड एंड इंडस्ट्रीज़ इन्कॉर्पोरेटड से एक नई उत्पादन साइट का अधिग्रहण कर रही है। यहाँ कुछ खास ध्यान आकर्षित करे ऐसा नहीं है। यह वही कर रहे थे जो व्यवसाय करते हैं, और वह है विस्तारण के लिए अधिग्रहण। यह साइट 1900 की शुरुआत से खाद्य उत्पादन और संसाधन की जगह रही है। सवानाह इंडस्ट्रीज़ इन्कॉर्पोरेटेड ने 1910 के दशक के दौरान पोर्ट वेन्टवर्थ में शक्कर के दानों के उत्पादन की सुविधाओं का निर्माण शुरू किया जो कि 1917 में खतम हुआ।","यह दिसंबर 1997 है, और इंपीरियल शुगर कंपनी पोर्ट वेन्टवर्थ में सवानाह फूड एंड इंडस्ट्रीज़ इन्कॉर्पोरेटड से एक नई उत्पादन साइट का अधिग्रहण कर रही है। यहाँ कुछ खास ध्यान आकर्षित करे ऐसा नहीं है। यह वही कर रहे थे जो व्यवसाय करते हैं, और वह है के लिए अधिग्रहण। यह साइट 1900 की शुरुआत से खाद्य उत्पादन और संसाधन की जगह रही है। सवानाह इंडस्ट्रीज़ इन्कॉर्पोरेटेड ने 1910 के दशक के दौरान पोर्ट वेन्टवर्थ में शक्कर के दानों के उत्पादन की सुविधाओं का निर्माण शुरू किया जो कि 1917 में खतम हुआ।",wmt24 sampled official pair with middle_deletion
mt0675,Hindi,wmt24,en-hi,local_reordering,"Thirty million years ago, a monster roamed the landscape. While we're talking about one of the most ferocious animals that probably ever walked the earth. This was the biggest beast to live in North America since the dinosaurs. Look at the size of that skull. Look at all those teeth in there. There is no animal like this anywhere.","तीस मिलियन सालों पहले, एक राक्षस ज़मीन पर घुम रहा था। खैर, हम पृथ्वी पर जीने वाले सब से भयंकर जानवरों में से एक के बारे में बात कर रहे हैं। यह डायनोसोरों के बाद उत्तरी अमेरिका में जीने वाला सब से बड़ा जानवर था। उस खोपड़ी का आकार देखें। ये सभी दाँत देखें। इसके जैसा कोई जानवर कहीं भी नहीं है।","तीस मिलियन सालों पहले, एक राक्षस ज़मीन पर घुम रहा था। खैर, हम पृथ्वी पर जीने वाले सब से भयंकर जानवरों में से एक के बारे में बात कर रहे यह हैं। डायनोसोरों के बाद उत्तरी अमेरिका में जीने वाला सब से बड़ा जानवर था। उस खोपड़ी का आकार देखें। ये सभी दाँत देखें। इसके जैसा कोई जानवर कहीं भी नहीं है।",wmt24 sampled official pair with local_reordering
mt0676,Hindi,wmt24,en-hi,source_leakage,"Let's slide that one over there. Whoa, whoa, whoa, big boy! You're a little too hefty for this ride. Safety first, eh? 30 bills? What a rip off. I told you. Watch your step!","चलो, उस वहाँ वाले पर बैठते हैं। ओए, ओए, ओए, मोटे! इस राइड के लिए तुम थोड़े ज्यादा ही मोटे हो। पहले सुरक्षा, है ना? 30 बिल? क्या धोखाधड़ी है। मैंने तुम से कहा था। संभालो!","चलो, उस वहाँ वाले पर बैठते हैं। ओए, ओए, ओए, मोटे! इस राइड के लिए तुम थोड़े ज्यादा ही मोटे हो। पहले सुरक्षा, है ना? 30 बिल? क्या धोखाधड़ी है। मैंने तुम से कहा था। संभालो! Let's slide",wmt24 sampled official pair with source_leakage
mt0677,Hindi,wmt24,en-hi,fragment_duplication,"Hello and welcome to a pilot of sorts of a new series. It will delve into the history of some of the world's worst scandals, some of you may know, and some you may not. It's been inspired in part by an RTE program called Scanal. Although, rather than focusing on events linked to Ireland, I plan to widen the scope of what I'll cover. Well, without further delay, let's get started.","नमस्ते और एक नई सीरीज़ के पायलट में आपका स्वागत है। यह दुनियाक के सबसे बुरे कलंकों में से कुछ के इतिहास को जानेगी - कुछ आप जानते होंगे, और कुछ को नहीं। यह RTE के Scannál नामके प्रोग्राम द्वारा आंशिक रूप से प्रेरित है। हालाँकि, आयरलैंड से जुड़ी घटनाओं पर ध्यान केन्द्रित करने के बजाए, मेरी योजना मैं जो कवर करूँगा उसके व्याप को बढ़ाने की है। खैर, बिना और देर लगाए, चलिए शुरू करते हैं।","नमस्ते और एक नई सीरीज़ के पायलट में आपका स्वागत है। यह दुनियाक के सबसे बुरे कलंकों में से कुछ के इतिहास को जानेगी - कुछ आप जानते होंगे, और कुछ को नहीं। यह RTE के Scannál नामके प्रोग्राम प्रोग्राम द्वारा आंशिक रूप से प्रेरित है। हालाँकि, आयरलैंड से जुड़ी घटनाओं पर ध्यान केन्द्रित करने के बजाए, मेरी योजना मैं जो कवर करूँगा उसके व्याप को बढ़ाने की है। खैर, बिना और देर लगाए, चलिए शुरू करते हैं।",wmt24 sampled official pair with fragment_duplication
mt0678,Hindi,wmt24,en-hi,exact_match,"Yeah, I did some, I did some research to get ready for tonight, because like I said, I'm a real, the only thing I know about government is the reason we're here, which is that it doesn't work for us. Like that's literally all I know. That was kind of nice to get into. But I did some research of how a bill becomes a law. So I watched the Schoolhouse Rock video. Yes, we all love it.","हाँ, मैंने कुछ - मैेने आज रात के लिए तैयार होने के लिए कुछ रीसर्च किया था, क्योंकि, जैसे कि मैंने कहा था, मैं सचमुच बेवकूफ हूँ -। मुझे सरकार के बारे में जो एक मात्र चीज़ मालूम है वही हमारे यहाँ होने की वजह है, वह यह है कि यह हमारे लिए काम नहीं करती है। मुझे सचमुच बस इतना ही पता है। तो इसमें जाना अच्छा था। लेकिन मैंने इस बारे में कुछ रिसर्च किया कि कोई बिल कानून कैसे बन जाता है। इसलिए मैंने स्कूलहाउस रॉक वीडियो देखा। हाँ, हम सभी को यह बहुत पसंद है।","हाँ, मैंने कुछ - मैेने आज रात के लिए तैयार होने के लिए कुछ रीसर्च किया था, क्योंकि, जैसे कि मैंने कहा था, मैं सचमुच बेवकूफ हूँ -। मुझे सरकार के बारे में जो एक मात्र चीज़ मालूम है वही हमारे यहाँ होने की वजह है, वह यह है कि यह हमारे लिए काम नहीं करती है। मुझे सचमुच बस इतना ही पता है। तो इसमें जाना अच्छा था। लेकिन मैंने इस बारे में कुछ रिसर्च किया कि कोई बिल कानून कैसे बन जाता है। इसलिए मैंने स्कूलहाउस रॉक वीडियो देखा। हाँ, हम सभी को यह बहुत पसंद है।",wmt24 sampled official pair with exact_match
mt0679,Hindi,wmt24,en-hi,punctuation_drop,"To create the antique brass ornament, I just went in with a coat of rub and buff onto the entire ornament there. And then of course, we have to get that antique look with the alcohol ink. So I went in with ginger first, I applied a droplet onto our ornament and just blended it out like so. And I just continued that process until I had as many layers as I liked, and it looked really antique in like an actual metal ornament. After that, I did go in with a little bit more of that burnished amber spray paint as well to supply that to the surface, to kind of give it that oxidized look like we did for the bell ornaments. And that is how I finished off these antique brass bubbles. Really simple and easy, but honestly, they look like real metal and they're beautiful.","प्राचीन तांबे के आभरण बनाने के लिए मैंने बस इस पूरे आभरण पर रब एंड बफ का एक कोट लगाया । और इसके बाद, हमें अल्कोहॉल इंक से वह एंटीक लुक पाना है। इसलिए पहले मैं अदरख के साथ गया। मैंने हमारे आभरण पर एक छोटी बूँद लगाई और उसे बस ऐसे मिला दिया। और मैंने इस प्रक्रिया को मुझे जितनी परत चाहिए थी उतनी मिल गई तब तक यह जारी रखा और यह सचमुच प्राचीन देखने लगा, जैसे कोई असली धातु का आभरण हो। उसके बाद मैंने थोड़ा सा चमकदार अंबर रंग का स्प्रे लगाया, और उसे केवल सतह पर लगाया, ताकि उसे थोड़ा ऑक्सीडाइज़ जैसा लुक मिले, जैसा कि हमने घंटी वाले आभरणों पर किया था. और इस तरह से हम इन पुराने पीतल खिलौनों को पूरा किया। सचमुच सरल और आसान, लेकिन सच पूछें, तो वे असली धातु जैसे दिखते हैं और सचमुच सुंदर है।",प्राचीन तांबे के आभरण बनाने के लिए मैंने बस इस पूरे आभरण पर रब एंड बफ का एक कोट लगाया । और इसके बाद हमें अल्कोहॉल इंक से वह एंटीक लुक पाना है। इसलिए पहले मैं अदरख के साथ गया। मैंने हमारे आभरण पर एक छोटी बूँद लगाई और उसे बस ऐसे मिला दिया। और मैंने इस प्रक्रिया को मुझे जितनी परत चाहिए थी उतनी मिल गई तब तक यह जारी रखा और यह सचमुच प्राचीन देखने लगा जैसे कोई असली धातु का आभरण हो। उसके बाद मैंने थोड़ा सा चमकदार अंबर रंग का स्प्रे लगाया और उसे केवल सतह पर लगाया ताकि उसे थोड़ा ऑक्सीडाइज़ जैसा लुक मिले जैसा कि हमने घंटी वाले आभरणों पर किया था और इस तरह से हम इन पुराने पीतल खिलौनों को पूरा किया। सचमुच सरल और आसान लेकिन सच पूछें तो वे असली धातु जैसे दिखते हैं और सचमुच सुंदर है।,wmt24 sampled official pair with punctuation_drop
mt0680,Hindi,wmt24,en-hi,partial_truncation,"Isn’t that funny? We have half the manpower left, and we can’t even refrain from hurting one another. I hastily sped up, Al’s was around the corner, so I would be fine inside. A glance behind me ensured that I was no longer being tailed as I stood in front of a bright glowing sign that read, “Alborn’s Pawnshop!” With slower steps, I entered once again–this place was more under the cover, as Alborn would often take in people who’d been mutated and snuck into Paltricus. Upon opening the door, the lights had been shut off, interestingly enough–there was no Al. No refugees. Nothing. Something wasn’t right here.","अजीब बात है ना? हमारे पास आधा श्रमिक बल है और हम एक दूसरे को दुःखी करने से भी नहीं बच सकते हैं। मैंने तेज़ी से गति बढ़ाई, अल्ज़ मोड़ के परे था इसलिए, मैं अंदर सुरक्षित रहूँगी। जब मैं “एलबॉर्न्स पॉनशॉप!” के चमकदार पट्टे के नीचे खड़े हुए पीछे देख कर सुनिश्चित किया कि कोई मेरा पीछा नहीं कर रहा था। धीमे कदमों से मैं फिर एक बार दाखिल हुआ - यह जगह थोड़ी अधिक छुपी हुई थी, क्योंकि एलबोर्न अक्सर उत्परिवर्तित लोगों को अपने पास ठहरने दे कर उन्हें पेल्ट्रिकस में चुपके से घुसा रहा था। दरवाज़ा खोलने पर लाइटें बंद कर दी गईं थी, और रोचक बात - एल वहां नहीं था। शरणार्थी वहां नहीं थे।कुछ गड़बड़ थी।","अजीब बात है ना? हमारे पास आधा श्रमिक बल है और हम एक दूसरे को दुःखी करने से भी नहीं बच सकते हैं। मैंने तेज़ी से गति बढ़ाई, अल्ज़ मोड़ के परे था इसलिए, मैं अंदर सुरक्षित रहूँगी। जब मैं “एलबॉर्न्स पॉनशॉप!” के चमकदार पट्टे के नीचे खड़े हुए पीछे देख कर सुनिश्चित किया कि कोई मेरा पीछा नहीं कर रहा था। धीमे कदमों से मैं फिर एक बार दाखिल हुआ - यह जगह थोड़ी अधिक छुपी हुई थी, क्योंकि एलबोर्न अक्सर उत्परिवर्तित लोगों को अपने पास ठहरने दे कर उन्हें",wmt24 sampled official pair with partial_truncation
mt0681,Hindi,wmt24,en-hi,middle_deletion,"The walk home was quiet, but so loud. The thoughts infecting my brain were booming, and the regret of not having stayed to help flashed over multiple times. I finally arrived home, almost brought to tears by the dreadful walk in the burst of sounds from the clouds above, the thunderous booms were enough to frighten any person sometimes. Dad was already passed out on the couch, some rerun of an older movie, probably 10-12 years old; sighing, I quietly crept my way back to my room. Flopping in the bed, I wasn’t able to keep my eyes open for long. Before long, slumber crept up on me.","घर तक का रास्ता शांत था, लेकिन कितना शोर था। मेरे दिमाग को संक्रमित करने वाले विचार ज़ोरों का शोर कर रहे थे, और मदद करने के लिए न रुकने का खेद कई बार सामने आया। आखिरकार मैं घर पहुँची, ऊपर गरजते बादलों के भयानक चाल ने मुझे रूआँसा कर दिया था, गरजते बादल कभी-कभी किसी को भी डरा देने के लिए पर्याप्त थे। पिताजी पहले ही काउच में बेहोश हो चुके थे, किसी पुरानी फिल्म का रीरन, लगभग 10-12 साल पुरानी; एक आह भरते हुए मैं चुपचाप अपने कमरे में चली गई। पलंग पर गिरते हुए मैं लंबे समय तक अपनी आँखें खुली नहीं रख पाई। जल्दी ही नींद ने मुझे घेर लिया।","घर तक का रास्ता शांत था, लेकिन कितना शोर था। मेरे दिमाग को संक्रमित करने वाले विचार ज़ोरों का शोर कर रहे थे, और मदद करने के लिए न रुकने का खेद कई बार सामने आया। आखिरकार मैं घर पहुँची, ऊपर गरजते बादलों के भयानक चाल ने मुझे रूआँसा कर दिया था, गरजते बादल कभी-कभी किसी को डरा देने के लिए पर्याप्त थे। पिताजी पहले ही काउच में बेहोश हो चुके थे, किसी पुरानी फिल्म का रीरन, लगभग 10-12 साल पुरानी; एक आह भरते हुए मैं चुपचाप अपने कमरे में चली गई। पलंग पर गिरते हुए मैं लंबे समय तक अपनी आँखें खुली नहीं रख पाई। जल्दी ही नींद ने मुझे घेर लिया।",wmt24 sampled official pair with middle_deletion
mt0682,Hindi,wmt24,en-hi,local_reordering,"Moving the surveillance onto my mobile device, I watched each one intently. Nothing. It was like they were never there. That makes no sense. Cameras had tight security, even with remote access. How..? ARGH. I stood angrily, ready to remove some thoughts from my head – I made my way over, sliding on shoes and taking my keys. “I’ll be back soon, Dad.”Silence. Whatever, he didn’t usually respond, he was probably busy doing something more important than me anyway.","सर्वेलन्स को अपने मोबाइल डिवाइस पर हटाते हुए, मैं प्रत्येक को ध्यान से देख रही थी। कुछ भी नहीं। ऐसा लग रहा था, जैसे वे कभी वहां थे ही नहीं। कैमरा पर कड़ी सिक्योरिटी थी, रिमोट ऐक्सेस के साथ भी। कैसे..? ऊफ। मैं गुस्से में खड़ी थी, अपने दिमाग से कुछ विचार हटाने को तैयार - मैं वहाँ पहुँची, जूते पहने रऔर अपनी चाबियां लीं। ""मैं जल्दी वापस आऊंगी, पिताजी।"" मौन। जो भी हो, सामन्यात: वे जवाब नहीं देते थे, शायद वैसे भी मुझसे ज्यादा महत्वपूर्ण कुछ करने में व्यस्त थे।","सर्वेलन्स को अपने मोबाइल डिवाइस पर हटाते हुए, मैं प्रत्येक को ध्यान से देख रही थी। कुछ भी नहीं। ऐसा लग रहा था, जैसे वे कभी वहां थे ही नहीं। कैमरा पर कड़ी सिक्योरिटी थी, रिमोट ऐक्सेस के साथ भी। कैसे..? ऊफ। मैं गुस्से खड़ी में थी, अपने दिमाग से कुछ विचार हटाने को तैयार - मैं वहाँ पहुँची, जूते पहने रऔर अपनी चाबियां लीं। ""मैं जल्दी वापस आऊंगी, पिताजी।"" मौन। जो भी हो, सामन्यात: वे जवाब नहीं देते थे, शायद वैसे भी मुझसे ज्यादा महत्वपूर्ण कुछ करने में व्यस्त थे।",wmt24 sampled official pair with local_reordering
mt0683,Hindi,wmt24,en-hi,source_leakage,"A burst of flames erupted from Thassalin's jaws as the colossal Thraki set fire to a very specific patch of forest, then circled above, watching for moment. Weirdly, as he had slowed down, the weird screaming noise from behind him had stopped. Thassalin had forgotten he had passengers on his back.","विशाल थ्राकी ने जंगल के एक विशिष्ट भाग को जैसे ही आग लगाई थसालीन के जबड़े में से तेजी से ज्वालाएं भडक उठीं, फिर वो पलभर देखते हुए ऊपर गोल गोल घूमता रहा। अजीब बात थी कि जैसे ही उसकी गति धीमी हुई उसके पीछे होनेवाला विचित्र चिल्लाने का शोर बंद हो गया था। थसालीन भूल गया था कि उसकी पीठ पर यात्री थे।","विशाल थ्राकी ने जंगल के एक विशिष्ट भाग को जैसे ही आग लगाई थसालीन के जबड़े में से तेजी से ज्वालाएं भडक उठीं, फिर वो पलभर देखते हुए ऊपर गोल गोल घूमता रहा। अजीब बात थी कि जैसे ही उसकी गति धीमी हुई उसके पीछे होनेवाला विचित्र चिल्लाने का शोर बंद हो गया था। थसालीन भूल गया था कि उसकी पीठ पर यात्री थे। A burst",wmt24 sampled official pair with source_leakage
mt0684,Hindi,wmt24,en-hi,fragment_duplication,"Kayel clearly didn't agree with Nyssi, he looked less black than normal and his claws had dug into Thassalin's back to the point that he'd made the Thraki bleed, but Thassalin clearly didn't seem to care. That being said, Thassalin had realized he had scared his new friends and found a clearing to land in.","कायल स्पष्ट रूप से नियसी से सहमत नहीं था, वह सामान्य से कम काला दिख रहा था और उसके पंजे थसालीन की पीठ में इतनी हद तक दबाए हुए थे कि थ्राकी से खून बहने लगा, लेकिन स्पष्ट रूप से थसालीन को कोई चिंता नहीं थी| फिर भी, थसालीन को एहसास हुआ कि उसने अपने नए दोस्तों को डराया था और नीचे उतरने के लिए उसने एक खाली जगह खोज ली।","कायल स्पष्ट रूप से नियसी से सहमत नहीं था, वह सामान्य से कम काला दिख रहा था और उसके पंजे थसालीन की पीठ में इतनी हद तक दबाए हुए थे कि थ्राकी से खून बहने लगा, लगा, लेकिन स्पष्ट रूप से थसालीन को कोई चिंता नहीं थी| फिर भी, थसालीन को एहसास हुआ कि उसने अपने नए दोस्तों को डराया था और नीचे उतरने के लिए उसने एक खाली जगह खोज ली।",wmt24 sampled official pair with fragment_duplication
mt0685,Hindi,wmt24,en-hi,exact_match,"""Did you have to drag us along as well?"" Tenuk snapped as he climbed off Thassalin's back, sliding down his tail. ""And we left Retvik behind! We abandoned our big, strong, fighty guy! How is he going to get to us?""","तुम्हें क्या हमें भी साथ में खींचके ले जाना था? तेनुक थसालीन की पूंछ पर से फिसलकर उसकी पीठ से नीचे उतरते हुए गुस्से से बोला| ""और हमने रेत्विक को पीछे छोड़ा! हमने हमारे बड़े, शक्तिशाली योद्धा मित्र को छोड़ दिया! वो हम तक कैसे पहुंचेगा?""","तुम्हें क्या हमें भी साथ में खींचके ले जाना था? तेनुक थसालीन की पूंछ पर से फिसलकर उसकी पीठ से नीचे उतरते हुए गुस्से से बोला| ""और हमने रेत्विक को पीछे छोड़ा! हमने हमारे बड़े, शक्तिशाली योद्धा मित्र को छोड़ दिया! वो हम तक कैसे पहुंचेगा?""",wmt24 sampled official pair with exact_match
mt0686,Hindi,wmt24,en-hi,punctuation_drop,"Kayel tutted as he drew his rifle from his back, then opened up a pouch, revealing a bandolier. He slung the bandolier over his chest for easy access, but quickly realized that Nyssi, the Thraki and the monster were no longer visible.","कायेल ने अपनी पीठ से रायफल को उठाते हुए जीभ चटकाई, फिर एक पाउच खोला जिसमें एक कासतूस पेटी थी। उसने आसान पहुँच के लिए कारतूस पेटी को अपनी छाती पर लटकाया, लेकिन उसे तेज़ी से ध्यान आया कि नियासी, थ्राकी और राक्षर अब दिखाई नहीं दे रहे थे।",कायेल ने अपनी पीठ से रायफल को उठाते हुए जीभ चटकाई फिर एक पाउच खोला जिसमें एक कासतूस पेटी थी। उसने आसान पहुँच के लिए कारतूस पेटी को अपनी छाती पर लटकाया लेकिन उसे तेज़ी से ध्यान आया कि नियासी थ्राकी और राक्षर अब दिखाई नहीं दे रहे थे।,wmt24 sampled official pair with punctuation_drop
mt0687,Hindi,wmt24,en-hi,partial_truncation,"""You want to chase after them?""",तुम उनका पीछा करना चाहते हो?,तुम उनका पीछा करना,wmt24 sampled official pair with partial_truncation
mt0688,Hindi,wmt24,en-hi,middle_deletion,"""But... one of them is a giant monster!""",पर.... उनमें से एक अतिविशाल राक्षस है!,पर.... उनमें से अतिविशाल राक्षस है!,wmt24 sampled official pair with middle_deletion
mt0689,Hindi,wmt24,en-hi,local_reordering,"""AIM FOR THEIR HEADS!""",उनके सिर पर निशाना साधो।,उनके पर सिर निशाना साधो।,wmt24 sampled official pair with local_reordering
mt0690,Hindi,wmt24,en-hi,source_leakage,"No longer able to see, Thassalin tried to retreat, but found himself scraping against the top of the treeline, before crashing into a clearing. The creature seemed to know exactly where Thassalin had fallen and headed straight for him, taking the dark cloud with it.","थासालीन को अब दिख नहीं रहा था और उसने पीछे हटने का प्रयास किया, लेकिन वह वृक्षारेखा की चोटी पर खरोंचता गया और एक खुली जगह पर गिर गया। ऐसे लग रहा था कि उस प्राणी को पता था कि थसालीन कहां गिरा है और वह अपने साथ वह काला बादल लेकर उस पर वार करने चला।","थासालीन को अब दिख नहीं रहा था और उसने पीछे हटने का प्रयास किया, लेकिन वह वृक्षारेखा की चोटी पर खरोंचता गया और एक खुली जगह पर गिर गया। ऐसे लग रहा था कि उस प्राणी को पता था कि थसालीन कहां गिरा है और वह अपने साथ वह काला बादल लेकर उस पर वार करने चला। No longer",wmt24 sampled official pair with source_leakage
mt0691,Hindi,wmt24,en-hi,fragment_duplication,"""Kayel!"" Tenuk exclaimed as he glided out of the cloud and began circling, trying to spot Nyssi and Thassalin in the darkness below. ""What do we do? Kayel..? Kayel, where are you?""","कायेल! बादल में से फिसलते हुए तेनुक चिल्लाया और नीचे अंधेरे में नियासी और थसालीन को खोजने का प्रयास करते करते गोल गोल घूमने लगा। ""हम क्या करें? कायेल..? कायेल, कहां हो तुम?""","कायेल! बादल में से फिसलते हुए तेनुक चिल्लाया और नीचे अंधेरे में नियासी और थसालीन को खोजने खोजने का प्रयास करते करते गोल गोल घूमने लगा। ""हम क्या करें? कायेल..? कायेल, कहां हो तुम?""",wmt24 sampled official pair with fragment_duplication
mt0692,Hindi,wmt24,en-hi,exact_match,"Below, Nyssi scrambled to her feet. She was pretty sure she had broken something, but her weird, unnatural healing powers had already kicked in. The same couldn't have been said for Thassalin, who was lying in a lump, resting against the one tree that hadn't collapsed under his weight. Nyssi did her best to try and reach Thassalin but she could barely see more than a couple of meters in front of her. Everything was pitch black and engulfed in unholy shadows. And in said shadows, something was screaming and screeching.","नीचे, नियासी किसी तरह खड़ी हुई। उसको पक्का पता था कि उसका कुछ तो टूटा था, लेकिन उसकी विचित्र, अप्राकृतिक उपराचात्मक शक्तियां पहले से ही काम कर रही थीं। यही थसालीन के लिए नहीं कहा जा सकता था, वह एक ढेर में पड़ा था, एक ऐसे पेड़ के सहारे, जो उसके वजन से गिरा नहीं था। नियासी ने थसालीन तक पहुंचने की हर कोशिश की, पर उसे अपने आगे थोड़े मीटर से अधिक अंतर पर कुछ नहीं दिख रहा था। सबकुछ एकदम काला था और अशुद्ध परछाईयों से घिरा था। और उन परछाइयों में कुछ चीख और चिल्ला रहा था।","नीचे, नियासी किसी तरह खड़ी हुई। उसको पक्का पता था कि उसका कुछ तो टूटा था, लेकिन उसकी विचित्र, अप्राकृतिक उपराचात्मक शक्तियां पहले से ही काम कर रही थीं। यही थसालीन के लिए नहीं कहा जा सकता था, वह एक ढेर में पड़ा था, एक ऐसे पेड़ के सहारे, जो उसके वजन से गिरा नहीं था। नियासी ने थसालीन तक पहुंचने की हर कोशिश की, पर उसे अपने आगे थोड़े मीटर से अधिक अंतर पर कुछ नहीं दिख रहा था। सबकुछ एकदम काला था और अशुद्ध परछाईयों से घिरा था। और उन परछाइयों में कुछ चीख और चिल्ला रहा था।",wmt24 sampled official pair with exact_match
mt0693,Hindi,wmt24,en-hi,punctuation_drop,"""That was... one of the weirder shadowjumps I've ever done... Thanto kat'olon..."" Kayel gasped for air. His eyes somehow were glowing black, and a dark energy drifted across his body. However, as he spoke, the colour returned to Kayel's organic plating and his eyes turned back to their normal yellow.","वह... मैंने कभी किया है उस सब से विचित्र शेडोजंप में से एक था... थांतो कातोलोन... कायेल ने मुश्किल से साँस ली। उसकी आँखे किसी तरह से काली चमक रही थी और उसके पूरे शरीर में एक अंधेरी ऊर्जा फैली। हालाँकि, जैसे-जैसे वह बोलने लगा, कायेल के ऑर्गेनिक प्लेटिंग पर रंग लौटा और उसकी आँखें फिर उसके सामान्य पीले रंग पर लौट आती हैं।",वह मैंने कभी किया है उस सब से विचित्र शेडोजंप में से एक था थांतो कातोलोन कायेल ने मुश्किल से साँस ली। उसकी आँखे किसी तरह से काली चमक रही थी और उसके पूरे शरीर में एक अंधेरी ऊर्जा फैली। हालाँकि जैसेजैसे वह बोलने लगा कायेल के ऑर्गेनिक प्लेटिंग पर रंग लौटा और उसकी आँखें फिर उसके सामान्य पीले रंग पर लौट आती हैं।,wmt24 sampled official pair with punctuation_drop
mt0694,Hindi,wmt24,en-hi,partial_truncation,"""You all did somewhat leave me behind. I got here as quickly as I could..."" Retvik sighed. ""May I ask, what are those horrible things?""","तुम लोग मुझे पीछे छोड़ आए थे। मैं जितनी जल्दी हो पाया यहाँ पहुँचा...रेत्विक ने आह भरी। ""क्या मैं पूछ सकता हूँ, ये भयानक चीज़ें क्या हैं?""","तुम लोग मुझे पीछे छोड़ आए थे। मैं जितनी जल्दी हो पाया यहाँ पहुँचा...रेत्विक ने आह भरी। ""क्या मैं पूछ",wmt24 sampled official pair with partial_truncation
mt0695,Hindi,wmt24,en-hi,middle_deletion,"“The only options you have are to kill the child or send it out to the wilderness. This is her punishment for your wrongdoing, Eirwen .” He spat out her name as if it was poison. He always did.","""तुम्हारे पास दो ही विकल्प हैं - या तो बच्ची को मार दो या उसे जंगल में भिजवा दो। यह तुम्हारे दुराचार के लिए उसकी सज़ा है, आयर्वेन।"" उसने रानी का नाम ऐसी घृणा से लिया जैसे वह कोई विष हो। वह हमेशा ऐसे ही करता था।","""तुम्हारे पास दो ही विकल्प हैं - या तो बच्ची को मार दो या उसे जंगल में भिजवा दो। यह तुम्हारे दुराचार के उसकी सज़ा है, आयर्वेन।"" उसने रानी का नाम ऐसी घृणा से लिया जैसे वह कोई विष हो। वह हमेशा ऐसे ही करता था।",wmt24 sampled official pair with middle_deletion
mt0696,Hindi,wmt24,en-hi,local_reordering,"As the guards escorted her to the site, the townspeople cried out in outrage at seeing their only queen- and the nicest one- about to be killed. Some people were crying, some people were shouting and trying to attack the guards, and others were wondering why this was happening; but they all shared the same basis.","जैसे ही पहरेदार रानी को उस जगह लेकर आए, ग्रामवासी अपनी एकलौती रानी को - सबसे अच्छी रानी को - मृत्युदंड दिया जा रहा देखकर क्रोध में चिल्लाने लगे। कुछ लोग रो रहे थे, कुछ लोग चिल्ला रहे थे और पहरेदारों पर हमला करने का प्रयास कर रहे थे, और अन्य लोग अचंभे में सोच रहे थे कि ये क्यों हो रहा है, लेकिन उन सब लोगों की बुनियाद एक ही थी।","जैसे ही पहरेदार रानी को उस जगह लेकर आए, ग्रामवासी अपनी एकलौती रानी को - सबसे अच्छी रानी को - मृत्युदंड दिया जा रहा देखकर क्रोध में चिल्लाने लगे। कुछ लोग रो रहे थे, कुछ चिल्ला लोग रहे थे और पहरेदारों पर हमला करने का प्रयास कर रहे थे, और अन्य लोग अचंभे में सोच रहे थे कि ये क्यों हो रहा है, लेकिन उन सब लोगों की बुनियाद एक ही थी।",wmt24 sampled official pair with local_reordering
mt0697,Hindi,wmt24,en-hi,source_leakage,"“Live on, Kari.” That was the end of the reign of Queen Eirwen.","""जुग जुग जियो, कारी।"" ऐसे हुआ रानी आयर्वेन के शासन का अंत।","""जुग जुग जियो, कारी।"" ऐसे हुआ रानी आयर्वेन के शासन का अंत। “Live on,",wmt24 sampled official pair with source_leakage
mt0698,Hindi,wmt24,en-hi,fragment_duplication,Silence in the Halls,हॉल में सन्नाटा,हॉल में में सन्नाटा,wmt24 sampled official pair with fragment_duplication
mt0699,Hindi,wmt24,en-hi,exact_match,"They couldn’t be more wrong. Ivory thought, walking toward the south wing, as the help roamed the walls whispering to each other. They don’t know what’s in there at all.","जब सेवक एक-दूसरे के कानों में फुसफुसाते हॉल्स में घूम रहे थे, दक्षिण विंग की ओर चलते हुए आइवरी सोच रही थी, वे इससे गलत नहीं हो सकते हैं। वे बिल्कुल भी नहीं जानते हैं कि उसमें क्या है।","जब सेवक एक-दूसरे के कानों में फुसफुसाते हॉल्स में घूम रहे थे, दक्षिण विंग की ओर चलते हुए आइवरी सोच रही थी, वे इससे गलत नहीं हो सकते हैं। वे बिल्कुल भी नहीं जानते हैं कि उसमें क्या है।",wmt24 sampled official pair with exact_match
mt0700,Hindi,wmt24,en-hi,punctuation_drop,"Knock knock. “Lady Kari, are you in there?” Ivory whispered to the intricate door, which was laid in snowflakes and a crown, the symbol of the royal family.","टक टक।""लेडी कारी, क्या आप अंदर हैं?"" शाही परिवार के चिह्न, हिम कण और एक मुकुट की पेचीदा सजावट वाले दरवाजे से आइवरी दबी आवाज में बोले।",टक टक।लेडी कारी क्या आप अंदर हैं शाही परिवार के चिह्न हिम कण और एक मुकुट की पेचीदा सजावट वाले दरवाजे से आइवरी दबी आवाज में बोले।,wmt24 sampled official pair with punctuation_drop
mt0701,Hindi,wmt24,en-hi,partial_truncation,"One tap came from inside. Yes, it seemed to say. Ivory shivered, from the cold and the sound. It felt kind of weird to Ivory hearing a noise coming from a presumably vacant room, even though they have been going into there for years.","अंदर से एक टैप आया। वह कह रहा था, हाँ। आइवरी थरथराए, ठंड से भी और आवाज़ से भी। आइवरी को संभवतः खाली कमरे से आवाज़ आती सुन कर अजीब लग रहा था, हालाँकि वे कई सालों से इसमें जा रहे हैं।","अंदर से एक टैप आया। वह कह रहा था, हाँ। आइवरी थरथराए, ठंड से भी और आवाज़ से भी। आइवरी को संभवतः खाली कमरे से आवाज़ आती सुन कर अजीब लग रहा",wmt24 sampled official pair with partial_truncation
mt0702,Hindi,wmt24,en-hi,middle_deletion,"The girl in the room was curled up onto her bed, currently wrapped in her comforter as she read one of her notebooks. A small lantern lighting up the space.","कमरे में लड़की अपने पलंग पर सिकुड़ कक पड़ी थी, अभी वह अपनी कोई कापी पढ़ते हुए अपने कंबल में लपटी हुई थी| एक छोटी लालटेन जगह को प्रकाशित कर रही थी।","कमरे में लड़की अपने पलंग पर सिकुड़ कक पड़ी थी, अभी वह अपनी कोई कापी पढ़ते अपने कंबल में लपटी हुई थी| एक छोटी लालटेन जगह को प्रकाशित कर रही थी।",wmt24 sampled official pair with middle_deletion
mt0703,Hindi,wmt24,en-hi,local_reordering,“See! Why me of all people? I’m the palace menace.” They hugged their arms.,"""देखो! सब लोगों में से हम ही क्यों? हम तो राजमहल के लिए एक कलंक हैं।"" उन्होंने सीने पर अपने हाथ रखे।","""देखो! सब लोगों में से हम ही क्यों? हम तो के राजमहल लिए एक कलंक हैं।"" उन्होंने सीने पर अपने हाथ रखे।",wmt24 sampled official pair with local_reordering
mt0704,Hindi,wmt24,en-hi,source_leakage,"“Well, One, we didn’t want to see what you had in mind for waking the company up today. Second, the first Shock Troops to get up get first pick of the morning chow” One of the men, Ravik, answered. “And you know for a fact how bad they can get”","“खैर, एक, हम यह जानना नहीं चाहते थे, कि आपने आज कंपनी को जगाने के लिए क्या सोचा था। दूसरे, पहले जागने वाले शॉकट्रूप्स को सुबह के खाने में से पहली चीज़ें मिलती हैं” आदमियों में से एक, राविक ने जवाब दिया। “और आप जानते हैं कि ये कितने बुरे हो सकते हैं”","“खैर, एक, हम यह जानना नहीं चाहते थे, कि आपने आज कंपनी को जगाने के लिए क्या सोचा था। दूसरे, पहले जागने वाले शॉकट्रूप्स को सुबह के खाने में से पहली चीज़ें मिलती हैं” आदमियों में से एक, राविक ने जवाब दिया। “और आप जानते हैं कि ये कितने बुरे हो सकते हैं” “Well, One,",wmt24 sampled official pair with source_leakage
mt0705,Hindi,wmt24,en-hi,fragment_duplication,"“You make a good point Specialist,” Cohren said. He reached in and flicked a switch. An alarm sounded inside of the barracks, loud and screeching. He heard muffled shouting inside and people stumbling about.","“तुम्हारा मुद्दा सही है, स्पेशियलिस्ट,” कोहरेन ने कहा। उसने हाथ अंदर बढ़ाया और एक स्विच दबा दिया। बराक के भीतर एक अलार्म बजा, ज़ोरों से, चीखता हुआ। उसने अंदर दबी हुई चिल्लाहट सुनी और लोगों को लड़खड़ाते हुए सुना।","“तुम्हारा मुद्दा सही है, स्पेशियलिस्ट,” कोहरेन ने कहा। उसने हाथ अंदर बढ़ाया और एक स्विच दबा दिया। बराक के भीतर भीतर एक अलार्म बजा, ज़ोरों से, चीखता हुआ। उसने अंदर दबी हुई चिल्लाहट सुनी और लोगों को लड़खड़ाते हुए सुना।",wmt24 sampled official pair with fragment_duplication
mt0706,Hindi,wmt24,en-hi,exact_match,"“Well my buddys from boot camp here did” Cohren motioned to Harris, Craith and Ravik. “But then again, their squad and platoon leader’s, they know to wake up before their units.","“देखो बूट कैंप के मेरे ये दोस्त सीख गए हैं” कोहरेन ने हेरिस क्रैथ और रेविक की ओर इशारा किया। “लेकिन फिर, उनके दल और प्लेटून लीडर के दल को अपने यूनिट से पहले जाग जाना चाहिए यह पता है।","“देखो बूट कैंप के मेरे ये दोस्त सीख गए हैं” कोहरेन ने हेरिस क्रैथ और रेविक की ओर इशारा किया। “लेकिन फिर, उनके दल और प्लेटून लीडर के दल को अपने यूनिट से पहले जाग जाना चाहिए यह पता है।",wmt24 sampled official pair with exact_match
mt0707,Hindi,wmt24,en-hi,punctuation_drop,"“A FOB outside Ianlos. We are being sent to help support the ground assault” Cohren answered, taking a drag from his cigarette. Half of him blamed Craith for getting him into smoking, but a year of combat does a lot to you, so he didn’t say anything.","""लानलोस के बाहर एक FOB में। हमें जमीन पर के हमले में मदद करने के लिए भेजा जा रहा है"" कोहरेन ने अपनी सिगरेट से एक कश लेते हुए जवाब दिया। उसे धूम्रपान की लत लगाने के लिए उसका आधा मन क्रैथ को दोष दे रहा था, लेकिन एक साल का युद्ध आपके साथ बहुत कुछ करता है, इसलिए उसने कुछ नहीं कहा।",लानलोस के बाहर एक FOB में। हमें जमीन पर के हमले में मदद करने के लिए भेजा जा रहा है कोहरेन ने अपनी सिगरेट से एक कश लेते हुए जवाब दिया। उसे धूम्रपान की लत लगाने के लिए उसका आधा मन क्रैथ को दोष दे रहा था लेकिन एक साल का युद्ध आपके साथ बहुत कुछ करता है इसलिए उसने कुछ नहीं कहा।,wmt24 sampled official pair with punctuation_drop
mt0708,Hindi,wmt24,en-hi,partial_truncation,"Walking up to the motor pool, Cohren and Nemic’s eye fell on a group of around eight Kronos Main Battle Tanks and four Strykers. Their crew milled about, making sure their war machines were ready to go. Cohren’s gaze soon found Captain Boradin Shaw, who was talking with the armored platoon’s commander. As they walked up, Shaw looked over and walked up, his usually cold face masking all emotions.","मोटर पूल तक चल कर जाते हुए कोहरेन और नेमिक की नज़र लगभग आठ क्रोनोस मुख्य युद्ध टैंक और चार स्ट्रायकरों पर पड़ी। उनका कर्मीदल उनके इर्दगिर्द घुमते हुए सुनिश्चित कर रहा था कि उनकी युद्ध की मशीनें जाने को तैयार थीं। कोहरेन की नज़र ने जल्दी ही कप्तान बोराडिन शॉ को खोज लिया, जो बख्तरबंद पलटन के कमांडर से बात कर रहा था। जैसे वह उनके पास पहुँचे, शॉ ने उनकी तरफ देखा और उनकी ओर चल दिया, उसका आम तौर पर भाव विहीन चेहरा सभी भावनाओं को छुपाए हुए था।","मोटर पूल तक चल कर जाते हुए कोहरेन और नेमिक की नज़र लगभग आठ क्रोनोस मुख्य युद्ध टैंक और चार स्ट्रायकरों पर पड़ी। उनका कर्मीदल उनके इर्दगिर्द घुमते हुए सुनिश्चित कर रहा था कि उनकी युद्ध की मशीनें जाने को तैयार थीं। कोहरेन की नज़र ने जल्दी ही कप्तान बोराडिन शॉ को खोज लिया, जो बख्तरबंद पलटन के कमांडर से बात कर रहा था। जैसे वह उनके पास पहुँचे,",wmt24 sampled official pair with partial_truncation
mt0709,Hindi,wmt24,en-hi,middle_deletion,"The company dispersed, joining together in their squads and their sergeants had them mount up on one of the tanks. Cohren pulled himself onto one of the tanks farther up on the convoy, joining Nemic, Craith, and two new recruits. Cohren remembered them arriving a few days ago, but didn’t know much about them. Sitting on the side, dangling his legs on the side, he adjusted his pack and radio set, which connected to his earpiece and throat mic.","जैसे ही उनके सार्जेंट ने उन्हें टैंकों पर चढ़ने का निर्देश दिया, कंपनी तितर-बितर हो गई, अपने दस्तों में इकट्ठा हो गई। कोहरेन नेमिक, क्रेथ और दो नए रंगरूटों के साथ जुड़कर काफिले में आगे एक टैंक पर चढ़ गए। कोहरेन को याद आया कि वे कुछ ही दिन पहले शामिल हुए थे, लेकिन उसे उनके बारे में बहुत कम पता था। अपने पैर लटकाकर एक तरफ बैठकर, उसने अपना पैक और रेडियो सेट एडजस्ट किया, जो उसके ईयरपीस और गले के माइक से जुड़ा था।","जैसे ही उनके सार्जेंट ने उन्हें टैंकों पर चढ़ने का निर्देश दिया, कंपनी तितर-बितर हो गई, अपने दस्तों में इकट्ठा हो गई। कोहरेन नेमिक, क्रेथ और दो नए रंगरूटों के साथ जुड़कर काफिले में आगे एक टैंक पर चढ़ गए। कोहरेन को याद कि वे कुछ ही दिन पहले शामिल हुए थे, लेकिन उसे उनके बारे में बहुत कम पता था। अपने पैर लटकाकर एक तरफ बैठकर, उसने अपना पैक और रेडियो सेट एडजस्ट किया, जो उसके ईयरपीस और गले के माइक से जुड़ा था।",wmt24 sampled official pair with middle_deletion
mt0710,Hindi,wmt24,en-hi,local_reordering,"“Hey Cohren, does Harris still have Snowball?” Nemic asks as they got settled in.","""अरे कोहरेन, क्या हैरीस के पास अभी भी स्नोबॉल है?"" बैठते समय नेमिक ने पूछा।","""अरे कोहरेन, क्या हैरीस के पास भी अभी स्नोबॉल है?"" बैठते समय नेमिक ने पूछा।",wmt24 sampled official pair with local_reordering
mt0711,Hindi,wmt24,en-hi,source_leakage,"“You say that now, but from what I have seen, most fresh eighteen year old recruits like yourself dive to cover as soon as you hear a gunshot” Craith stated.","""तुम अभी ऐसा कह रहे हो,"" क्रेथ ने टिप्पणी की, ""लेकिन मैंने देखा है, तुम जैसे अधिकांश नए अठारह वर्षीय रंगरूट बंदूक की गोली सुनते ही छिपने के लिए भाग खड़े होते हैं।""","""तुम अभी ऐसा कह रहे हो,"" क्रेथ ने टिप्पणी की, ""लेकिन मैंने देखा है, तुम जैसे अधिकांश नए अठारह वर्षीय रंगरूट बंदूक की गोली सुनते ही छिपने के लिए भाग खड़े होते हैं।"" “You say",wmt24 sampled official pair with source_leakage
mt0712,Hindi,wmt24,en-hi,fragment_duplication,"“Exodus XO, Exodus CO” Cohrens radio crackled. “We're picking up heat signatures 350 yards out, 20 degrees right”","कोहरेन का रेडियो गूंज उठा: ""एक्सोडस के अधिकारी ध्यान दें, हमें 350 गज की दूरी पर, दाईं ओर 20 डिग्री पर हीट सिग्नेचर का पता चला है।""","कोहरेन का रेडियो गूंज उठा: ""एक्सोडस के अधिकारी ध्यान दें, हमें 350 गज की की दूरी पर, दाईं ओर 20 डिग्री पर हीट सिग्नेचर का पता चला है।""",wmt24 sampled official pair with fragment_duplication
mt0713,Hindi,wmt24,en-hi,exact_match,"As they drew closer, the little heat signatures turned from blobs to more distinct shapes. As they drew closer, one of them ran for something and grabbed it before rusing back to the small ridge they were on. The figures dropped down into firing positions.","जैसे-जैसे वे करीब आते गए, छोटे-छोटे हीट सिग्नेचर बूंदों से बदल कर भिन्न आकृतियों में परिवर्तित हो गए। उनमें से एक छोटी पहाड़ी पर वापस जाने से पहले कुछ छीनने के लिए दौड़ा। इसके बाद वे आकृतियां गोलीबारी की स्थिति में आ गईं।","जैसे-जैसे वे करीब आते गए, छोटे-छोटे हीट सिग्नेचर बूंदों से बदल कर भिन्न आकृतियों में परिवर्तित हो गए। उनमें से एक छोटी पहाड़ी पर वापस जाने से पहले कुछ छीनने के लिए दौड़ा। इसके बाद वे आकृतियां गोलीबारी की स्थिति में आ गईं।",wmt24 sampled official pair with exact_match
mt0714,Hindi,wmt24,en-hi,punctuation_drop,"“Send in the Senti’s” Knoxx, who was watching the ridge through binocs, shouted. The back to one of the Cerberus’s opened and an unarmed soldier stepped out, wearing a special headset. He shouted orders into a square microphone and two Senti’s, formally known as Sentinels, rushed out. Their skinny metallic arms and legs swung forward as they broke into a sprint. They were armed, but their weapons were slung to their back.","""सेंटी तैनात करो!"" नॉक्स, दूरबीन के माध्यम से पहाड़ी का निरीक्षण करते हुए चिल्लाया। सेर्बेरस वाहनों में से एक का पिछला भाग खुला, और एक निहत्था सैनिक एक विशेष हेडसेट पहने हुए निकला। उन्होंने एक वर्गाकार माइक्रोफोन में आदेश जारी किए, और दो सेंट, जिन्हें औपचारिक रूप से सेंटिनल्स के रूप में जाना जाता है, धराशायी हो गए। जैसे ही वे तेजी से दौड़ने लगे, उनके पतले धातु अंग आगे की ओर झुक गए। हालांकि, वे सशस्त्र थे, फिर भी उनके हथियार उनकी पीठ पर लटके हुए थे।",सेंटी तैनात करो नॉक्स दूरबीन के माध्यम से पहाड़ी का निरीक्षण करते हुए चिल्लाया। सेर्बेरस वाहनों में से एक का पिछला भाग खुला और एक निहत्था सैनिक एक विशेष हेडसेट पहने हुए निकला। उन्होंने एक वर्गाकार माइक्रोफोन में आदेश जारी किए और दो सेंट जिन्हें औपचारिक रूप से सेंटिनल्स के रूप में जाना जाता है धराशायी हो गए। जैसे ही वे तेजी से दौड़ने लगे उनके पतले धातु अंग आगे की ओर झुक गए। हालांकि वे सशस्त्र थे फिर भी उनके हथियार उनकी पीठ पर लटके हुए थे।,wmt24 sampled official pair with punctuation_drop
mt0715,Hindi,wmt24,en-hi,partial_truncation,“Kill or capture?” Craith asked as they watched.,"यह घटना देखते समय क्रेथ ने पूछा, ""मारना है या पकड़ना है?""","यह घटना देखते समय क्रेथ ने पूछा, ""मारना है",wmt24 sampled official pair with partial_truncation
mt0716,Arabic,iwslt17,en-ar,exact_match,It was just lying on the surface.,كانت ملقاة على السطح.,كانت ملقاة على السطح.,iwslt17 sampled official pair with exact_match
mt0717,Arabic,iwslt17,en-ar,punctuation_drop,bone.,العظام.,العظام,iwslt17 sampled official pair with punctuation_drop
mt0718,Arabic,iwslt17,en-ar,partial_truncation,"LN: Huh. So over the next four years, she went to that spot over and over, and eventually collected 30 fragments of that exact same bone, most of them really tiny.",لطيف ناصر: على مدى السنوات الأربع التالية، ذهبت إلى الموقع مرارا وتكرارا، وجمعت في نهاية المطاف 30 شظية من نفس العظام، معظمها صغيرة حقا.,لطيف ناصر: على مدى السنوات الأربع التالية، ذهبت إلى الموقع مرارا وتكرارا، وجمعت في نهاية المطاف 30 شظية,iwslt17 sampled official pair with partial_truncation
mt0719,Arabic,iwslt17,en-ar,middle_deletion,NR: It's not a whole lot. It fits in a small Ziploc bag.,ناتاليا: ليست مجموعة كبيرة. إذ يسعها كيس زيبلوك الصغير.,ناتاليا: ليست مجموعة كبيرة. يسعها كيس زيبلوك الصغير.,iwslt17 sampled official pair with middle_deletion
mt0720,Arabic,iwslt17,en-ar,local_reordering,"NR: It's broken up into so many little tiny pieces, I'm trying to use sand and putty, and it's not looking good.",ناتاليا: كانت محطمة إلى عدة قطع صغيرة الحجم، حاولت استخدام الرمل والمعجون، لكن لا يبدو الأمر جيدا.,ناتاليا: كانت محطمة إلى عدة قطع صغيرة حاولت الحجم، استخدام الرمل والمعجون، لكن لا يبدو الأمر جيدا.,iwslt17 sampled official pair with local_reordering
mt0721,Arabic,iwslt17,en-ar,source_leakage,"And usually, after so many years, it breaks down.",وعادة، بعد سنوات عديدة، تنهار.,"وعادة، بعد سنوات عديدة، تنهار. And usually,",iwslt17 sampled official pair with source_leakage
mt0722,Arabic,iwslt17,en-ar,fragment_duplication,"But chances are the postcard image you have in your brain is one of these, the dromedary, quintessential desert creature -- hangs out in sandy, hot places like the Middle East and the Sahara, has a big old hump on its back for storing water for those long desert treks, has big, broad feet to help it tromp over sand dunes.",ولكن فرص أن تكون الصورة المرسومة في ذهنك هي صورة واحد من هؤلاء، الجمل الوحيد السنام، مخلوق الصحراء الجوهري-- يتسع في الأماكن الرملية الساخنة مثل الشرق الأوسط والصحراء، على ظهره حدبة قديمة كبيرة الحجم لتخزين الماء للرحلات الصحراوية الطويلة، لديها قدمين كبيرتين وعريضتين لمساعدتها على تسلق الكثبان الرملية.,ولكن فرص أن تكون الصورة المرسومة في ذهنك هي صورة واحد من هؤلاء، الجمل الوحيد السنام، مخلوق الصحراء الجوهري-- يتسع في الأماكن الرملية الساخنة مثل مثل الشرق الأوسط والصحراء، على ظهره حدبة قديمة كبيرة الحجم لتخزين الماء للرحلات الصحراوية الطويلة، لديها قدمين كبيرتين وعريضتين لمساعدتها على تسلق الكثبان الرملية.,iwslt17 sampled official pair with fragment_duplication
mt0723,Arabic,iwslt17,en-ar,exact_match,So those ones you probably would not recognize.,لذلك لن تتمكن من التعرف عليها ربما.,لذلك لن تتمكن من التعرف عليها ربما.,iwslt17 sampled official pair with exact_match
mt0724,Arabic,iwslt17,en-ar,punctuation_drop,"LN: And then about three to seven million years ago, one branch of camels went down to South America, where they became llamas and alpacas, and another branch crossed over the Bering Land Bridge into Asia and Africa.",لطيف ناصر: ومنذ حوالي ثلاثة أو سبعة ملايين سنة، اتجهت مجموعة من الجمال نحو أمريكا الجنوبية، حيث أصبحت لاما وألبكة، وعبرت مجموعة أخرى جسر يابسة بيرنجيا باتجاه آسيا وافريقيا.,لطيف ناصر ومنذ حوالي ثلاثة أو سبعة ملايين سنة اتجهت مجموعة من الجمال نحو أمريكا الجنوبية حيث أصبحت لاما وألبكة وعبرت مجموعة أخرى جسر يابسة بيرنجيا باتجاه آسيا وافريقيا,iwslt17 sampled official pair with punctuation_drop
mt0725,Arabic,iwslt17,en-ar,partial_truncation,You'd have blizzards.,وقد تضرب عواصف ثلجية.,وقد تضرب عواصف,iwslt17 sampled official pair with partial_truncation
mt0726,Arabic,iwslt17,en-ar,middle_deletion,"What if the very features that we imagine make the camel so well-suited to places like the Sahara, actually evolved to help it get through the winter?",ما إذا كانت الميزات التي نتصورها تجعل الجمل يتكيف في أماكن مثل الصحراء، تطورت في الواقع لمساعدته على مواجهة الشتاء؟,ما إذا كانت الميزات التي نتصورها تجعل الجمل يتكيف في مثل الصحراء، تطورت في الواقع لمساعدته على مواجهة الشتاء؟,iwslt17 sampled official pair with middle_deletion
mt0727,Arabic,iwslt17,en-ar,local_reordering,Today's computers are so amazing that we fail to notice how terrible they really are.,حواسيب اليوم مذهلة جداً لدرجة أننا نفشل في ملاحظة كم هي سيئة.,حواسيب اليوم مذهلة جداً لدرجة نفشل أننا في ملاحظة كم هي سيئة.,iwslt17 sampled official pair with local_reordering
mt0728,Arabic,iwslt17,en-ar,source_leakage,"And the more I thought of it, the more I realized it was clearly not the digital information that was the bad guy here, it was simply the display position that was separating me from my friend and that was binding those kids together.",و كلما تمعنت في الأمر إلا و أدركت أن العامل السلبي في المعادلة لم يكن المعلومات الرقمية، بل كان ببساطة موضع الشاشة التي كانت تفصلني عن صديقي و كانت تجمع ما بين أولئك الأولاد.,و كلما تمعنت في الأمر إلا و أدركت أن العامل السلبي في المعادلة لم يكن المعلومات الرقمية، بل كان ببساطة موضع الشاشة التي كانت تفصلني عن صديقي و كانت تجمع ما بين أولئك الأولاد. And the,iwslt17 sampled official pair with source_leakage
mt0729,Arabic,iwslt17,en-ar,fragment_duplication,They should extend our bodies.,دورها يكمن في مد قدرات أجسامنا.,دورها يكمن في مد مد قدرات أجسامنا.,iwslt17 sampled official pair with fragment_duplication
mt0730,Arabic,iwslt17,en-ar,exact_match,You could put your holographic Tesla that you're shopping for -- or whatever model my legal team told me to put in right before the show.,"تستطيعون وضع مجسم سيارة ""تيسلا"" الذي تودون شراءه -- أو مهما كان الذي طلب مني فريقي القانوني وضعه قبل العرض.","تستطيعون وضع مجسم سيارة ""تيسلا"" الذي تودون شراءه -- أو مهما كان الذي طلب مني فريقي القانوني وضعه قبل العرض.",iwslt17 sampled official pair with exact_match
mt0731,Arabic,iwslt17,en-ar,punctuation_drop,And that's exactly how the natural machine should work as well.,و هذا بالضبط كيف يجب أن تعمل الآلة الطبيعية.,و هذا بالضبط كيف يجب أن تعمل الآلة الطبيعية,iwslt17 sampled official pair with punctuation_drop
mt0732,Arabic,iwslt17,en-ar,partial_truncation,But it's not enough to experience things ourselves.,لكنها غير كافية لتجربة الأشياء بأنفسنا.,لكنها غير كافية لتجربة,iwslt17 sampled official pair with partial_truncation
mt0733,Arabic,iwslt17,en-ar,middle_deletion,We're inherently these social primates.,فنحن من الرئيسيات الإجتماعية.,فنحن من الإجتماعية.,iwslt17 sampled official pair with middle_deletion
mt0734,Arabic,iwslt17,en-ar,local_reordering,Thank you so much.,شكرا جزيلا لك.,جزيشكرالا لك.,iwslt17 sampled official pair with local_reordering
mt0735,Arabic,iwslt17,en-ar,source_leakage,Ray: You're welcome.,: على الرحب و السعة.,: على الرحب و السعة. Ray: You're,iwslt17 sampled official pair with source_leakage
mt0736,Arabic,iwslt17,en-ar,fragment_duplication,"Which is why all hundred of us at Meta, including the administrative staff, the executives, the designers, the engineers -- before TED2017, we're all going to be throwing away our external monitors and replacing them with a truly and profoundly more natural machine.",لهذا جميع الأشخاص المئة في شركة ميتا، بما فيهم فريق الإدارة، المدراء التنفيذيون، و المصممون و المهندسون -- و قبل مؤتمر TED2017، سنرمي شاشات حواسيبنا و نستبدلها بآلة طبيعية بحق.,لهذا جميع الأشخاص المئة في شركة ميتا، بما فيهم فريق الإدارة، المدراء التنفيذيون، و المصممون و و المهندسون -- و قبل مؤتمر TED2017، سنرمي شاشات حواسيبنا و نستبدلها بآلة طبيعية بحق.,iwslt17 sampled official pair with fragment_duplication
mt0737,Arabic,iwslt17,en-ar,exact_match,"Chris Anderson: So help me out on one thing, because there've been a few augmented reality demos shown over the last year or so out there.",: أطلعني على شيء واحد. لأنه قدمت القليل من العروض التوضيحية عن الواقع المعزز على مدار السنة الماضية تقريبا.,: أطلعني على شيء واحد. لأنه قدمت القليل من العروض التوضيحية عن الواقع المعزز على مدار السنة الماضية تقريبا.,iwslt17 sampled official pair with exact_match
mt0738,Arabic,iwslt17,en-ar,punctuation_drop,"There's this issue of field of view, that somehow the technology is showing a broader view than you would actually see wearing the glasses.",هناك مسألة متعلقة بمجال الرؤية، بطرقة ما ترينا التكنولوجيا رؤية أوسع مما يمكن أن تراه عبر النظارة.,هناك مسألة متعلقة بمجال الرؤية بطرقة ما ترينا التكنولوجيا رؤية أوسع مما يمكن أن تراه عبر النظارة,iwslt17 sampled official pair with punctuation_drop
mt0739,Arabic,iwslt17,en-ar,partial_truncation,It wasn't their dream.,لم يكن حلمهما.,لم يكن حلم,iwslt17 sampled official pair with partial_truncation
mt0740,Arabic,iwslt17,en-ar,middle_deletion,"They used to tell their neighbors and friends, ""Our son, he's taking a gap decade.""","إعتادا إخبار جيرانهم و أصدقائهم، ""ابننا، في استراحة لمدة عقد.""","إعتادا إخبار جيرانهم و أصدقائهم، في استراحة لمدة عقد.""",iwslt17 sampled official pair with middle_deletion
mt0741,Arabic,iwslt17,en-ar,local_reordering,"Because if you don't know why, you can't do it again.",فإن لم تعرف لماذا؟ لن تستطيع القيام بذلك مرة أخرى.,فإن لم تعرف لماذا؟ تستطيع لن القيام بذلك مرة أخرى.,iwslt17 sampled official pair with local_reordering
mt0742,Arabic,iwslt17,en-ar,source_leakage,"And it wasn't a political answer, because I didn't care.",ولم تكن إجابة سياسية، لانني لم أهتم.,ولم تكن إجابة سياسية، لانني لم أهتم. And it,iwslt17 sampled official pair with source_leakage
mt0743,Arabic,iwslt17,en-ar,fragment_duplication,There are five reasons that two billion of our brothers and sisters have been pulled out of poverty since I was a kid.,هذه 5 أسباب لأخراج مليارين من إخواننا وأخواتنا من الفقر منذ أن كنت طفلا.,هذه 5 أسباب لأخراج مليارين من إخواننا وأخواتنا وأخواتنا من الفقر منذ أن كنت طفلا.,iwslt17 sampled official pair with fragment_duplication
mt0744,Arabic,iwslt17,en-ar,exact_match,"Now, I'm not naive.",حاليا، لست ساذجا.,حاليا، لست ساذجا.,iwslt17 sampled official pair with exact_match
mt0745,Arabic,iwslt17,en-ar,punctuation_drop,"But more than that, I said, ""What an opportunity.""","ولكن أكثر من ذلك، قلت، ""يا لها من فرصة""",ولكن أكثر من ذلك قلت يا لها من فرصة,iwslt17 sampled official pair with punctuation_drop
mt0746,Arabic,iwslt17,en-ar,partial_truncation,"It's risen to critical, crisis levels.",وقد ارتفعت إلى مستويات الأزمة الحرجة.,وقد ارتفعت إلى مستويات,iwslt17 sampled official pair with partial_truncation
mt0747,Arabic,iwslt17,en-ar,middle_deletion,It's common in world conflict.,هذا شائع في النزاع العالمي.,هذا شائع النزاع العالمي.,iwslt17 sampled official pair with middle_deletion
mt0748,Arabic,iwslt17,en-ar,local_reordering,A majority of people in our country today who are politically active believe that they are motivated by love but the other side is motivated by hate.,أغلبية الأشخاص اليوم من الناشطين سياسيا في بلادنا يعتقدون بأنهم يتحركون بدافع الحب بينما دافع الجهة الأخرى هو الكره.,أغلبية الأشخاص اليوم من الناشطين سياسيا في بلادنا بأنهم يعتقدون يتحركون بدافع الحب بينما دافع الجهة الأخرى هو الكره.,iwslt17 sampled official pair with local_reordering
mt0749,Arabic,iwslt17,en-ar,source_leakage,He's a psychology professor at New York University.,هو طبيب في علم النفس في جامعة نيويورك.,هو طبيب في علم النفس في جامعة نيويورك. He's a,iwslt17 sampled official pair with source_leakage
mt0750,Arabic,iwslt17,en-ar,fragment_duplication,"And he's shown, for example, that conservatives and liberals have a very different emphasis on what they think is important.",وقد أثبت مثلا أن المحافظين والليبراليين لديهم أهميات مختلفة في ما يعتقدون أنها مهمة.,وقد أثبت مثلا أن المحافظين والليبراليين لديهم أهميات أهميات مختلفة في ما يعتقدون أنها مهمة.,iwslt17 sampled official pair with fragment_duplication
mt0751,Arabic,iwslt17,en-ar,exact_match,And conservatives care about economic liberty 28 percent more than they care about poverty.,ويهتم المحافظون بالحرية الاقتصادية بنسبة 28 بالمائة أكثر من اهتمامهم بالفقر.,ويهتم المحافظون بالحرية الاقتصادية بنسبة 28 بالمائة أكثر من اهتمامهم بالفقر.,iwslt17 sampled official pair with exact_match
mt0752,Arabic,iwslt17,en-ar,punctuation_drop,Hmm.,همممم.,همممم,iwslt17 sampled official pair with punctuation_drop
mt0753,Arabic,iwslt17,en-ar,partial_truncation,"It's a tricky thing, isn't it.",إنه شيء محيّر، أليس كذلك؟,إنه شيء محيّر، أليس,iwslt17 sampled official pair with partial_truncation
mt0754,Arabic,iwslt17,en-ar,middle_deletion,We need to be less predictable.,ينبغي أن نكون أقل قابلية للتنبؤ بها.,ينبغي أن نكون قابلية للتنبؤ بها.,iwslt17 sampled official pair with middle_deletion
mt0755,Arabic,iwslt17,en-ar,local_reordering,Do you ever feel like your own ideology is starting to get predictable?,هل تشعر بأن عقيدتك بدأت تصبح قابلة للتنبؤ ؟,هل تشعر بأن بدأت عقيدتك تصبح قابلة للتنبؤ ؟,iwslt17 sampled official pair with local_reordering
mt0756,Arabic,iwslt17,en-ar,source_leakage,"Because when we talk in this country about economics, on the right, conservatives, you're always talking about taxes and regulations and big government.",لأننا عندما نتحدث في هذا البلد حول الاقتصاديات، على اليمبن، المحافظين، أنتم دائما تتحدثون عن الضرائب والقوانين والحكومة الكبيرة.,لأننا عندما نتحدث في هذا البلد حول الاقتصاديات، على اليمبن، المحافظين، أنتم دائما تتحدثون عن الضرائب والقوانين والحكومة الكبيرة. Because when,iwslt17 sampled official pair with source_leakage
mt0757,Arabic,iwslt17,en-ar,fragment_duplication,And the second is that we might just be able to take the ghastly holy war of ideology that we're suffering under in this country and turn it into a competition of ideas based on solidarity and mutual respect.,وثانيا، فإننا قد نكون قادرين على تغيير الحرب الإيديولوجية المقدسة الرهيبة التي نُعاني منها في هذا البلد وتحويلها إلى تنافس في الأفكار أساسه التضامن والاحترام المتبادل.,وثانيا، فإننا قد نكون قادرين على تغيير الحرب الإيديولوجية المقدسة الرهيبة التي نُعاني منها منها في هذا البلد وتحويلها إلى تنافس في الأفكار أساسه التضامن والاحترام المتبادل.,iwslt17 sampled official pair with fragment_duplication
mt0758,Arabic,iwslt17,en-ar,exact_match,"So in college, I was a government major, which means I had to write a lot of papers.",عندما كنت في الجامعة .. كان تخصصي في العمل الحكومي ما يعني أن علي كتابة الكثير من الأوراق،,عندما كنت في الجامعة .. كان تخصصي في العمل الحكومي ما يعني أن علي كتابة الكثير من الأوراق،,iwslt17 sampled official pair with exact_match
mt0759,Arabic,iwslt17,en-ar,punctuation_drop,"But then came my 90-page senior thesis, a paper you're supposed to spend a year on.",إلى أن طلب مني كتابة أطروحة التخرج من 90 صفحة ، ورقة من المفترض أن نعمل عليها طوال العام !,إلى أن طلب مني كتابة أطروحة التخرج من 90 صفحة ورقة من المفترض أن نعمل عليها طوال العام,iwslt17 sampled official pair with punctuation_drop
mt0760,Arabic,iwslt17,en-ar,partial_truncation,That did not happen.,هذا لم يحصل في الحقيقة ،,هذا لم يحصل في,iwslt17 sampled official pair with partial_truncation
mt0761,Arabic,iwslt17,en-ar,middle_deletion,here's my brain.,هنا صورة مخي .,هنا صورة .,iwslt17 sampled official pair with middle_deletion
mt0762,Arabic,iwslt17,en-ar,local_reordering,"Now, what does this mean for the procrastinator?",الآن ، ماذا يعني هذا للمسوف ؟,الآن ، يعني ماذا هذا للمسوف ؟,iwslt17 sampled official pair with local_reordering
mt0763,Arabic,iwslt17,en-ar,source_leakage,"[This is a perfect time to get some work done.] [Nope!] So the Rational Decision-Maker will make the rational decision to do something productive, but the Monkey doesn't like that plan, so he actually takes the wheel, and he says, ""Actually, let's read the entire Wikipedia page of the Nancy Kerrigan/ Tonya Harding scandal, because I just remembered that that happened.","الرجل: ""هذا هو الوقت المثالي لإنجاز العمل"" القرد : ""لا!"" إذا سيقوم بالقيام بشيء مفيد و منتج . لكن القرد لا تعجبه الخطة، فيأخذ القرد العجلة و يقول : لماذا لا نقرأ صفحة ويكيبيديا كاملة عن فضيحة نانسي و تونيا لأنني تذكرت للتو أن هذا حصل !","الرجل: ""هذا هو الوقت المثالي لإنجاز العمل"" القرد : ""لا!"" إذا سيقوم بالقيام بشيء مفيد و منتج . لكن القرد لا تعجبه الخطة، فيأخذ القرد العجلة و يقول : لماذا لا نقرأ صفحة ويكيبيديا كاملة عن فضيحة نانسي و تونيا لأنني تذكرت للتو أن هذا حصل ! [This is",iwslt17 sampled official pair with source_leakage
mt0764,Arabic,iwslt17,en-ar,fragment_duplication,"After that, we're going to go on a YouTube spiral that starts with videos of Richard Feynman talking about magnets and ends much, much later with us watching interviews with Justin Bieber's mom.",بعد ذلك ، سندخل دوامة اليوتيوب التي تبدأ بفيديوهات عن ريتشارد فاينمان يتحدث عن المغناطيس و تنتهي بعد فترة طويلة جدًا بمشاهدة مقابلات مع أم جاستن بيبر ..,بعد ذلك ، سندخل دوامة اليوتيوب التي تبدأ بفيديوهات عن ريتشارد فاينمان يتحدث عن المغناطيس المغناطيس و تنتهي بعد فترة طويلة جدًا بمشاهدة مقابلات مع أم جاستن بيبر ..,iwslt17 sampled official pair with fragment_duplication
mt0765,Arabic,iwslt17,en-ar,exact_match,"He has no memory of the past, no knowledge of the future, and he only cares about two things: easy and fun.","لا يوجد لديه ذاكرة للماضي و لا أدنى معرفة بالمستقبل .. هو يهتم بشيئين فقط : ""سهل و ممتع""","لا يوجد لديه ذاكرة للماضي و لا أدنى معرفة بالمستقبل .. هو يهتم بشيئين فقط : ""سهل و ممتع""",iwslt17 sampled official pair with exact_match
mt0766,Arabic,iwslt17,en-ar,punctuation_drop,We can make long-term plans.,و نستطيع القيام بخطط طويلة المدى ..,و نستطيع القيام بخطط طويلة المدى,iwslt17 sampled official pair with punctuation_drop
mt0767,Arabic,iwslt17,en-ar,partial_truncation,"And the question is, in this situation, with the Monkey behind the wheel, how does the procrastinator ever get himself over here to this blue zone, a less pleasant place, but where really important things happen?",و السؤال عندما يكون القرد خلف العجلة هو : كيف ينقل المسوِّف نفسه إلى المنطقة الزرقاء ، منطقة تحدث فيها أشياء أقل مرح و سهولة لكنها أهم بكثير ..,و السؤال عندما يكون القرد خلف العجلة هو : كيف ينقل المسوِّف نفسه إلى المنطقة الزرقاء ، منطقة تحدث فيها أشياء أقل,iwslt17 sampled official pair with partial_truncation
mt0768,Arabic,iwslt17,en-ar,middle_deletion,"As six months turned into four and then two and then one, the people of TED decided to release the speakers.",تحولت 6 شهور إلى 4 ثم إلى 2 ثم إلى شهر واحد.. قرر مؤتمر TED إعلان المتحدثين في المؤتمر ،,تحولت 6 شهور إلى 4 ثم إلى 2 ثم إلى واحد.. قرر مؤتمر TED إعلان المتحدثين في المؤتمر ،,iwslt17 sampled official pair with middle_deletion
mt0769,Arabic,iwslt17,en-ar,local_reordering,"And I thought, that's why those people are emailing, and that's why they're in such a bad place.",ففكرت : لهذا هؤلاء الناس يراسلونني ، و لهذا هم في حالة سيئة كهذه .,ففكرت : لهذا هؤلاء الناس يراسلونني و ، لهذا هم في حالة سيئة كهذه .,iwslt17 sampled official pair with local_reordering
mt0770,Arabic,iwslt17,en-ar,source_leakage,The frustration is not that they couldn't achieve their dreams; it's that they weren't even able to start chasing them.,إحباطهم لا يأتي من عدم تحقيق أحلامهم ، بل لأنهم لم يستطيعوا السعي لها من الأساس .,إحباطهم لا يأتي من عدم تحقيق أحلامهم ، بل لأنهم لم يستطيعوا السعي لها من الأساس . The frustration,iwslt17 sampled official pair with source_leakage
mt0771,Arabic,iwslt17,en-ar,fragment_duplication,"There we were, souls and bodies packed into a Texas church on the last night of our lives.",كنا هناك، أرواحًا وأجسادًا مكتظة في كنيسة تكساس في الليلة الأخيرة من حياتنا.,كنا هناك، أرواحًا وأجسادًا مكتظة في كنيسة كنيسة تكساس في الليلة الأخيرة من حياتنا.,iwslt17 sampled official pair with fragment_duplication
mt0772,Arabic,iwslt17,en-ar,exact_match,"This was December 31, 1999, the night of the Second Coming of Christ, and the end of the world as I knew it.",كان هذا 31 ديسمبر من عام 1999، ليلة المجيء الثاني للمسيح، ونهاية العالم كما أعرفه.,كان هذا 31 ديسمبر من عام 1999، ليلة المجيء الثاني للمسيح، ونهاية العالم كما أعرفه.,iwslt17 sampled official pair with exact_match
mt0773,Arabic,iwslt17,en-ar,punctuation_drop,So I went to church as often as I could.,ولهذا كنت أذهب للكنيسة على قدر استطاعتي.,ولهذا كنت أذهب للكنيسة على قدر استطاعتي,iwslt17 sampled official pair with punctuation_drop
mt0774,Arabic,iwslt17,en-ar,partial_truncation,"I listened for silence as anxiously as one might listen for noise, trying to be sure that the Lord hadn't pulled a fast one on me and decided to come back early.",أنصت إلى السكون بنفس اللهفة التي قد ينصت بها شخص إلى الضجة، محاولًا أن أتأكد من أن الرب لم يخدعني فقررت أن أعود مبكرًا.,أنصت إلى السكون بنفس اللهفة التي قد ينصت بها شخص إلى الضجة، محاولًا أن أتأكد من أن الرب,iwslt17 sampled official pair with partial_truncation
mt0775,Arabic,iwslt17,en-ar,middle_deletion,"They had waited their whole lives for this moment, just as their medieval predecessors had longed for the end of the world, and just as my grandmother waited for the Oprah Winfrey Show to come on Channel 8 every day at 4 o'clock.",لقد انتظروا حياتهم بأكملها من أجل تلك اللحظة، تمامًا كما تاق أسلافهم من العصور الوسطي إلى نهاية العالم، وتمامًا كما كانت جدتي تنتظر برنامج أوبرا وينفري على القناة الثامنة كل يوم في الساعة الرابعة.,لقد انتظروا حياتهم بأكملها من أجل تلك اللحظة، تمامًا كما تاق أسلافهم من العصور الوسطي إلى نهاية وتمامًا كما كانت جدتي تنتظر برنامج أوبرا وينفري على القناة الثامنة كل يوم في الساعة الرابعة.,iwslt17 sampled official pair with middle_deletion
mt0776,Arabic,iwslt17,en-ar,local_reordering,I just believed a new thing: that it was possible not to believe.,ولكنني آمنت بشيء جديد: أنه من الممكن ألا تؤمن.,ولكنني آمنت بشيء أنه جديد: من الممكن ألا تؤمن.,iwslt17 sampled official pair with local_reordering
mt0777,Arabic,iwslt17,en-ar,source_leakage,I held on when I showed up at Lehman Brothers as an intern in 2008.,لقد صمدت حينما حضرت كمتدرب في بنك ليمان براذرز عام 2008.,لقد صمدت حينما حضرت كمتدرب في بنك ليمان براذرز عام 2008. I held,iwslt17 sampled official pair with source_leakage
mt0778,Arabic,iwslt17,en-ar,fragment_duplication,"I had knelt faithfully at the altar of the American Dream, praying to the gods of my time of success, and money, and power.",لقد ركعت بإخلاص أمام مذبح الحلم الأمريكي، مبتهلًا إلى آلهة زماني بالنجاح، والمال، والسلطة.,لقد ركعت بإخلاص أمام مذبح الحلم الأمريكي، مبتهلًا مبتهلًا إلى آلهة زماني بالنجاح، والمال، والسلطة.,iwslt17 sampled official pair with fragment_duplication
mt0779,Arabic,iwslt17,en-ar,exact_match,"But if I'm being honest, it also spread because I fought to spread it.",ولكن حتى أكون صادقًا، لقد انتشرت لأنني حاربت كي تنتشر.,ولكن حتى أكون صادقًا، لقد انتشرت لأنني حاربت كي تنتشر.,iwslt17 sampled official pair with exact_match
mt0780,Arabic,iwslt17,en-ar,punctuation_drop,"But this time, the false savior was me.",لكن هذه المرة، كنت أنا المخلص الزائف.,لكن هذه المرة كنت أنا المخلص الزائف,iwslt17 sampled official pair with punctuation_drop
mt0781,Arabic,iwslt17,en-ar,partial_truncation,"I do not have a gospel of faith to share with you today, in fact.",إنني اليوم لا أملك انجيل الإيمان لكي أشارككم إياه.,إنني اليوم لا أملك انجيل الإيمان لكي,iwslt17 sampled official pair with partial_truncation
mt0782,Arabic,iwslt17,en-ar,middle_deletion,I have and I offer a gospel of doubt.,في الواقع إن ما لدى وما أعرضه هو إنجيل الشك.,في الواقع إن ما لدى أعرضه هو إنجيل الشك.,iwslt17 sampled official pair with middle_deletion
mt0783,Arabic,iwslt17,en-ar,local_reordering,"It is possible the answers we have are wrong, it is possible the questions themselves are wrong.",أنه من الممكن أن الإجابات التي لدينا خاطئة أنه من الممكن أن تكون الأسئلة نفسها خاطئة،,أنه من الممكن أن الإجابات التي لدينا أنه خاطئة من الممكن أن تكون الأسئلة نفسها خاطئة،,iwslt17 sampled official pair with local_reordering
mt0784,Arabic,iwslt17,en-ar,source_leakage,"Some places in the world it's too little food, maybe too much.",قلة الغذاء في بعض مناطق العالم أو قد يكون كثيرا..,قلة الغذاء في بعض مناطق العالم أو قد يكون كثيرا.. Some places,iwslt17 sampled official pair with source_leakage
mt0785,Arabic,iwslt17,en-ar,fragment_duplication,They go on and on.,و تستمر هكذا أبدا.,و تستمر هكذا هكذا أبدا.,iwslt17 sampled official pair with fragment_duplication
mt0786,Arabic,iwslt17,en-ar,exact_match,Two months?,شهرين؟,شهرين؟,iwslt17 sampled official pair with exact_match
mt0787,Arabic,iwslt17,en-ar,punctuation_drop,It's basically a little ball of sugar.,فتصبح فعلياّ مجرد كرة سكر.,فتصبح فعلياّ مجرد كرة سكر,iwslt17 sampled official pair with punctuation_drop
mt0788,Arabic,iwslt17,en-ar,partial_truncation,How did we get so information poor and how can we do better?,كيف أصبحنا قليلي المعلومات لهذه الدرجة و كيف يمكننا أن نتحسن؟,كيف أصبحنا قليلي المعلومات لهذه الدرجة و كيف,iwslt17 sampled official pair with partial_truncation
mt0789,Arabic,iwslt17,en-ar,middle_deletion,"For me, I questioned: What if climate was democratic?","بالنسبة لي, سألت: ماذا لو أن المناخ ديمقراطي؟","بالنسبة لي, سألت: ماذا أن المناخ ديمقراطي؟",iwslt17 sampled official pair with middle_deletion
mt0790,Arabic,iwslt17,en-ar,local_reordering,What would that change about quality of life and nutrition?,ماذا سيغير هذا بجودة الحياة و الغذاء؟,ماذا سيغير بجودة هذا الحياة و الغذاء؟,iwslt17 sampled official pair with local_reordering
mt0791,Arabic,iwslt17,en-ar,source_leakage,We built a huge analog farm.,لقد بنينا نموذج عملاق لمزرعة,لقد بنينا نموذج عملاق لمزرعة We built,iwslt17 sampled official pair with source_leakage
mt0792,Arabic,iwslt17,en-ar,fragment_duplication,But it's not unique to Japan.,لكن هذا ليس فريدا لليابان.,لكن هذا ليس ليس فريدا لليابان.,iwslt17 sampled official pair with fragment_duplication
mt0793,Arabic,iwslt17,en-ar,exact_match,"Beautiful, white roots, deep, green colors and a monthly harvest.","جذور بيضاء جميلة, ألوان خضراء عميقة و حصاد شهري.","جذور بيضاء جميلة, ألوان خضراء عميقة و حصاد شهري.",iwslt17 sampled official pair with exact_match
mt0794,Arabic,iwslt17,en-ar,punctuation_drop,"In that process we would bring the plants out and we would take some back to the lab, because if you grew it, you don't throw it away; it's kind of precious to you.","في هذه العملية سوف نخرج النباتات و سوف نأخذ البعض منها الى المختبر, لأنه عندما تزرعها و تربيها, لا ترميها; انها نوعا ما ثمينة لك.",في هذه العملية سوف نخرج النباتات و سوف نأخذ البعض منها الى المختبر لأنه عندما تزرعها و تربيها لا ترميها انها نوعا ما ثمينة لك,iwslt17 sampled official pair with punctuation_drop
mt0795,Arabic,iwslt17,en-ar,partial_truncation,So we thought other people needed to be able to try this.,ففكرنا أن الأشخاص الاخرون يحتاجون للقيام بتجربة هذا.,ففكرنا أن الأشخاص الاخرون يحتاجون للقيام,iwslt17 sampled official pair with partial_truncation
mt0796,Arabic,iwslt17,en-ar,middle_deletion,And then we built it.,ثم صنعناه.,ثم صنناه.,iwslt17 sampled official pair with middle_deletion
mt0797,Arabic,iwslt17,en-ar,local_reordering,We have IP-addressable broccoli.,لدينا بروكلي لديها عنوان بروتوكول الانترنت.,لدينا بروكلي عنوان لديها بروتوكول الانترنت.,iwslt17 sampled official pair with local_reordering
mt0798,Arabic,iwslt17,en-ar,source_leakage,We're going to learn about a complexity that we can only guess at now.,سنتعلم عن تعقيدات لا نزال نخمن بعضها الآن.,سنتعلم عن تعقيدات لا نزال نخمن بعضها الآن. We're going,iwslt17 sampled official pair with source_leakage
mt0799,Arabic,iwslt17,en-ar,fragment_duplication,Do you know that we have rare and ancient seed banks?,هل تعلمون بأن لدينا مخازن للبذور النادرة و القديمة؟,هل تعلمون بأن لدينا مخازن مخازن للبذور النادرة و القديمة؟,iwslt17 sampled official pair with fragment_duplication
mt0800,Arabic,iwslt17,en-ar,exact_match,"And I said, ""Oh, it's water in air.""","فقلت, ""ها, إنها الماء الذي في الهواء.""","فقلت, ""ها, إنها الماء الذي في الهواء.""",iwslt17 sampled official pair with exact_match
mt0801,Arabic,iwslt17,en-ar,punctuation_drop,"It kills people.""","أليس سيئا؟""",أليس سيئا,iwslt17 sampled official pair with punctuation_drop
mt0802,Arabic,iwslt17,en-ar,partial_truncation,Take a look at it.,أنظروا إليها جيدا.,أنظروا إليها ج,iwslt17 sampled official pair with partial_truncation
mt0803,Arabic,iwslt17,en-ar,middle_deletion,"We're in that weird ""We're alright"" stage and it's like, ""Here's my black box --"" ""No, buy mine.""","لقد وصلنا حالة ""كل شيء جيد"" الغريبة و هي مثل من يقول ""هذا صندوقي الاسود --"" و ""كلا بل أشتروا صندوقي.""","لقد وصلنا حالة ""كل شيء جيد"" الغريبة و هي مثل يقول ""هذا صندوقي الاسود --"" و ""كلا بل أشتروا صندوقي.""",iwslt17 sampled official pair with middle_deletion
mt0804,Arabic,iwslt17,en-ar,local_reordering,The future of food is not about fighting over what's wrong with this.,إن مستقبل الغذاء ليس القتال على ما هو السيء في هذا.,إن مستقبل الغذاء ليس على القتال ما هو السيء في هذا.,iwslt17 sampled official pair with local_reordering
mt0805,Arabic,iwslt17,en-ar,source_leakage,"We proclaim our liberal values in opposition to fundamentalist Islam, and yet -- we have repressive policies that detain child asylum seekers, that separate children from their families, and that seize property from refugees.",نحن نصرح بالقيم الليبرالية التي لدينا في معارضة الإسلام المتعصب ، ولكن -- لدينا سياسات قمعية تعيق طالبي اللجوء الأطفال، وتفرق بين الأطفال وأسرهم ، وتحتجز ممتلكات اللاجئين .,نحن نصرح بالقيم الليبرالية التي لدينا في معارضة الإسلام المتعصب ، ولكن -- لدينا سياسات قمعية تعيق طالبي اللجوء الأطفال، وتفرق بين الأطفال وأسرهم ، وتحتجز ممتلكات اللاجئين . We proclaim,iwslt17 sampled official pair with source_leakage
mt0806,Arabic,iwslt17,en-ar,fragment_duplication,And so Amira can't go back there.,و هكذا فإن أميرة لا يمكن لها أن تذهب إلى هناك.,و هكذا فإن أميرة لا يمكن يمكن لها أن تذهب إلى هناك.,iwslt17 sampled official pair with fragment_duplication
mt0807,Arabic,iwslt17,en-ar,exact_match,There's restricted economic activity.,هناك نشاط اقتصادي مقيد.,هناك نشاط اقتصادي مقيد.,iwslt17 sampled official pair with exact_match
mt0808,Arabic,iwslt17,en-ar,punctuation_drop,"Alternatively, Amira can head to an urban area in a neighboring country, like Amman or Beirut.",وبدلا من ذلك، بإمكان أميرة الذهاب إلى المناطق الحضرية الى مدن مجاور، مثل عمان أو بيروت.,وبدلا من ذلك بإمكان أميرة الذهاب إلى المناطق الحضرية الى مدن مجاور مثل عمان أو بيروت,iwslt17 sampled official pair with punctuation_drop
mt0809,Arabic,iwslt17,en-ar,partial_truncation,"Around the world, we present refugees with an almost impossible choice between three options: encampment, urban destitution and dangerous journeys.",فحول العالم ،نحن نواجه لاجئين في الغالب ليس لديهم خيار آخر بين الخيارات الثلاثة وهي المخيم أو الفقر في المناطق الحضرية المجاورة أو رحلة محفوفة بالمخاطر .,فحول العالم ،نحن نواجه لاجئين في الغالب ليس لديهم خيار آخر بين الخيارات الثلاثة وهي المخيم أو الفقر في المناطق,iwslt17 sampled official pair with partial_truncation
mt0810,Arabic,iwslt17,en-ar,middle_deletion,"The reason why we limit those options is because we think that those are the only options that are available to refugees, and they're not.",والسبب وراء تقليص هذه الخيارات راجع الى أننا نعتقد أن تلك هي الخيارات الوحيدة التي تتوفر للاجئين، ولا يوجد خيارات سواها .,والسبب وراء تقليص هذه الخيارات راجع الى أننا نعتقد أن تلك الخيارات الوحيدة التي تتوفر للاجئين، ولا يوجد خيارات سواها .,iwslt17 sampled official pair with middle_deletion
mt0811,Arabic,iwslt17,en-ar,local_reordering,We tend to have a collective assumption that refugees are an inevitable cost or burden to society.,نحن نميل الى افتراض جماعي بأن اللاجئين هم تكلفة لا مفر منها أو عبئا على المجتمع.,نحن نميل الى افتراض جماعي بأن اللاجئين تكلفة هم لا مفر منها أو عبئا على المجتمع.,iwslt17 sampled official pair with local_reordering
mt0812,Arabic,iwslt17,en-ar,source_leakage,It gives them the right to work. It gives them freedom of movement.,لقد أعطتهم الحق في العمل وحرية التنقل ،,لقد أعطتهم الحق في العمل وحرية التنقل ، It gives,iwslt17 sampled official pair with source_leakage
mt0813,Arabic,iwslt17,en-ar,fragment_duplication,"In the capital city, Kampala, we found that 21 percent of refugees own a business that employs other people, and 40 percent of those employees are nationals of the host country.",في العاصمة كمبالا، وجدنا أن 21 في المئة من اللاجئين يملكون الأعمال التجارية التي توظف أشخاص آخرين، و 40 في المئة من هؤلاء الموظفين من مواطني البلد المضيف.,في العاصمة كمبالا، وجدنا أن 21 في المئة من اللاجئين يملكون الأعمال التجارية التي توظف توظف أشخاص آخرين، و 40 في المئة من هؤلاء الموظفين من مواطني البلد المضيف.,iwslt17 sampled official pair with fragment_duplication
mt0814,Arabic,iwslt17,en-ar,exact_match,"Rather than seeing refugees as inevitably dependent upon humanitarian assistance, we need to provide them with opportunities for human flourishing.",بدلا من رؤية اللاجئين على أنهم يعتمدوا بشكل حتمي على المساعدة الإنسانية، نحن بحاجة إلى توفير فرص لهم تسعى إلى ازدهار الإنسان.,بدلا من رؤية اللاجئين على أنهم يعتمدوا بشكل حتمي على المساعدة الإنسانية، نحن بحاجة إلى توفير فرص لهم تسعى إلى ازدهار الإنسان.,iwslt17 sampled official pair with exact_match
mt0815,Arabic,iwslt17,en-ar,punctuation_drop,"We need to provide opportunities to connectivity, electricity, education, the right to work, access to capital and banking.",نحن بحاجة إلى توفير فرص إلى الاتصال والكهرباء، التعليم، والحق في العمل، الحصول على رأس المال والخدمات المصرفية.,نحن بحاجة إلى توفير فرص إلى الاتصال والكهرباء التعليم والحق في العمل الحصول على رأس المال والخدمات المصرفية,iwslt17 sampled official pair with punctuation_drop
mt0816,Arabic,iwslt17,en-ar,partial_truncation,But there are still pragmatic alternative options that we can use.,ولكن لا تزال هناك خيارات واقعية بديلة يمكن أن نستخدمها.,ولكن لا تزال هناك خيارات واقعية بديلة يمكن,iwslt17 sampled official pair with partial_truncation
mt0817,Arabic,iwslt17,en-ar,middle_deletion,"And just 15 minutes away from the Zaatari refugee camp, home to 83,000 refugees, is an existing economic zone called the King Hussein Bin Talal Development Area.",و على بعد 15 دقيقة فقط من مخيم الزعتري، هنالك موطن ل 83،000 لاجئ، وهي المنطقة الاقتصادية الحالية والتي تدعى منظقة الملك حسين بن طلال للتنمية,و على بعد 15 دقيقة فقط من مخيم الزعتري، هنالك موطن ل 83،000 وهي المنطقة الاقتصادية الحالية والتي تدعى منظقة الملك حسين بن طلال للتنمية,iwslt17 sampled official pair with middle_deletion
mt0818,Arabic,iwslt17,en-ar,local_reordering,"Now, of course you'd need to build in quotas on things like diversity and vulnerability, but it's a way of increasing the possibilities of matching.",الآن، وبطبيعة الحال كنت بحاجة الى بناء الحصص مثل التنوع وقابلية التعرض للخطر لكنها الوسيلة لزيادة امكانية الاندماج,الآن، وبطبيعة الحال كنت بحاجة الى بناء الحصص التنوع مثل وقابلية التعرض للخطر لكنها الوسيلة لزيادة امكانية الاندماج,iwslt17 sampled official pair with local_reordering
mt0819,Arabic,iwslt17,en-ar,source_leakage,"The matching idea has been successfully used to match, for instance, students with university places, to match kidney donors with patients, and it underlies the kind of algorithms that exist on dating websites.",فكرة الاندماج استخدمت بنجاح ومثال ذلك انخراط الطلاب بالجامعات ، وانخراط المتبرعين بالكلى بالمرضى ، وتكمن خلف الخوارزميات الموجودة على مواقع التعارف .,فكرة الاندماج استخدمت بنجاح ومثال ذلك انخراط الطلاب بالجامعات ، وانخراط المتبرعين بالكلى بالمرضى ، وتكمن خلف الخوارزميات الموجودة على مواقع التعارف . The matching,iwslt17 sampled official pair with source_leakage
mt0820,Arabic,iwslt17,en-ar,fragment_duplication,"Yes, they are a humanitarian responsibility, but they're human beings with skills, talents, aspirations, with the ability to make contributions -- if we let them.",نعم، هي قضية إنسانية ومسؤولية، ولكنهم بشر يمتلكون مهارات ومواهب وطموحات، ولديهم القدرة على المساهمة ... إذا سمحنا لهم بذلك .,نعم، هي قضية إنسانية ومسؤولية، ولكنهم بشر يمتلكون مهارات ومواهب وطموحات، وطموحات، ولديهم القدرة على المساهمة ... إذا سمحنا لهم بذلك .,iwslt17 sampled official pair with fragment_duplication
mt0821,Arabic,iwslt17,en-ar,exact_match,"In the new world, migration is not going to go away.",في العالم الجديد، الهجرة ليست في طريقها إلى الزوال.,في العالم الجديد، الهجرة ليست في طريقها إلى الزوال.,iwslt17 sampled official pair with exact_match
mt0822,Arabic,iwslt17,en-ar,punctuation_drop,"But the first time I truly went underwater, I was about 10 years old.",ولكن المرة الأولى التي غصت فيها في أعماق المياه، كنت في العاشرة من عمري.,ولكن المرة الأولى التي غصت فيها في أعماق المياه كنت في العاشرة من عمري,iwslt17 sampled official pair with punctuation_drop
mt0823,Arabic,iwslt17,en-ar,partial_truncation,And the pristine seas I used to dream of as a child are becoming harder and harder to find.,ولقد أصبحت البحار العريقة والنظيفة التي حلمت بها كطفل من الصعب جدّا إيجادها.,ولقد أصبحت البحار العريقة والنظيفة التي حلمت بها كطفل من,iwslt17 sampled official pair with partial_truncation
mt0824,Arabic,iwslt17,en-ar,middle_deletion,"And while this approach has merits, I have come full circle.",وعلى الرغم من أن هذا النهج لديه مزايا، إلا أنني عدت إلى بادئ الأمر.,وعلى الرغم من أن هذا النهج لديه إلا أنني عدت إلى بادئ الأمر.,iwslt17 sampled official pair with middle_deletion
mt0825,Arabic,iwslt17,en-ar,local_reordering,Close behind are sharks.,ويعتقد بأن أسماك القرش وراء ذلك.,ويعتقد بأن القرش أسماك وراء ذلك.,iwslt17 sampled official pair with local_reordering
mt0826,Arabic,iwslt17,en-ar,source_leakage,"Without dolphins, the bait balls are more dispersed and sharks often end up with what I call a sardine donut, or a mouth full of water.",من دون مساعدة الدلافين، تكون كرات الطعام منتشرة أكثر وغالبا ما ينتهي الأمر بأسماك القرش بتناول ما يُسمّى بدونات السردين، أو بفم مليء بالماء.,"من دون مساعدة الدلافين، تكون كرات الطعام منتشرة أكثر وغالبا ما ينتهي الأمر بأسماك القرش بتناول ما يُسمّى بدونات السردين، أو بفم مليء بالماء. Without dolphins,",iwslt17 sampled official pair with source_leakage
mt0827,Arabic,iwslt17,en-ar,fragment_duplication,"However, I get bumped and tail-slapped just like any other guest at this rowdy, rowdy banquet.",ومع ذلك، يتمّ صفعي كأي ضيف آخر خلال هذه الوليمة الصاخبة جدّا.,ومع ذلك، يتمّ صفعي كأي ضيف آخر آخر خلال هذه الوليمة الصاخبة جدّا.,iwslt17 sampled official pair with fragment_duplication
mt0828,Arabic,iwslt17,en-ar,exact_match,"Today, they are the most ardent conservation champions and manta rays earn the Maldivian economy in excess of 8 million dollars every single year.",اليوم، هم من أكثر المحافظين المتحمسين ويكسب الإقتصاد المالديفي بسبب أسماك شياطين البحر ما يزيد عن 8 ملايين دولار كلّ سنة.,اليوم، هم من أكثر المحافظين المتحمسين ويكسب الإقتصاد المالديفي بسبب أسماك شياطين البحر ما يزيد عن 8 ملايين دولار كلّ سنة.,iwslt17 sampled official pair with exact_match
mt0829,Arabic,iwslt17,en-ar,punctuation_drop,"These sharks are anything but shy, even during the day.",كانت أسماك القرش تلك خجولة حتى خلال اليوم.,كانت أسماك القرش تلك خجولة حتى خلال اليوم,iwslt17 sampled official pair with punctuation_drop
mt0830,Arabic,iwslt17,en-ar,partial_truncation,"And about halfway down the peninsula on the Pacific side lies San Ignacio Lagoon, a critical calving ground for gray whales.",وعلى حوالي منتصف الطريق إلى أسفل شبه الجزيرة على جانب المحيط الهادي تقع سان إغناسيو لاجون، وهي مكان لولادة الحيتان الرمادية.,وعلى حوالي منتصف الطريق إلى أسفل شبه الجزيرة على جانب المحيط الهادي تقع سان إغناسيو لاجون،,iwslt17 sampled official pair with partial_truncation
mt0831,Arabic,iwslt17,en-ar,middle_deletion,"When I moved to Harare in 1985, social justice was at the core of Zimbabwe's national health policy.",عندما انتقلت للعيش في هراري سنة 1985، كانت العدالة الاجتماعيّة أساس السياسة الصحية الوطنية في زيمبابواي.,عندما انتقلت للعيش في هراري سنة 1985، كانت الاجتماعيّة أساس السياسة الصحية الوطنية في زيمبابواي.,iwslt17 sampled official pair with middle_deletion
mt0832,Arabic,iwslt17,en-ar,local_reordering,"But while living in Zimbabwe, I didn't see my role as an advocacy or a political one.",ولكن بينما كنت أعيش في زيمبابواي، لم أكن أرى نفسي كمناصرة أو سياسية.,ولكن بينما كنت أعيش في لم زيمبابواي، أكن أرى نفسي كمناصرة أو سياسية.,iwslt17 sampled official pair with local_reordering
mt0833,Arabic,iwslt17,en-ar,source_leakage,"As health professionals, our tools were pitifully weak: imploring people to change their individual behaviors, use condoms, reduce number of partners.",كمختصّين في مجال الصحّة، كانت أدواتنا محدودة جدا: كنا ندعو الناس لتغيير سلوكاتهم الفردية، واستعمال الواقي الذكري والحد من عدد الشركاء.,كمختصّين في مجال الصحّة، كانت أدواتنا محدودة جدا: كنا ندعو الناس لتغيير سلوكاتهم الفردية، واستعمال الواقي الذكري والحد من عدد الشركاء. As health,iwslt17 sampled official pair with source_leakage
mt0834,Arabic,iwslt17,en-ar,fragment_duplication,We just need courage.,نحن في حاجة فقط إلى الشجاعة.,نحن في حاجة فقط فقط إلى الشجاعة.,iwslt17 sampled official pair with fragment_duplication
mt0835,Arabic,iwslt17,en-ar,exact_match,"So this world that we live in, this world in which every conversation has the potential to devolve into an argument, where our politicians can't speak to one another and where even the most trivial of issues have someone fighting both passionately for it and against it, it's not normal.",ولذلك فإن هذا العالم الذي نعيش فيه، هذا العالم الذي كل محادثة فيه لديها القدرة إلى أن تتحول الى جدال ، حيث أن السياسين لا يمكنهم التحدث إلى بعضهم البعض وحيث أنه حتى أتفه القضايا تجد من يقاتل لأجلها أو ضدها بشكل عاطفي ،إنه أمر ليس طبيعيا .,ولذلك فإن هذا العالم الذي نعيش فيه، هذا العالم الذي كل محادثة فيه لديها القدرة إلى أن تتحول الى جدال ، حيث أن السياسين لا يمكنهم التحدث إلى بعضهم البعض وحيث أنه حتى أتفه القضايا تجد من يقاتل لأجلها أو ضدها بشكل عاطفي ،إنه أمر ليس طبيعيا .,iwslt17 sampled official pair with exact_match
mt0836,Arabic,iwslt17,en-ar,punctuation_drop,I talk to people that I like. I talk to people that I don't like.,أتحدث إلى ناس أحبهم. أتحدث إلى ناس لا أحبهم ،,أتحدث إلى ناس أحبهم أتحدث إلى ناس لا أحبهم,iwslt17 sampled official pair with punctuation_drop
mt0837,Arabic,iwslt17,en-ar,partial_truncation,"Now, I actually use the exact same skills as a professional interviewer that I do in regular life.",الآن، أنا في الواقع استخدم نفس المهارات في المقابلات المهنية التي أقوم بها في الحياة العادية .,الآن، أنا في الواقع استخدم نفس المهارات في المقابلات المهنية التي أقوم بها,iwslt17 sampled official pair with partial_truncation
mt0838,Arabic,iwslt17,en-ar,middle_deletion,"Learn to have a conversation without wasting your time, without getting bored, and, please God, without offending anybody.",تعلم أن يكون لديك محادثة دون أن تضيع وقتك ودون أن تمل، بحق الإله، دون الإساءة إلى أي شخص.,تعلم أن يكون لديك محادثة دون أن تضيع وقتك أن تمل، بحق الإله، دون الإساءة إلى أي شخص.,iwslt17 sampled official pair with middle_deletion
mt0839,Arabic,iwslt17,en-ar,local_reordering,We've all had really great conversations.,كلنا قمنا بمحادثات سابقة مهمة.,كلنا بمحادثات قمنا سابقة مهمة.,iwslt17 sampled official pair with local_reordering
mt0840,Arabic,iwslt17,en-ar,source_leakage,Don't think about what you're going to have for dinner.,ولا تفكر بما ستقوم بتناوله على العشاء.,ولا تفكر بما ستقوم بتناوله على العشاء. Don't think,iwslt17 sampled official pair with source_leakage
mt0841,Arabic,iwslt17,en-ar,fragment_duplication,"If you want to get out of the conversation, get out of the conversation, but don't be half in it and half out of it.",إذا كنت ترغب في الخروج من المحادثة، أخرج من المحادثة، لكن لا تكن نصف داخل المحادثة ونصف خارجها !,إذا كنت ترغب في الخروج من المحادثة، أخرج من المحادثة، المحادثة، لكن لا تكن نصف داخل المحادثة ونصف خارجها !,iwslt17 sampled official pair with fragment_duplication
mt0842,Arabic,iwslt17,en-ar,exact_match,"""How did that feel?""","""كيف كان شعور ذلك"" ؟","""كيف كان شعور ذلك"" ؟",iwslt17 sampled official pair with exact_match
mt0843,Arabic,iwslt17,en-ar,punctuation_drop,Number four: Go with the flow.,رابعاً: امش مع التيار .,رابعاً امش مع التيار,iwslt17 sampled official pair with punctuation_drop
mt0844,Arabic,iwslt17,en-ar,partial_truncation,"If they're talking about the trouble they're having at work, don't tell them about how much you hate your job.",إذا كانوا يتكلمون عن بعض المشاكل التي يواجهونها في العمل ، لا تحدثهم عن مدى كرهك لعملك .,إذا كانوا يتكلمون عن بعض المشاكل التي يواجهونها في العمل ، لا تحدثهم عن,iwslt17 sampled official pair with partial_truncation
mt0845,Arabic,iwslt17,en-ar,middle_deletion,I don't have to hear anything I'm not interested in.,ولست بحاجة لسماع أي شيء لست مهتماً به.,ولست بحاجة لسماع أي لست مهتماً به.,iwslt17 sampled official pair with middle_deletion
mt0846,Arabic,iwslt17,en-ar,local_reordering,"[A good conversation is like a miniskirt; short enough to retain interest, but long enough to cover the subject. -- My Sister] All of this boils down to the same basic concept, and it is this one: Be interested in other people.",[المحادثة الجيدة مثل التنورة القصيرة. فهي قصيرة بما يكفي لجلب النظر، وطويلة بما فيه الكفاية لستر العورة --أختي ] كل هذا يتلخص في نفس المفهوم الأساسي، وهو : كن مهتماً بالآخرين.,[المحادثة الجيدة مثل التنورة القصيرة. فهي قصيرة بما يكفي لجلب النظر، وطويلة بما فيه لستر الكفاية العورة --أختي ] كل هذا يتلخص في نفس المفهوم الأساسي، وهو : كن مهتماً بالآخرين.,iwslt17 sampled official pair with local_reordering
mt0847,Arabic,iwslt17,en-ar,source_leakage,"You know, I grew up with a very famous grandfather, and there was kind of a ritual in my home.",كما تعلمون، لقد نشأت مع جد شهير جداً، وكنت هنالك طقوس معينة في بيتي.,"كما تعلمون، لقد نشأت مع جد شهير جداً، وكنت هنالك طقوس معينة في بيتي. You know,",iwslt17 sampled official pair with source_leakage
mt0848,Arabic,iwslt17,en-ar,fragment_duplication,"By the way, all that is through Special Olympics.",بالمناسبة، كل ذلك خلال الألعاب الأولمبية الخاصة.,بالمناسبة، كل ذلك خلال خلال الألعاب الأولمبية الخاصة.,iwslt17 sampled official pair with fragment_duplication
mt0849,Arabic,iwslt17,en-ar,exact_match,"Now, I am a basketball player and speed skater who has competed at provincial, national games, and this year made it all the way to the World Summer Games in LA, where I was part of the first ever Canadian basketball team to compete at World Games.",أنا الآن لاعب كرة سلة ومتزلج خاض عدة منافسات على الصعيد الإقليمي والوطني، وتمكن هذه السنة من الالتحاق بدورة الألعاب العالمية الصيفية في لوس انجلوس، حيث كنت أول كندي يلتحق بفريق كرة السلة ويخوض المنافسة على مستوى الألعاب العالمية.,أنا الآن لاعب كرة سلة ومتزلج خاض عدة منافسات على الصعيد الإقليمي والوطني، وتمكن هذه السنة من الالتحاق بدورة الألعاب العالمية الصيفية في لوس انجلوس، حيث كنت أول كندي يلتحق بفريق كرة السلة ويخوض المنافسة على مستوى الألعاب العالمية.,iwslt17 sampled official pair with exact_match
mt0850,Arabic,iwslt17,en-ar,punctuation_drop,"The day before our game, the Nigerian basketball team went to the World Games Healthy Athlete screening, where seven of 10 members were given hearing aids for free and got to hear clearly for the first time.",في اليوم السابق للمباراة، خضع فريق كرة السلة النيجيري لفحص صحي خاص برياضي الألعاب العالمية ، حيث حصل 7 من أصل 10 لاعبين على سماعات مجانية وتمكنوا من السماع بشكل واضح لأول مرة.,في اليوم السابق للمباراة خضع فريق كرة السلة النيجيري لفحص صحي خاص برياضي الألعاب العالمية حيث حصل 7 من أصل 10 لاعبين على سماعات مجانية وتمكنوا من السماع بشكل واضح لأول مرة,iwslt17 sampled official pair with punctuation_drop
mt0851,Arabic,iwslt17,en-ar,partial_truncation,People use it as a casual term or an insult.,يتخدمها الناس وكأنها مجرد كلمات عابرة أو طريق للإهانة.,يتخدمها الناس وكأنها مجرد كلمات عابرة أو,iwslt17 sampled official pair with partial_truncation
mt0852,Arabic,iwslt17,en-ar,middle_deletion,"But 106 is just not enough to make it powerful, to validate it.","ولكن 106 ليست كافية لجعل ذلك قوياً , لتكون مثبتة .","ولكن 106 ليست كافية لجعل قوياً , لتكون مثبتة .",iwslt17 sampled official pair with middle_deletion
mt0853,Arabic,iwslt17,en-ar,local_reordering,So we were waiting for more data to release that.,لذلك نحن منتظرين معلومات أكثر لإصداره .,لذلك نحن معلومات منتظرين أكثر لإصداره .,iwslt17 sampled official pair with local_reordering
mt0854,Arabic,iwslt17,en-ar,source_leakage,Ebola on one person's doorstep could soon be on ours.,إيبولا على عتبة شخص ما يمكن أن يصبح قريبا على عتباتنا .,إيبولا على عتبة شخص ما يمكن أن يصبح قريبا على عتباتنا . Ebola on,iwslt17 sampled official pair with source_leakage
mt0855,Arabic,iwslt17,en-ar,fragment_duplication,"And so in this place with the same vulnerabilities, the same strengths, the same fears, the same hopes, I hope that we work together with joy.","ولذلك في هذا المكان بنفس نقاط الضعف , ونفس نقاط القوة , نفس المخاوف , نفس الأمال , أتمني أن نعمل معاً بفرح .","ولذلك في هذا المكان بنفس نقاط الضعف , ونفس نقاط القوة , نفس نفس المخاوف , نفس الأمال , أتمني أن نعمل معاً بفرح .",iwslt17 sampled official pair with fragment_duplication
mt0856,Arabic,iwslt17,en-ar,exact_match,"And I know that that is frightening, I understand that, but I know also, and this experience shows us, that we have the technology and we have the capacity to win this thing, to win this and have the upper hand over viruses.","وأنا أعلم أن هذا مخيف أنا أفهم هذا , ولكني أيضاً أعلم , وهذه التجربة سترينا , أن لدينا التكنولوجيا ولدينا القدرة للنجاح على هذا الشيء , لننجح على هذا ونكون ذوي الكلمة العليا على الفيروسات .","وأنا أعلم أن هذا مخيف أنا أفهم هذا , ولكني أيضاً أعلم , وهذه التجربة سترينا , أن لدينا التكنولوجيا ولدينا القدرة للنجاح على هذا الشيء , لننجح على هذا ونكون ذوي الكلمة العليا على الفيروسات .",iwslt17 sampled official pair with exact_match
mt0857,Arabic,iwslt17,en-ar,punctuation_drop,"And let us not let the world be defined by the destruction wrought by one virus, but illuminated by billions of hearts and minds working in unity.","ودعونا لا نجعل العالم معرف بالدمارالذي أحدثه فيروس واحد , ولكن مضاء ب مليارات القلوب والعقول يعملون في وحدة .",ودعونا لا نجعل العالم معرف بالدمارالذي أحدثه فيروس واحد ولكن مضاء ب مليارات القلوب والعقول يعملون في وحدة,iwslt17 sampled official pair with punctuation_drop
mt0858,Arabic,iwslt17,en-ar,partial_truncation,Thank you.,شكراً لكم .,شكراً لك,iwslt17 sampled official pair with partial_truncation
mt0859,Tamil,wmt20,en-ta,exact_match,"Yet it is a sub-plot worthy of a one-act play in its own right; and perhaps not one of those jolly, reassuring ones in which the Queen is portrayed as an infinitely wise and perceptive old lady, who has seen 13 prime ministers come and go, and will doubtless outlast the 14th.","இருப்பினும் இது ஒரே ஆளின் நாடகம் எனத் தானாகவே கூறப்படக்கூடிய ஒரு சிறிய பகுதியாகும்; ராணி, இது வரையில் 13 பிரதமர்களைக் கண்டு, சந்தேகமே இல்லாமல் 14வது பிரதமரையும் கடந்து இருக்கக்கூடிய, அளவுகடந்த புத்திசாலித்தனமும், பகுத்தறிவும் உள்ள ஒரு வயதான பெண்மனி எனக் காட்டும், மகிழ்ச்சியான, நம்பிக்கையூட்டும் ஒன்றல்ல.","இருப்பினும் இது ஒரே ஆளின் நாடகம் எனத் தானாகவே கூறப்படக்கூடிய ஒரு சிறிய பகுதியாகும்; ராணி, இது வரையில் 13 பிரதமர்களைக் கண்டு, சந்தேகமே இல்லாமல் 14வது பிரதமரையும் கடந்து இருக்கக்கூடிய, அளவுகடந்த புத்திசாலித்தனமும், பகுத்தறிவும் உள்ள ஒரு வயதான பெண்மனி எனக் காட்டும், மகிழ்ச்சியான, நம்பிக்கையூட்டும் ஒன்றல்ல.",wmt20 sampled official pair with exact_match
mt0860,Tamil,wmt20,en-ta,punctuation_drop,"To the royal household, after all, past custom and practice is 99 per cent of the law.","அரண்மனைவாசிகளைப் பொறுத்தவரை பழைய வழக்கமும், நடைமுறைகளுமே 99சதவீதம் சட்டமாக இருக்கிறது.",அரண்மனைவாசிகளைப் பொறுத்தவரை பழைய வழக்கமும் நடைமுறைகளுமே 99சதவீதம் சட்டமாக இருக்கிறது,wmt20 sampled official pair with punctuation_drop
mt0861,Tamil,wmt20,en-ta,partial_truncation,So what went wrong?,"எனவே, என்ன தவறு நடந்தது?","எனவே, என்ன தவறு",wmt20 sampled official pair with partial_truncation
mt0862,Tamil,wmt20,en-ta,middle_deletion,"It may be that Johnson and Rees-Mogg genuinely caught the Queen off guard, at a holiday period when many key people were not available.",முக்கியமான பல நபர்கள் இல்லாதிருக்கக்கூடிய ஒரு விடுமுறைக்காலத்தில் ஜான்சம் மற்றும் ரீஸ் மாக் ஆகியோர் ராணியை எதிர்பாராமல் மடக்கியிருக்கலாம்.,முக்கியமான பல நபர்கள் இல்லாதிருக்கக்கூடிய ஒரு விடுமுறைக்காலத்தில் ஜான்சம் ரீஸ் மாக் ஆகியோர் ராணியை எதிர்பாராமல் மடக்கியிருக்கலாம்.,wmt20 sampled official pair with middle_deletion
mt0863,Tamil,wmt20,en-ta,local_reordering,"The Sun previously reported that each celebrity is given a standard £25,000 payment for joining.","ஒவ்வொரு பிரபலமும் அதில் இணைய நிலையாக £25,000 வழங்கப்படுவதாக தி சன் முன்னதாகக் கூறியது.","ஒவ்வொரு பிரபலமும் அதில் இணைய £25,000 நிலையாக வழங்கப்படுவதாக தி சன் முன்னதாகக் கூறியது.",wmt20 sampled official pair with local_reordering
mt0864,Tamil,wmt20,en-ta,source_leakage,Kelvin first joined Emmerdale at the tender age of six-years-old in 1996.,கெல்வின் தனது மிக இளம் பிராயத்தில் ஆறு வயதான போது 1996ஆம் வரும் எம்மர்டேலில் இணைந்தார்.,கெல்வின் தனது மிக இளம் பிராயத்தில் ஆறு வயதான போது 1996ஆம் வரும் எம்மர்டேலில் இணைந்தார். Kelvin first,wmt20 sampled official pair with source_leakage
mt0865,Tamil,wmt20,en-ta,fragment_duplication,"Speaking to host Emmon Holmes and Ruth Langsford, he explained: ""Twenty years is a long time.",நிகழ்ச்சியை வழங்கும் எம்மான் ஹோம்ஸ் மற்றும் ரூத் லாங்ஸ்போர்டு ஆகியோரிடம் பேசுகையில்: “இருபது வருடங்கள் என்பது நீண்ட காலம்.,நிகழ்ச்சியை வழங்கும் எம்மான் ஹோம்ஸ் மற்றும் ரூத் லாங்ஸ்போர்டு ஆகியோரிடம் ஆகியோரிடம் பேசுகையில்: “இருபது வருடங்கள் என்பது நீண்ட காலம்.,wmt20 sampled official pair with fragment_duplication
mt0866,Tamil,wmt20,en-ta,exact_match,It's been an incredible twenty years.,இந்த இருபது வருடங்களும் வியக்கத்தக்கது.,இந்த இருபது வருடங்களும் வியக்கத்தக்கது.,wmt20 sampled official pair with exact_match
mt0867,Tamil,wmt20,en-ta,punctuation_drop,"He added: ""What started out as a hobby at six years old - I was then able to do something like that every day on a professional platform on one of the country's greatest shows.","ஆறு வயதில் ஒரு பொழுதுபோக்காகத் தொடங்கியது – நாட்டின் மிகப்பெரிய நிகழ்ச்சிகளில் ஒன்றில் தினசரி தொழில்ரீதியான தளத்தில் அதுபோன்று செய்ய, அன்று என்னால் இயன்றது.",ஆறு வயதில் ஒரு பொழுதுபோக்காகத் தொடங்கியது – நாட்டின் மிகப்பெரிய நிகழ்ச்சிகளில் ஒன்றில் தினசரி தொழில்ரீதியான தளத்தில் அதுபோன்று செய்ய அன்று என்னால் இயன்றது,wmt20 sampled official pair with punctuation_drop
mt0868,Tamil,wmt20,en-ta,partial_truncation,One that argued the Government's Brexit policy will damage the Northern Ireland peace process was previously dismissed by the High Court.,அரசாங்கத்தின் ப்ரெக்ஸிட் கொள்கை வடக்கு அயர்லாந்து அமைதி நடவடிக்கையைப் பாதிக்கும் என்ற ஒருவரது வாதம் முன்னதாக உயர் நீதி மன்றத்தால் நிராகரிக்கப்பட்டது.,அரசாங்கத்தின் ப்ரெக்ஸிட் கொள்கை வடக்கு அயர்லாந்து அமைதி நடவடிக்கையைப் பாதிக்கும் என்ற ஒருவரது வாதம் முன்னதாக,wmt20 sampled official pair with partial_truncation
mt0869,Tamil,wmt20,en-ta,middle_deletion,"""I, along with many other people, believe that it will affect the peace process,"" he said.","“அது அமைதி நடவடிக்கையைப் பாதிக்கும் என்றே மற்றவர்கள் பலரோடு சேர்ந்து நானும் நினைக்கிறேன்,” என்றார்.","“அது அமைதி நடவடிக்கையைப் பாதிக்கும் என்றே பலரோடு சேர்ந்து நானும் நினைக்கிறேன்,” என்றார்.",wmt20 sampled official pair with middle_deletion
mt0870,Tamil,wmt20,en-ta,local_reordering,It did not affect the peace process.,அது அமைதி நடவடிக்கையைப் பாதிக்கவில்லை” என்று கூறினால் நன்றாக இருக்கும்.,அது அமைதி நடவடிக்கையைப் என்று பாதிக்கவில்லை” கூறினால் நன்றாக இருக்கும்.,wmt20 sampled official pair with local_reordering
mt0871,Tamil,wmt20,en-ta,source_leakage,President Ram Nath Kovind on Thursday said the participation of women in the field of science in the country is far from satisfactory and steps need to be taken to ensure greater involvement of girl students in the area.,"நாட்டில் அறிவியல் துறையில் பெண்களின் பங்கேற்பு திருப்தியான அளவில் இல்லை, அந்தத் துறையில் பெண்களின் மேம்பட்ட ஈடுபாட்டை உறுதிப்படுத்த நடவடிக்கைகள் எடுக்கப்படவேண்டும் என்று குடியரசுத்தலைவர் ராம் நாத் கோவிந்த் வியாழனன்று கூறினார்.","நாட்டில் அறிவியல் துறையில் பெண்களின் பங்கேற்பு திருப்தியான அளவில் இல்லை, அந்தத் துறையில் பெண்களின் மேம்பட்ட ஈடுபாட்டை உறுதிப்படுத்த நடவடிக்கைகள் எடுக்கப்படவேண்டும் என்று குடியரசுத்தலைவர் ராம் நாத் கோவிந்த் வியாழனன்று கூறினார். President Ram",wmt20 sampled official pair with source_leakage
mt0872,Tamil,wmt20,en-ta,fragment_duplication,We have to take the necessary steps to ensure greater participation of girl students and of women in science and technology.,அறிவியல் மற்றும் தொழில்நுட்பத் துறையில் மாணவிகள் மற்றும் பெண்களின் அதிகரித்த பங்களிப்பை உறுதிசெய்யத் தேவையான நடவடிக்கைகளை நாம் எடுக்க வேண்டும்.,அறிவியல் மற்றும் தொழில்நுட்பத் துறையில் மாணவிகள் மற்றும் பெண்களின் அதிகரித்த அதிகரித்த பங்களிப்பை உறுதிசெய்யத் தேவையான நடவடிக்கைகளை நாம் எடுக்க வேண்டும்.,wmt20 sampled official pair with fragment_duplication
mt0873,Tamil,wmt20,en-ta,exact_match,"This is not a comic-book movie and aside from a few hat-tips to Batman lore, it is completely its own beast, and that is precisely why it works so well; there is no format, there is no convention and there are no rules.","இது ஒரு காமிக் புத்தகப் படம் இல்லை, பேட்மேன் குறித்த விவரங்களுக்காகச் சிலவற்றை வெளியிருந்து பெற்றிருந்தாலும், இது முற்றிலும் தனித்தன்மையானது, அதுவே இது இவ்வளவு சிறப்பாக இருப்பதற்கான காரணமாகும்; ஒரு வடிவம் இல்லை, ஒரு வழக்கம் இல்லை மேலும் சட்டங்கள் எதுவும் இல்லை.","இது ஒரு காமிக் புத்தகப் படம் இல்லை, பேட்மேன் குறித்த விவரங்களுக்காகச் சிலவற்றை வெளியிருந்து பெற்றிருந்தாலும், இது முற்றிலும் தனித்தன்மையானது, அதுவே இது இவ்வளவு சிறப்பாக இருப்பதற்கான காரணமாகும்; ஒரு வடிவம் இல்லை, ஒரு வழக்கம் இல்லை மேலும் சட்டங்கள் எதுவும் இல்லை.",wmt20 sampled official pair with exact_match
mt0874,Tamil,wmt20,en-ta,punctuation_drop,"Most recently, Scharf was heading Bank of New York Mellon (BK.N).","மிகச் சமீபத்தில், ஷார்ஃப் நியூயார்க் மெல்லன் (BK.N) வங்கித் தலைவராக இருந்தார்.",மிகச் சமீபத்தில் ஷார்ஃப் நியூயார்க் மெல்லன் BKN வங்கித் தலைவராக இருந்தார்,wmt20 sampled official pair with punctuation_drop
mt0875,Tamil,wmt20,en-ta,partial_truncation,Wells Fargo said Scharf's base salary at the bank would be $2.5 million - nearly the same as Sloan's base pay in 2018.,"இந்த வங்கியில் ஷார்ஃபின் அடிப்படை ஊதியம் $2.5 மில்லியனாக இருக்கும், அது 2018ஆம் வருடம் ஸ்லோனின் அடிப்படை ஊதியத்துக்குக் கிட்டத்தட்ட ஒரே அளவானதாகும்.","இந்த வங்கியில் ஷார்ஃபின் அடிப்படை ஊதியம் $2.5 மில்லியனாக இருக்கும், அது 2018ஆம் வருடம் ஸ்லோனின் அடிப்படை",wmt20 sampled official pair with partial_truncation
mt0876,Tamil,wmt20,en-ta,middle_deletion,Noah had been ordered by a court back in May to be removed from his parents' custody over concerns about abuse.,நோவா கொடுமைப்படுத்தப்படுவதாகக் கூறி அவனது பெற்றோர்களின் கவனிப்பிலிருந்து விலக்கப்பட வேண்டும் என்று கடந்த மே மாதத்தில் நீதிமன்றம் உத்தரவிட்டிருந்தது.,நோவா கொடுமைப்படுத்தப்படுவதாகக் கூறி அவனது பெற்றோர்களின் கவனிப்பிலிருந்து விலக்கப்பட என்று கடந்த மே மாதத்தில் நீதிமன்றம் உத்தரவிட்டிருந்தது.,wmt20 sampled official pair with middle_deletion
mt0877,Tamil,wmt20,en-ta,local_reordering,Gatland's side features nine survivors from Wales' narrow win against the Wallabies last November.,கடந்த நவம்பரில் வாலபீஸ் அணிக்கு எதிராகக் குறைந்த கோல் கணக்கில் வேல்ஸ் அணி வெற்றிபெற்ற போது இருந்த ஒன்பது வீரர்கள் கேட்லாண்டின் அணியில் உள்ளார்கள்.,கடந்த நவம்பரில் வாலபீஸ் அணிக்கு எதிராகக் குறைந்த கோல் கணக்கில் அணி வேல்ஸ் வெற்றிபெற்ற போது இருந்த ஒன்பது வீரர்கள் கேட்லாண்டின் அணியில் உள்ளார்கள்.,wmt20 sampled official pair with local_reordering
mt0878,Tamil,wmt20,en-ta,source_leakage,"Ardron, one of the few Canadians playing in a top-tier club competition - for New Zealand club Waikato Chiefs in the international Super Rugby competition - recognized his side were unlikely to upset either of the southern hemisphere nations.","சர்வதேச சூப்பர் ரக்பி போட்டியில் நியூசிலாந்து கிளப் வெய்காடோ சீப் அணிக்காக விளையாடும் அர்ட்ரான், முதல் தரப் போட்டிகளில் விளையாடும் சில கனடா வீரர்களில் ஒருவராகும், அவர் அந்தத் தென்கோள நாடுகள் எதற்கும் தனது அணி அதிர்ச்சியளிப்பதற்கான வாய்ப்பில்லை என்பதை ஏற்றுக்கொண்டார்.","சர்வதேச சூப்பர் ரக்பி போட்டியில் நியூசிலாந்து கிளப் வெய்காடோ சீப் அணிக்காக விளையாடும் அர்ட்ரான், முதல் தரப் போட்டிகளில் விளையாடும் சில கனடா வீரர்களில் ஒருவராகும், அவர் அந்தத் தென்கோள நாடுகள் எதற்கும் தனது அணி அதிர்ச்சியளிப்பதற்கான வாய்ப்பில்லை என்பதை ஏற்றுக்கொண்டார். Ardron, one",wmt20 sampled official pair with source_leakage
mt0879,Tamil,wmt20,en-ta,fragment_duplication,"House blocks Trump national emergency over border, setting up veto","எல்லை குறித்த ட்ரம்பின் தேசிய அவசர நிலையை சபை தடுத்து, வீட்டோவை செயல்படுத்தச் செய்கிறது","எல்லை குறித்த ட்ரம்பின் தேசிய அவசர நிலையை நிலையை சபை தடுத்து, வீட்டோவை செயல்படுத்தச் செய்கிறது",wmt20 sampled official pair with fragment_duplication
mt0880,Tamil,wmt20,en-ta,exact_match,He already vetoed a measure to end the emergency declaration in March.,அவசர நிலை பிரகடனத்தை முடிவுக்குக் கொண்டுவரும் நடவடிக்கையை மார்ச் மாதத்தில் அவர் ஏற்கனவே வீட்டோ அதிகாரத்தைப் பயன்படுத்தி நிறைவேற்றியிருந்தார்.,அவசர நிலை பிரகடனத்தை முடிவுக்குக் கொண்டுவரும் நடவடிக்கையை மார்ச் மாதத்தில் அவர் ஏற்கனவே வீட்டோ அதிகாரத்தைப் பயன்படுத்தி நிறைவேற்றியிருந்தார்.,wmt20 sampled official pair with exact_match
mt0881,Tamil,wmt20,en-ta,punctuation_drop,"""If you can find out some of the mechanisms you can look at potential interventions,"" she added.","“உங்களால் சில வழிமுறைகளைக் கண்டறிய முடிந்தால், சாத்தியமான இடையீடுகள் எவை என்பதை நீங்கள் காணலாம்,” எனவும் கூறினார்.",“உங்களால் சில வழிமுறைகளைக் கண்டறிய முடிந்தால் சாத்தியமான இடையீடுகள் எவை என்பதை நீங்கள் காணலாம்” எனவும் கூறினார்,wmt20 sampled official pair with punctuation_drop
mt0882,Tamil,wmt20,en-ta,partial_truncation,For each pollutant the team compared the death rate for babies in the worst fifth of polluted areas with those in the best fifth.,"இந்தக் குழுவினர் ஒவ்வொரு மாசுபடுத்திக்கும் மிகமோசமான மாசுபாட்டுக்கு உள்ளாகியிருக்கும் ஐந்து பகுதிகளில் உள்ள குழந்தைகளுக்கான இறப்பு விகிதத்துடன், மிகச்சிறந்த ஐந்து பகுதிகளோடு ஒப்பிட்டனர்.","இந்தக் குழுவினர் ஒவ்வொரு மாசுபடுத்திக்கும் மிகமோசமான மாசுபாட்டுக்கு உள்ளாகியிருக்கும் ஐந்து பகுதிகளில் உள்ள குழந்தைகளுக்கான இறப்பு விகிதத்துடன்,",wmt20 sampled official pair with partial_truncation
mt0883,Tamil,wmt20,en-ta,middle_deletion,"Further analysis suggested that of the three pollutants, only SO2 was associated with deaths within a baby's first 28 days.","மேலும் பகுப்பாய்வு செய்ததில், மூன்று மாசுபடுத்திகளில், SO2 மட்டுமே ஒரு குழந்தையின் 28 நாட்களுக்குள்ளான மரணத்துடன் தொடர்புகொண்டிருந்ததைக் காட்டியது.","மேலும் பகுப்பாய்வு செய்ததில், மூன்று மாசுபடுத்திகளில், SO2 மட்டுமே குழந்தையின் 28 நாட்களுக்குள்ளான மரணத்துடன் தொடர்புகொண்டிருந்ததைக் காட்டியது.",wmt20 sampled official pair with middle_deletion
mt0884,Tamil,wmt20,en-ta,local_reordering,"Prof Mireille Toledano, an expert in population child health at Imperial College London, said the study confirmed that air pollution is a major public health hazard, adding that current standards are failing to protect people.","லண்டனில் உள்ள இம்பீரியல் கல்லூரியில் மக்கள் தொகை குழந்தைகள் நல நிபுணராக உள்ள பேராசிரியர் மிரெய்ல் டொலேடனோ, காற்று மாசு பொது சுகாதாரத்துக்கு மிகப்பெரிய ஆபத்தை உண்டாக்கும் என்பதை ஆய்வு உறுதிப்படுத்தியது என்றதுடன், தற்போதைய தரநிலைகள் மக்களைப் பாதுகாக்கத் தவறுகின்றன என்று மேலும் கூறினார்.","லண்டனில் உள்ள இம்பீரியல் கல்லூரியில் மக்கள் தொகை குழந்தைகள் நல நிபுணராக உள்ள பேராசிரியர் மிரெய்ல் டொலேடனோ, காற்று மாசு சுகாதாரத்துக்கு பொது மிகப்பெரிய ஆபத்தை உண்டாக்கும் என்பதை ஆய்வு உறுதிப்படுத்தியது என்றதுடன், தற்போதைய தரநிலைகள் மக்களைப் பாதுகாக்கத் தவறுகின்றன என்று மேலும் கூறினார்.",wmt20 sampled official pair with local_reordering
mt0885,Tamil,wmt20,en-ta,source_leakage,"The study also did not take into account fluctuations in air pollution with the weather or over seasons, and did not take into account where the mother spent her pregnancy or factors such as maternal smoking.","காலநிலைக்கேற்பவும், பருவநிலைக்கேற்பவும் காற்று மாசுபாட்டு அளவில் ஏற்படும் மாற்றங்களையும், கர்ப்பகாலத்தின் போது தாய் எங்கே இருந்தார் அல்லது தாயின் புகைப் பழக்கம் போன்ற காரணிகளையும் இந்த ஆய்வு கணக்கில் எடுத்துக்கொள்ளவில்லை.","காலநிலைக்கேற்பவும், பருவநிலைக்கேற்பவும் காற்று மாசுபாட்டு அளவில் ஏற்படும் மாற்றங்களையும், கர்ப்பகாலத்தின் போது தாய் எங்கே இருந்தார் அல்லது தாயின் புகைப் பழக்கம் போன்ற காரணிகளையும் இந்த ஆய்வு கணக்கில் எடுத்துக்கொள்ளவில்லை. The study",wmt20 sampled official pair with source_leakage
mt0886,Tamil,wmt20,en-ta,fragment_duplication,"""It is showing there is some kind of additional risk from air pollution for infant death but the way that it has been set up is quite a crude analysis,"" said Toledano.","“குழந்தையின் இறப்புக்குக் காற்று மாசு ஓரளவு கூடுதல் அபாயம் உண்டாக்குவதை இது காட்டுகிறது, ஆனால் இது அமைக்கப்பட்ட முறை மிகவும் மேலோட்டமான பகுப்பாய்வே,” என்று டொலேடனோ கூறினார்.","“குழந்தையின் இறப்புக்குக் காற்று மாசு ஓரளவு கூடுதல் அபாயம் உண்டாக்குவதை இது காட்டுகிறது, ஆனால் ஆனால் இது அமைக்கப்பட்ட முறை மிகவும் மேலோட்டமான பகுப்பாய்வே,” என்று டொலேடனோ கூறினார்.",wmt20 sampled official pair with fragment_duplication
mt0887,Tamil,wmt20,en-ta,exact_match,"In a lawsuit filed in US District Court on Tuesday, Indorewala said she was ""humiliated"" by Fast Trak's CEO mocking her Muslim beliefs.","யுஎஸ் மாகாண நீதிமன்றத்தில் செவ்வாய்க்கிழமையன்று தாக்கல் செய்யப்பட்ட வழக்கில், தனது முஸ்லீம் நம்பிக்கைகளைக் கேலி செய்த ஃபாஸ்ட் ட்ராக் நிறுவனத்தின் முதன்மை செயல் அலுவலரால் “அவமானப்படுத்தப்பட்டதாக” இந்தூர்வாலா கூறியுள்ளார்.","யுஎஸ் மாகாண நீதிமன்றத்தில் செவ்வாய்க்கிழமையன்று தாக்கல் செய்யப்பட்ட வழக்கில், தனது முஸ்லீம் நம்பிக்கைகளைக் கேலி செய்த ஃபாஸ்ட் ட்ராக் நிறுவனத்தின் முதன்மை செயல் அலுவலரால் “அவமானப்படுத்தப்பட்டதாக” இந்தூர்வாலா கூறியுள்ளார்.",wmt20 sampled official pair with exact_match
mt0888,Tamil,wmt20,en-ta,punctuation_drop,"According to the lawsuit, the assistant manager then allegedly walked with Indorewala to Gavilondo, and said that the job's hours wouldn't work for Indorewala.","அந்தத் துணை மேலாளர் இந்தூர்வாலாவுடன் கெவிலாண்டோவிடம் சென்று, இந்தூர்வாலாவுக்கு பணி நேரங்கள் ஒத்துவராது என்று கூறியதாக அந்த வழக்கில் கூறப்பட்டுள்ளது.",அந்தத் துணை மேலாளர் இந்தூர்வாலாவுடன் கெவிலாண்டோவிடம் சென்று இந்தூர்வாலாவுக்கு பணி நேரங்கள் ஒத்துவராது என்று கூறியதாக அந்த வழக்கில் கூறப்பட்டுள்ளது,wmt20 sampled official pair with punctuation_drop
mt0889,Tamil,wmt20,en-ta,partial_truncation,Indorewala said she then explained to Gavilondo that she prays five times a day.,அவர் ஒரு நாளைக்கு ஐந்து முறை தொழுவதாக கெவிலாண்டோவிடம் விளக்கியதாக இந்தூர்வாலா கூறினார்.,அவர் ஒரு நாளைக்கு ஐந்து முறை தொழுவதாக கெவிலாண்டோவிடம் விளக்கியதாக,wmt20 sampled official pair with partial_truncation
mt0890,Tamil,wmt20,en-ta,middle_deletion,They didn't want to work here. . . .,அவர் இங்கே வேலை செய்ய விரும்பவில்லை. . . .,அவர் இங்கே வேலை செய்ய . . .,wmt20 sampled official pair with middle_deletion
mt0891,Tamil,wmt20,en-ta,local_reordering,"""It's like me going to a store to buy Kit-Kats, and then I don't want to eat the Kit-Kats,"" he said.","இது நான் கிட்-கேட் வாங்கக் கடைக்குச் சென்றுவிட்டு, அதன் பிறகு கிட்-கேட் சாப்பிட விரும்பாதிருப்பதைப் போன்றது,” என்று அவர் கூறினார்.","இது நான் கிட்-கேட் வாங்கக் கடைக்குச் சென்றுவிட்டு, பிறகு அதன் கிட்-கேட் சாப்பிட விரும்பாதிருப்பதைப் போன்றது,” என்று அவர் கூறினார்.",wmt20 sampled official pair with local_reordering
mt0892,Tamil,wmt20,en-ta,source_leakage,"He complained about the media on Wednesday for running ""completely false"" and ""completely misleading"" accounts of his climate policies.",காலநிலை பற்றிய தனது கொள்கைகள் குறித்து “முற்றிலும் தவறான” மற்றும் “முற்றிலும் தவறாக வழிநடத்தும்” தகவல்களைக் கூறியதற்காக ஊடகம் குறித்து புதனன்று புகார் கூறினார்.,காலநிலை பற்றிய தனது கொள்கைகள் குறித்து “முற்றிலும் தவறான” மற்றும் “முற்றிலும் தவறாக வழிநடத்தும்” தகவல்களைக் கூறியதற்காக ஊடகம் குறித்து புதனன்று புகார் கூறினார். He complained,wmt20 sampled official pair with source_leakage
mt0893,Tamil,wmt20,en-ta,fragment_duplication,"So when Morrison needs answers on how to win the next election, he will no doubt consider Trump's formula - and whether it works in November 2020.","எனவே, அடுத்த தேர்தலில் வெல்வது எப்படி என்பது குறித்த தீர்வுகளுக்கு, அவர் ட்ரம்பின் முறையையும், அது நவம்பர் 2020இல் செயல்படுமா என்பதைப் பரிசீலிப்பார் என்பதிலும் சந்தேகம் இல்லை.","எனவே, அடுத்த தேர்தலில் வெல்வது எப்படி என்பது குறித்த தீர்வுகளுக்கு, அவர் ட்ரம்பின் முறையையும், முறையையும், அது நவம்பர் 2020இல் செயல்படுமா என்பதைப் பரிசீலிப்பார் என்பதிலும் சந்தேகம் இல்லை.",wmt20 sampled official pair with fragment_duplication
mt0894,Tamil,wmt20,en-ta,exact_match,He would ridicule it as a waste of time.,அதை ஒரு நேர விரயம் என ஏளனம் செய்வார்.,அதை ஒரு நேர விரயம் என ஏளனம் செய்வார்.,wmt20 sampled official pair with exact_match
mt0895,Tamil,wmt20,en-ta,punctuation_drop,The fact that Morrison used his speech to the UN to talk about action on climate shows he does not want to lose voters in the middle who expect their political leaders to take it seriously.,"ஐக்கிய நாடுகள் சபையில் தனது உரையை பருவநிலை குறித்த செயல்பாடுகள் குறித்துப் பேசப் பயன்படுத்தியது, அரசியல் தலைவர்கள் அதைத் தீவிரமாகக் கருதவேண்டும் என எதிர்பார்க்கும் வாக்காளர்களை மோரிசன் இடையில் இழக்க விரும்பவில்லை என்பதையே காட்டுகிறது.",ஐக்கிய நாடுகள் சபையில் தனது உரையை பருவநிலை குறித்த செயல்பாடுகள் குறித்துப் பேசப் பயன்படுத்தியது அரசியல் தலைவர்கள் அதைத் தீவிரமாகக் கருதவேண்டும் என எதிர்பார்க்கும் வாக்காளர்களை மோரிசன் இடையில் இழக்க விரும்பவில்லை என்பதையே காட்டுகிறது,wmt20 sampled official pair with punctuation_drop
mt0896,Tamil,wmt20,en-ta,partial_truncation,"""The future does not belong to globalists.",“எதிர்காலம் உலகத்தைப் பற்றிச் சிந்திப்பவர்களுக்கானது இல்லை.,“எதிர்காலம் உலகத்தைப் பற்றிச் சிந்திப்பவர்களுக்கானது,wmt20 sampled official pair with partial_truncation
mt0897,Tamil,wmt20,en-ta,middle_deletion,He further dismissed the embargo as an attack on the rights of citizens.,இது குடிமக்களின் உரிமை மீதான தாக்குதல் எனவும் அவர் தடை குறித்துக் கூறினார்.,இது குடிமக்களின் உரிமை மீதான தாக்குதல் அவர் தடை குறித்துக் கூறினார்.,wmt20 sampled official pair with middle_deletion
mt0898,Tamil,wmt20,en-ta,local_reordering,He applauded Southern Africa for solidly standing by Zimbabwe in calling for the unconditional removal of the two-decades-old embargo.,இரண்டு தசாப்தங்களாக உள்ள தடையை எவ்வித நிபந்தனையும் இன்றி அகற்றக் கோரும் ஜிம்பாப்வேயின் கோரிக்கைக்கு உறுதியாக ஆதரவளித்தமைக்காக அவர் தென்னாப்பிரிக்காவைப் பாராட்டினார்.,இரண்டு தசாப்தங்களாக உள்ள தடையை எவ்வித நிபந்தனையும் இன்றி கோரும் அகற்றக் ஜிம்பாப்வேயின் கோரிக்கைக்கு உறுதியாக ஆதரவளித்தமைக்காக அவர் தென்னாப்பிரிக்காவைப் பாராட்டினார்.,wmt20 sampled official pair with local_reordering
mt0899,Tamil,wmt20,en-ta,source_leakage,"As the United Nations, let us boldly honour the principles of our Charter.","ஐக்கிய நாடுகள் சபையாக, நமது சாசனத்தின் கொள்கைகளை நாம் தைரியமாக மதிப்போம்","ஐக்கிய நாடுகள் சபையாக, நமது சாசனத்தின் கொள்கைகளை நாம் தைரியமாக மதிப்போம் As the",wmt20 sampled official pair with source_leakage
mt0900,Tamil,wmt20,en-ta,fragment_duplication,Zimbabwe deserves a restart.,மீண்டும் தொடங்க ஜிம்பாப்வே அனுமதிக்கப்பட வேண்டும்.,மீண்டும் தொடங்க ஜிம்பாப்வே ஜிம்பாப்வே அனுமதிக்கப்பட வேண்டும்.,wmt20 sampled official pair with fragment_duplication
mt0901,Tamil,wmt20,en-ta,exact_match,Analysts have suggested that the West was using the sanctions as a ploy to effect regime change through making living standards difficult in Zimbabwe so that citizens turn against their Government.,"ஜிம்பாப்வேயில் வாழ்க்கை நடத்துவதைச் சிரமம் ஆக்குவதன் மூலம், குடிமக்கள் தங்கள் அரசுக்கு எதிராகத் திரும்பச் செய்து ஆட்சி மாற்றத்தை ஏற்படுத்துவதற்கான ஒரு சூழ்ச்சியாக இந்தத் தடைகளை மேற்கத்திய நாடுகள் பயன்படுத்தியதாக ஆய்வாளர்கள் கூறியுள்ளார்கள்.","ஜிம்பாப்வேயில் வாழ்க்கை நடத்துவதைச் சிரமம் ஆக்குவதன் மூலம், குடிமக்கள் தங்கள் அரசுக்கு எதிராகத் திரும்பச் செய்து ஆட்சி மாற்றத்தை ஏற்படுத்துவதற்கான ஒரு சூழ்ச்சியாக இந்தத் தடைகளை மேற்கத்திய நாடுகள் பயன்படுத்தியதாக ஆய்வாளர்கள் கூறியுள்ளார்கள்.",wmt20 sampled official pair with exact_match
mt0902,Tamil,wmt20,en-ta,punctuation_drop,"Phoning in Mike Graham's show on talkRADIO, Bob said: ""I think it's a watershed moment because the Brexit blockers in Parliament are beginning to show their true colours.""","மைக் கிரஹாமின் டாக்ரேடியோ நிகழ்ச்சியில் தொலைபேசி மூலம் பேசிய பாப்: “ப்ரெக்ஸிட் எதிப்பாளர்கள் பாராளுமன்றத்தில் தாங்கள் உண்மையில் யார் எனக் காட்டத் தொடங்கியுள்ளதால் இது ஒரு திருப்புமுனை நேரம் என நான் நினைக்கிறேன்,” என்று கூறினார்.",மைக் கிரஹாமின் டாக்ரேடியோ நிகழ்ச்சியில் தொலைபேசி மூலம் பேசிய பாப் “ப்ரெக்ஸிட் எதிப்பாளர்கள் பாராளுமன்றத்தில் தாங்கள் உண்மையில் யார் எனக் காட்டத் தொடங்கியுள்ளதால் இது ஒரு திருப்புமுனை நேரம் என நான் நினைக்கிறேன்” என்று கூறினார்,wmt20 sampled official pair with punctuation_drop
mt0903,Tamil,wmt20,en-ta,partial_truncation,"Boris Johnson on Thursday refused to apologise for describing attempts to block a no-deal break with the EU as the ""surrender act.""",ஐரோப்பிய ஒன்றியத்துடன் ஒப்பந்தம் செய்துகொள்ளாமல் அதிலிருந்து வெளியேறுவதைத் தடுப்பதற்கான முயற்சிகளை “சரணடையும் செயல்” என்று கூறியதற்கு மன்னிப்புக் கோர போரிஸ் ஜான்சம் வியாழனன்று மறுத்துவிட்டார்.,ஐரோப்பிய ஒன்றியத்துடன் ஒப்பந்தம் செய்துகொள்ளாமல் அதிலிருந்து வெளியேறுவதைத் தடுப்பதற்கான முயற்சிகளை “சரணடையும் செயல்” என்று கூறியதற்கு மன்னிப்புக் கோர,wmt20 sampled official pair with partial_truncation
mt0904,Tamil,wmt20,en-ta,middle_deletion,"""Who's the person who gave the whistleblower the information?",“புகார் தெரிவித்தவருக்குத் தகவல்கொடுத்த நபர் யார்?,“புகார் தெரிவித்தவருக்குத் நபர் யார்?,wmt20 sampled official pair with middle_deletion
mt0905,Tamil,wmt20,en-ta,local_reordering,"Maguire, whom Trump appointed to head the U.S. intelligence community last month, testified Thursday that he believed the whistleblower had ""acted in good faith"" when filing the complaint.","அமெரிக்க புலனாய்வு சமூகத்திற்குத் தலைமை தாங்க கடந்த மாதம் ட்ரம்ப் நியமித்த மக்குயர், இரகசியத்தை வெளியிட்டவர் புகாரைத் தாக்கல் செய்யும்போது “நல்லெண்ணத்துடன் நடந்துகொண்டதாக” தான் நினைத்ததாக வியாழனன்று சாட்சியளித்தார்.","அமெரிக்க புலனாய்வு சமூகத்திற்குத் தலைமை தாங்க கடந்த மாதம் ட்ரம்ப் நியமித்த இரகசியத்தை மக்குயர், வெளியிட்டவர் புகாரைத் தாக்கல் செய்யும்போது “நல்லெண்ணத்துடன் நடந்துகொண்டதாக” தான் நினைத்ததாக வியாழனன்று சாட்சியளித்தார்.",wmt20 sampled official pair with local_reordering
mt0906,Tamil,wmt20,en-ta,source_leakage,All Americans must denounce such witness intimidation.,இவ்வாறு சாட்சிகளுக்கு அச்சுறுத்தல் விடுப்பதை அமெரிக்கர்கள் அனைவரும் கண்டிக்க வேண்டும்.,இவ்வாறு சாட்சிகளுக்கு அச்சுறுத்தல் விடுப்பதை அமெரிக்கர்கள் அனைவரும் கண்டிக்க வேண்டும். All Americans,wmt20 sampled official pair with source_leakage
mt0907,Tamil,wmt20,en-ta,fragment_duplication,"""We've had a great start to the season, but we'd still like to be better at retrieving the puck, defensively, in all three areas of the ice,"" he explained.","“இந்த சீசனில் மிகச்சிறப்பான துவக்கம் கிடைத்துள்ளது, ஆனால் பனியின் அனைத்து மூன்று பகுதிகளிலும், தற்காப்பாக, பக் மீட்கப்படுவதில் இன்னும் மேம்பட வேண்டுமென நான் விரும்புகிறேன்.","“இந்த சீசனில் மிகச்சிறப்பான துவக்கம் கிடைத்துள்ளது, ஆனால் பனியின் அனைத்து மூன்று பகுதிகளிலும், பகுதிகளிலும், தற்காப்பாக, பக் மீட்கப்படுவதில் இன்னும் மேம்பட வேண்டுமென நான் விரும்புகிறேன்.",wmt20 sampled official pair with fragment_duplication
mt0908,Tamil,wmt20,en-ta,exact_match,"It's a commitment to stick with the plan, and work hard in all aspects of the game.","திட்டத்தைப் பின்பற்றுவதும், விளையாட்டின் அனைத்து அம்சங்களிலும் கடின உழைப்பைத் தருவதும் ஒரு பொறுப்புறுதியாகும்.","திட்டத்தைப் பின்பற்றுவதும், விளையாட்டின் அனைத்து அம்சங்களிலும் கடின உழைப்பைத் தருவதும் ஒரு பொறுப்புறுதியாகும்.",wmt20 sampled official pair with exact_match
mt0909,Tamil,wmt20,en-ta,punctuation_drop,"You need all guys on the ice, at all times, buying into playing on both sides of the puck and this is going to be key to our success.","அனைத்து வீரர்களும் எந்நேரமும் இரண்டு பக்கங்களிலும் சென்று ஆட வேண்டும், இதுவே நமது வெற்றிக்கு முக்கியமானதாக இருக்கப் போகிறது.",அனைத்து வீரர்களும் எந்நேரமும் இரண்டு பக்கங்களிலும் சென்று ஆட வேண்டும் இதுவே நமது வெற்றிக்கு முக்கியமானதாக இருக்கப் போகிறது,wmt20 sampled official pair with punctuation_drop
mt0910,Tamil,wmt20,en-ta,partial_truncation,"Sitting top of the standings is a good place to be, but if as a group we rest on that then we're all not doing our jobs.","புள்ளிகளில் முதலிடத்தில் இருப்பது நல்லதுதான், ஆனால் அதுபோதும் என நினைத்தால் நாம் நமது பணியைச் செய்யவில்லை என்றாகிவிடும்.","புள்ளிகளில் முதலிடத்தில் இருப்பது நல்லதுதான், ஆனால் அதுபோதும் என நினைத்தால் நாம் நமது",wmt20 sampled official pair with partial_truncation
mt0911,Tamil,wmt20,en-ta,middle_deletion,"""We ran into early penalty trouble and that's a big momentum swinger,"" he said.","“ஆரம்பத்திலேயே பெனால்டி சிக்கலை எதிர்கொண்டோம், அது ஆட்டத்தின் போக்கை மிகப்பெரிய அளவில் மாற்றியது,” என்றார்.","“ஆரம்பத்திலேயே பெனால்டி சிக்கலை எதிர்கொண்டோம், அது போக்கை மிகப்பெரிய அளவில் மாற்றியது,” என்றார்.",wmt20 sampled official pair with middle_deletion
mt0912,Tamil,wmt20,en-ta,local_reordering,"He will meet with senior executives from some of the world's leading streaming companies, studios and networks, including Netflix, Hulu, Skydance and Fox Searchlight.","நெட்ஃப்ளிக்ஸ், ஹூலு, ஸ்கைடேன்ஸ் மற்றும் ஃபாக்ஸ் சர்ச்லைட் உட்பட உலகின் முன்னணி நிறுவனங்கள், ஸ்டுடியோக்கள் மற்றும் நெட்வொர்க் ஆகியவற்றின் மூத்த அதிகாரிகளை அவர் சந்திப்பார்.","நெட்ஃப்ளிக்ஸ், ஹூலு, ஸ்கைடேன்ஸ் மற்றும் ஃபாக்ஸ் சர்ச்லைட் உட்பட உலகின் நிறுவனங்கள், முன்னணி ஸ்டுடியோக்கள் மற்றும் நெட்வொர்க் ஆகியவற்றின் மூத்த அதிகாரிகளை அவர் சந்திப்பார்.",wmt20 sampled official pair with local_reordering
mt0913,Tamil,wmt20,en-ta,source_leakage,"The administration warned of a new odor released after the fire was put out, saying it could spread to neighboring regions.",நெருப்பு அணைக்கப்பட்ட பிறகு ஏற்பட்ட புதிய நாற்றம் அருகிலுள்ள பிற பகுதிகளுக்கும் பரவக்கூடும் என்று நிர்வாகத்தினர் எச்சரித்தனர்.,நெருப்பு அணைக்கப்பட்ட பிறகு ஏற்பட்ட புதிய நாற்றம் அருகிலுள்ள பிற பகுதிகளுக்கும் பரவக்கூடும் என்று நிர்வாகத்தினர் எச்சரித்தனர். The administration,wmt20 sampled official pair with source_leakage
mt0914,Tamil,wmt20,en-ta,fragment_duplication,"The two automakers in June said they planned to jointly develop an electric sport-utility vehicle on a platform produced together, to split costs.","இந்த இரு வாகனத் தயாரிப்பாளர்களும், செலவுகளைப் பிரித்துக்கொள்ள இரு நிறுவனங்களாலும் இணைந்து உருவாக்கப்படும் தளத்தில் மின்சார ஸ்போர்ட்-யுடிலிடி வாகனம் ஒன்றைத் தயாரிக்கத் திட்டமிட்டுள்ளதாக ஜூன் மாதத்தில் கூறியிருந்தனர்.","இந்த இரு வாகனத் தயாரிப்பாளர்களும், செலவுகளைப் பிரித்துக்கொள்ள இரு நிறுவனங்களாலும் இணைந்து உருவாக்கப்படும் தளத்தில் தளத்தில் மின்சார ஸ்போர்ட்-யுடிலிடி வாகனம் ஒன்றைத் தயாரிக்கத் திட்டமிட்டுள்ளதாக ஜூன் மாதத்தில் கூறியிருந்தனர்.",wmt20 sampled official pair with fragment_duplication
mt0915,Tamil,wmt20,en-ta,exact_match,Jurgen Klopp provides update on Sadio Mane injury ahead of Liverpool's trip to Sheffield United,"ஷெப்பீல்டு யுனைட்டெடுக்கு லிவர்பூல் பயணம் செய்வதற்கு முன், சேடியோ மேனின் காயம் குறித்த புதிய தகவல்களை ஜர்கென் க்ளாப் வழங்குகிறார்.","ஷெப்பீல்டு யுனைட்டெடுக்கு லிவர்பூல் பயணம் செய்வதற்கு முன், சேடியோ மேனின் காயம் குறித்த புதிய தகவல்களை ஜர்கென் க்ளாப் வழங்குகிறார்.",wmt20 sampled official pair with exact_match
mt0916,Tamil,wmt20,en-ta,punctuation_drop,"""Shaq is not ready yet, he's doing rehab stuff,"" said Klopp.","“ஷாக் இன்னும் தயாராகவில்லை, மீண்டு வருவதற்கான பயிற்சிகளை மேற்கொண்டு வருகிறார்,” என்று க்ளாப் கூறினார்.",“ஷாக் இன்னும் தயாராகவில்லை மீண்டு வருவதற்கான பயிற்சிகளை மேற்கொண்டு வருகிறார்” என்று க்ளாப் கூறினார்,wmt20 sampled official pair with punctuation_drop
mt0917,Tamil,wmt20,en-ta,partial_truncation,"Alisson's injury was serious but in the last two weeks he progressed really, really well.","அலிசனின் காயம் தீவிரமானது, ஆனால் கடந்த இரண்டு வாரங்களில் அவர் மிகச்சிறப்பாகத் தேறிவருகிறார்.","அலிசனின் காயம் தீவிரமானது, ஆனால் கடந்த இரண்டு வாரங்களில் அவர்",wmt20 sampled official pair with partial_truncation
mt0918,Tamil,wmt20,en-ta,middle_deletion,"How dare you?"" she said, her voice quavering with emotion.",உங்களுக்கு எவ்வளவு தைரியம்?” என்று கூறிய அவரது குரலில் உணர்ச்சி கொப்பளித்தது.,உங்களுக்கு எவ்வளவு தைரியம்?” என்று அவரது குரலில் உணர்ச்சி கொப்பளித்தது.,wmt20 sampled official pair with middle_deletion
mt0919,Tamil,wmt20,en-ta,local_reordering,Thunberg was taking part in a protest in Canada on Friday where U.N. aviation leaders were gathering in Montreal to discuss plane emissions targets.,ஐ.நா. விமானப் போக்குவரத்துத்துறைத் தலைவர்கள் விமான வெளியீட்டுக்கான இலக்குகள் குறித்து விவாதிப்பதற்காக ஒன்றுகூடிய கனடாவின் மாண்ட்ரீல் நகரத்தில் வெள்ளியன்று நடைபெற்ற ஒரு ஆர்பாட்டத்தில் தன்பர்க் கலந்துகொண்டிருந்தார்.,ஐ.நா. விமானப் போக்குவரத்துத்துறைத் தலைவர்கள் விமான வெளியீட்டுக்கான இலக்குகள் குறித்து ஒன்றுகூடிய விவாதிப்பதற்காக கனடாவின் மாண்ட்ரீல் நகரத்தில் வெள்ளியன்று நடைபெற்ற ஒரு ஆர்பாட்டத்தில் தன்பர்க் கலந்துகொண்டிருந்தார்.,wmt20 sampled official pair with local_reordering
mt0920,Tamil,wmt20,en-ta,source_leakage,"A statement from Foreign Ministry adviser Kim Kye Gwan circulated by North Korea's UN mission came days after Mr Trump said, without elaborating, that another summit meeting with Kim ""could happen soon.""",கிம் உடன் மற்றொரு உச்சி மாநாடு “விரைவில் நடக்கலாம்” என்று திரு.ட்ரம்ப் சுருக்கமாகக் கூறிய சில நாட்கள் கழித்து ஐநா-வுக்கான வடகொரிய தூதுக்குழுவால் வழங்கப்பட்ட வெளியுறவு அமைச்சக ஆலோசகர் கிம் கை க்வான் அவர்களின் அறிக்கை இவ்வாறு கூறியது.,கிம் உடன் மற்றொரு உச்சி மாநாடு “விரைவில் நடக்கலாம்” என்று திரு.ட்ரம்ப் சுருக்கமாகக் கூறிய சில நாட்கள் கழித்து ஐநா-வுக்கான வடகொரிய தூதுக்குழுவால் வழங்கப்பட்ட வெளியுறவு அமைச்சக ஆலோசகர் கிம் கை க்வான் அவர்களின் அறிக்கை இவ்வாறு கூறியது. A statement,wmt20 sampled official pair with source_leakage
mt0921,Tamil,wmt20,en-ta,fragment_duplication,"But that meeting abruptly fell apart after Mr Trump rejected Kim's request for extensive relief of sanctions in return for dismantling his main nuclear complex, a limited denuclearisation step.","ஆனால், சிறிதளவிலான அணுஆயுத ஒழிப்பு நடவடிக்கையாக தனது பிரதான அணுஆயுத வளாகத்தை இடித்துவிட விரிவான நிவாரணம் வேண்டும் என்ற கிம்-இன் கோரிக்கையை திரு.ட்ரம்ப் நிராகரித்ததையடுத்து அந்தச் சந்திப்பு உடனடியாகத் தோல்வியடைந்தது.","ஆனால், சிறிதளவிலான அணுஆயுத ஒழிப்பு நடவடிக்கையாக தனது பிரதான அணுஆயுத வளாகத்தை இடித்துவிட விரிவான நிவாரணம் நிவாரணம் வேண்டும் என்ற கிம்-இன் கோரிக்கையை திரு.ட்ரம்ப் நிராகரித்ததையடுத்து அந்தச் சந்திப்பு உடனடியாகத் தோல்வியடைந்தது.",wmt20 sampled official pair with fragment_duplication
mt0922,Tamil,wmt20,en-ta,exact_match,"The two leaders held a brief, impromptu meeting at the Korean border in late June, and agreed to restart talks.",ஜூலை மாத இறுதியில் கொரிய எல்லையில் முன்னேற்பாடின்றி குறைவான நேரம் சந்தித்த இந்த இருதலைவர்களும் பேச்சுவார்த்தைகளை மீண்டும் தொடங்க ஒப்புக்கொண்டனர்.,ஜூலை மாத இறுதியில் கொரிய எல்லையில் முன்னேற்பாடின்றி குறைவான நேரம் சந்தித்த இந்த இருதலைவர்களும் பேச்சுவார்த்தைகளை மீண்டும் தொடங்க ஒப்புக்கொண்டனர்.,wmt20 sampled official pair with exact_match
mt0923,Tamil,wmt20,en-ta,punctuation_drop,"Indian Military Training Team Chopper Crashes In Bhutan, 2 Dead","இந்திய ராணுவத்தின் பயிற்சி ஹெலிகாப்டர் பூடானில் விழுந்து நொறுங்கியது, 2 பேர் பலி",இந்திய ராணுவத்தின் பயிற்சி ஹெலிகாப்டர் பூடானில் விழுந்து நொறுங்கியது 2 பேர் பலி,wmt20 sampled official pair with punctuation_drop
mt0924,Tamil,wmt20,en-ta,partial_truncation,"The single engine Cheetah helicopter was piloted by an Indian and a Bhutanese Army pilots, the army said, adding there were no survivors.","ஒற்றை என்ஜின் உள்ள சீட்டா ஹெலிகாப்டர் ஒரு இந்திய மற்றும் ஒரு பூடான் ராணுவ விமானிகளால் இயக்கப்பட்டது எனவும், யாரும் உயிர் பிழைக்கவில்லை எனவும் ராணுவம் கூறியது.","ஒற்றை என்ஜின் உள்ள சீட்டா ஹெலிகாப்டர் ஒரு இந்திய மற்றும் ஒரு பூடான் ராணுவ விமானிகளால் இயக்கப்பட்டது எனவும், யாரும்",wmt20 sampled official pair with partial_truncation
mt0925,Tamil,wmt20,en-ta,middle_deletion,"They were promised this was a once-in-a-generation thing and I think we should stick with that.""","இது வாழ்நாளில் ஒரு முறை நடக்கும் நிகழ்வு என்று அவர்களுக்கு உறுதியளிக்கப்பட்டது, அதை நாம் தொடரவேண்டும் என நான் கருதுகிறேன்.”","இது வாழ்நாளில் ஒரு முறை நடக்கும் நிகழ்வு என்று உறுதியளிக்கப்பட்டது, அதை நாம் தொடரவேண்டும் என நான் கருதுகிறேன்.”",wmt20 sampled official pair with middle_deletion
mt0926,Tamil,wmt20,en-ta,local_reordering,Government will render all the necessary support to give the late former president a fitting burial as led by the family.,மறைந்த முன்னாள் அதிபரின் குடும்பத்தினர் தலைமையில் அவர் சிறப்பான முறையில் புதைக்கப்படத் தேவையான அனைத்து ஒத்துழைப்பையும் அரசாங்கம் வழங்கும்.,மறைந்த முன்னாள் அதிபரின் குடும்பத்தினர் தலைமையில் அவர் முறையில் சிறப்பான புதைக்கப்படத் தேவையான அனைத்து ஒத்துழைப்பையும் அரசாங்கம் வழங்கும்.,wmt20 sampled official pair with local_reordering
mt0927,Tamil,wmt20,en-ta,source_leakage,So they flushed money down the drain ... Our members of parliament are going to be demanding accountability.,எனவே பணம் அனைத்தையும் வீணடித்துவிட்டார்கள்… நமது நாடாளுமன்ற உறுப்பினர்கள் பொறுப்பேற்கக் கோரப்போகிறார்கள்.,எனவே பணம் அனைத்தையும் வீணடித்துவிட்டார்கள்… நமது நாடாளுமன்ற உறுப்பினர்கள் பொறுப்பேற்கக் கோரப்போகிறார்கள். So they,wmt20 sampled official pair with source_leakage
mt0928,Tamil,wmt20,en-ta,fragment_duplication,We want to know how much money had gone into that project and how they are going to replace that money.,"அந்தத் திட்டத்துக்கு எவ்வளவு பணம் செலவானது என்று, அதை எவ்வாறு ஈடுகட்டப் போகிறார்கள் என்பதையும் தெரிந்துகொள்ள நாங்கள் விரும்புகிறோம்.","அந்தத் திட்டத்துக்கு எவ்வளவு பணம் செலவானது என்று, அதை எவ்வாறு எவ்வாறு ஈடுகட்டப் போகிறார்கள் என்பதையும் தெரிந்துகொள்ள நாங்கள் விரும்புகிறோம்.",wmt20 sampled official pair with fragment_duplication
mt0929,Tamil,wmt20,en-ta,exact_match,"The late president will be laid to rest Saturday, according to family members.",மறைந்த அதிபர் சனிக்கிழமையனறு புதைக்கப்படுவார் என்று குடும்பத்தினர் கூறுகின்றனர்.,மறைந்த அதிபர் சனிக்கிழமையனறு புதைக்கப்படுவார் என்று குடும்பத்தினர் கூறுகின்றனர்.,wmt20 sampled official pair with exact_match
mt0930,Tamil,wmt20,en-ta,punctuation_drop,The undefeated 28-year-old said the grinding work has him primed to take out Mongolian Amarsanaa Tsogookhuu in Jakarta on October 25.,இந்தக் கடினமான பயிற்சியே மங்கோலிய வீரர் அமர்சனா சோகூகுவை ஜகர்தாவில் அக்டோபர் 25 அன்று எதிர்கொள்வதற்குச் சிறந்த நிலையில் வைத்துள்ளது என்று தோற்கடிக்கப்படாத அந்த 28 வயது கூறினார்.,இந்தக் கடினமான பயிற்சியே மங்கோலிய வீரர் அமர்சனா சோகூகுவை ஜகர்தாவில் அக்டோபர் 25 அன்று எதிர்கொள்வதற்குச் சிறந்த நிலையில் வைத்துள்ளது என்று தோற்கடிக்கப்படாத அந்த 28 வயது கூறினார்,wmt20 sampled official pair with punctuation_drop
mt0931,Tamil,wmt20,en-ta,partial_truncation,"I can't run before a sparring session and then go spar, these guys will run rings around me.","பயிற்சி அமர்விற்கு முன்னாள் ஓடிவிட்டு, அதன் பிறகு பயிற்சி செய்ய என்னால் முடியாது, இவர்கள் இதில் என்னைவிடச் சிறந்தவர்கள்.","பயிற்சி அமர்விற்கு முன்னாள் ஓடிவிட்டு, அதன் பிறகு பயிற்சி செய்ய என்னால் முடியாது,",wmt20 sampled official pair with partial_truncation
mt0932,Tamil,wmt20,en-ta,middle_deletion,"He's going to be strong, but that doesn't hold you too long in this game.","அவர் உறுதியானவராக இருக்கப்போகிறார், ஆனால் இந்தப் போட்டியில் அது உங்களை நீண்ட நேரம் நிலைத்திருக்கச் செய்யாது.","அவர் உறுதியானவராக இருக்கப்போகிறார், ஆனால் இந்தப் போட்டியில் உங்களை நீண்ட நேரம் நிலைத்திருக்கச் செய்யாது.",wmt20 sampled official pair with middle_deletion
mt0933,Tamil,wmt20,en-ta,local_reordering,"In the card's main event, ONE welterweight champion Zebaztian Kadestam will defend his title against Kiamrian Abbasov.","இந்தப் போட்டியில் முக்கிய நிகழ்ச்சியாக, ஒன் வெல்ட்டர் வெயிட் சாம்பியனான செபஸ்டியன் கடேஸ்டாம் தனது பட்டத்தைத் தக்கவைக்க கியம்ரியன் அபாஸோவை எதிர்த்துப் போட்டியிடுவார்.","இந்தப் போட்டியில் முக்கிய நிகழ்ச்சியாக, ஒன் வெல்ட்டர் வெயிட் செபஸ்டியன் சாம்பியனான கடேஸ்டாம் தனது பட்டத்தைத் தக்கவைக்க கியம்ரியன் அபாஸோவை எதிர்த்துப் போட்டியிடுவார்.",wmt20 sampled official pair with local_reordering
mt0934,Tamil,wmt20,en-ta,source_leakage,He then fouled his third and final jump to end his campaign in disappointment.,தனது மூன்றாவது மற்றும் இறுதி முயற்சிகளில் தவறிழைத்த அவர் ஏமாற்றத்துடன் வெளியேறினார்.,தனது மூன்றாவது மற்றும் இறுதி முயற்சிகளில் தவறிழைத்த அவர் ஏமாற்றத்துடன் வெளியேறினார். He then,wmt20 sampled official pair with source_leakage
mt0935,Tamil,wmt20,en-ta,fragment_duplication,"Reporter Tom LoBianco, who covered Pence for The Associated Press and Indianapolis Star, reveals in his new book ""Piety & Power: Mike Pence and the Taking of the White House"" that Karen Pence was very unhappy with the recording.","தி அசோசியேட்டட் பிரஸ் மற்றும் இண்டியானாபோலிஸ் ஸ்டார் ஆகியவற்றுக்காக பென்ஸிடம் பேட்டிகண்ட நிருபர் டாம்பியான்கோ, “பைட்டி & பவர்: மைக் பென்ஸ் அண்டு தி டாக்கிங் ஆஃப் தி ஒயிட் ஹவுஸ்” என்ற தனது புதிய புத்தகத்தில் அந்தப் பதிவு குறித்து மிகவும் அதிருப்தியாக இருந்ததை வெளிப்படுத்துகிறார்.","தி அசோசியேட்டட் பிரஸ் மற்றும் இண்டியானாபோலிஸ் ஸ்டார் ஆகியவற்றுக்காக பென்ஸிடம் பேட்டிகண்ட நிருபர் டாம்பியான்கோ, “பைட்டி & பவர்: மைக் பென்ஸ் அண்டு தி தி டாக்கிங் ஆஃப் தி ஒயிட் ஹவுஸ்” என்ற தனது புதிய புத்தகத்தில் அந்தப் பதிவு குறித்து மிகவும் அதிருப்தியாக இருந்ததை வெளிப்படுத்துகிறார்.",wmt20 sampled official pair with fragment_duplication
mt0936,Tamil,wmt20,en-ta,exact_match,"NYT correspondent Peter Baker muses that Karen Pence wields a lot of influence over her husband, who refuses to meet alone with women unless his wife is present.",தனது மனைவி இல்லாமல் பெண்களைச் சந்திக்க மறுக்கும் அவர் மீது அவர் மனைவி கரேன் பென்ஸ் மிகுந்த தாக்கத்தைக் கொண்டிருப்பதாக நியூயார்க் டைம்ஸ் நிருபர் பீட்டர் பேக்கர் கருதுகிறார்.,தனது மனைவி இல்லாமல் பெண்களைச் சந்திக்க மறுக்கும் அவர் மீது அவர் மனைவி கரேன் பென்ஸ் மிகுந்த தாக்கத்தைக் கொண்டிருப்பதாக நியூயார்க் டைம்ஸ் நிருபர் பீட்டர் பேக்கர் கருதுகிறார்.,wmt20 sampled official pair with exact_match
mt0937,Tamil,wmt20,en-ta,punctuation_drop,Millions of people suffer from MS and there is no known cure.,"லட்சக்கணக்கான மக்கள் எம்எஸ் வியாதியால் பாதிக்கப்பட்டுள்ளார்கள், இதற்கு மருந்து எதுவும் இருப்பதாகத் தெரியவில்லை.",லட்சக்கணக்கான மக்கள் எம்எஸ் வியாதியால் பாதிக்கப்பட்டுள்ளார்கள் இதற்கு மருந்து எதுவும் இருப்பதாகத் தெரியவில்லை,wmt20 sampled official pair with punctuation_drop
mt0938,Tamil,wmt20,en-ta,partial_truncation,"This is where you come in.""",இங்கேதான் நீங்கள் உதவ முடியும்.”,இங்கேதான் நீங்கள் உதவ,wmt20 sampled official pair with partial_truncation
mt0939,Tamil,wmt20,en-ta,middle_deletion,"She added that having Meghan present 'didn't feel hierarchical', as it was 'women gathered together and a talk about the struggles we have, as well as the things we need to do to move forward and grow and change our societies'.","‘பெண்கள் ஒன்றுகூடி எங்களுடைய போராட்டங்கள் குறித்தும், முன்னோக்கிச் சென்று, வளர்ந்து, நமது சமூகங்களை மாற்றுவதற்கு நாம் செய்யவேண்டிய விஷயங்கள் குறித்துப் பேசுவதற்கான ஒன்று’ என்பதால் மேகன் இருப்பது மேலிடத்தைச் சேர்ந்த ஒருவர் இருப்பது போல் உணரவில்லை என அவர் மேலும் கூறினார்.","‘பெண்கள் ஒன்றுகூடி எங்களுடைய போராட்டங்கள் குறித்தும், முன்னோக்கிச் சென்று, வளர்ந்து, நமது சமூகங்களை மாற்றுவதற்கு நாம் செய்யவேண்டிய விஷயங்கள் குறித்துப் ஒன்று’ என்பதால் மேகன் இருப்பது மேலிடத்தைச் சேர்ந்த ஒருவர் இருப்பது போல் உணரவில்லை என அவர் மேலும் கூறினார்.",wmt20 sampled official pair with middle_deletion
mt0940,Tamil,wmt20,en-ta,local_reordering,That you have to be true to who you are.,உங்களுக்கு நீங்கள் உண்மையானவராக இருக்க வேண்டும்.,உங்களுக்கு உண்மையானவராக நீங்கள் இருக்க வேண்டும்.,wmt20 sampled official pair with local_reordering
mt0941,Tamil,wmt20,en-ta,source_leakage,Angola: Minister Stresses Need to Revamp Iron Palace,அங்கோலா: இரும்பு அரண்மனையைப் புதுப்பித்தலின் தேவையை அமைச்சர் வலியுறுத்துகிறார்,அங்கோலா: இரும்பு அரண்மனையைப் புதுப்பித்தலின் தேவையை அமைச்சர் வலியுறுத்துகிறார் Angola: Minister,wmt20 sampled official pair with source_leakage
mt0942,Tamil,wmt20,en-ta,fragment_duplication,"The one floor and three-exhibition rooms infrastructure maintains the originality of the material used, ensuring better quality of the structure.","ஒரு தளம் மற்றும் மூன்று கண்காட்சி அறைகள் உள்ள உள்கட்டமைப்பானது பயன்படுத்தப்பட்ட பொருளின் அசல் தன்மையைப் பராமரித்து, அந்த அமைப்பின் சிறப்பான தரத்தை உறுதிப்படுத்துகிறது.","ஒரு தளம் மற்றும் மூன்று கண்காட்சி அறைகள் உள்ள உள்கட்டமைப்பானது பயன்படுத்தப்பட்ட பொருளின் பொருளின் அசல் தன்மையைப் பராமரித்து, அந்த அமைப்பின் சிறப்பான தரத்தை உறுதிப்படுத்துகிறது.",wmt20 sampled official pair with fragment_duplication
mt0943,Tamil,wmt20,en-ta,exact_match,"Amari Allen, a 12-year-old student at the private K-12 Christian school, said the boys called her dreadlocks ""ugly"" and ""nappy"" before cutting them off on the playground during recess.","தனியார் கே-12 கிறித்துவப் பள்ளியின் மாணவியான 12 வயதான அமேரி ஆலன், அந்த மாணவர்கள் தனது சிகையலங்காரம் “அசிங்கமாகவும்” “அருவருப்பாகவும்” இருப்பதாகக் கூறி இடைவேளையின் போது விளையாட்டு மைதானத்தில் அதை வெட்டியதாகக் கூறினார்.","தனியார் கே-12 கிறித்துவப் பள்ளியின் மாணவியான 12 வயதான அமேரி ஆலன், அந்த மாணவர்கள் தனது சிகையலங்காரம் “அசிங்கமாகவும்” “அருவருப்பாகவும்” இருப்பதாகக் கூறி இடைவேளையின் போது விளையாட்டு மைதானத்தில் அதை வெட்டியதாகக் கூறினார்.",wmt20 sampled official pair with exact_match
mt0944,Tamil,wmt20,en-ta,punctuation_drop,"""They kept laughing and calling me names,"" Amari told CBS affiliate WUSA-TV, tearing up.","“அவர்கள் என்னைப் பார்த்துக் கேலியாகச் சிரித்துக்கொண்டே, பட்டப்பெயர் வைத்து அழைத்தார்கள்,” என்று சிபிஎஸ் இணை நிறுவனமான டபிள்யுயுஎஸ்ஏ (WUSA) தொலைக்காட்சியிடம் கண்ணீருடன் கூறினார்.",“அவர்கள் என்னைப் பார்த்துக் கேலியாகச் சிரித்துக்கொண்டே பட்டப்பெயர் வைத்து அழைத்தார்கள்” என்று சிபிஎஸ் இணை நிறுவனமான டபிள்யுயுஎஸ்ஏ WUSA தொலைக்காட்சியிடம் கண்ணீருடன் கூறினார்,wmt20 sampled official pair with punctuation_drop
mt0945,Tamil,wmt20,en-ta,partial_truncation,"Amari's family met with school officials Thursday, and the investigation is ongoing.","அமேரியின் குடும்பத்தினர் பள்ளி அதிகாரிகளை வியாழனன்று சந்தித்தனர், மேலும், விசாரணையானது நடந்துகொண்டுள்ளது.","அமேரியின் குடும்பத்தினர் பள்ளி அதிகாரிகளை வியாழனன்று சந்தித்தனர், மேலும்,",wmt20 sampled official pair with partial_truncation
mt0946,Tamil,wmt20,en-ta,middle_deletion,"Jacques Chirac, who supported India after it conducted nuclear tests in 1998, died on Thursday at age 86.","1998ஆம் வருடம் இந்தியா அணுச் சோதனை நடத்தியபோது அதற்கு ஆதரவளித்த ஜாக்கஸ் சிராக், வியாழனன்று தனது 86ஆம் வயதில் மறைந்தார்.","1998ஆம் வருடம் இந்தியா அணுச் சோதனை நடத்தியபோது அதற்கு ஜாக்கஸ் சிராக், வியாழனன்று தனது 86ஆம் வயதில் மறைந்தார்.",wmt20 sampled official pair with middle_deletion
mt0947,Tamil,wmt20,en-ta,local_reordering,"A friend of India, he played a decisive role in establishing and building India-France Strategic Partnership,"" Prime Minister Modi tweeted.","இந்தியாவின் நண்பராக, இந்தியா-பிரான்ஸ் நாடுகளுக்கிடையில் முக்கியமான கூட்டுறவை ஏற்படுத்தவும், உருவாக்கவும் அவர் ஒரு முக்கியப்பங்காற்றினார்,” என்று பிரதம மந்திரி ட்விட்டரில் கூறினார்.","இந்தியாவின் நண்பராக, இந்தியா-பிரான்ஸ் நாடுகளுக்கிடையில் முக்கியமான கூட்டுறவை ஏற்படுத்தவும், அவர் உருவாக்கவும் ஒரு முக்கியப்பங்காற்றினார்,” என்று பிரதம மந்திரி ட்விட்டரில் கூறினார்.",wmt20 sampled official pair with local_reordering
mt0948,Tamil,wmt20,en-ta,source_leakage,"Mickey Arthur Says Remarks About Wasim Akram, Misbah-Ul-Haq Were ""Dignified""","வாசிம் அக்ரம், மிஸ்பா-உல்-ஹக் குறித்த கருத்துகள் “கண்ணியமானவை” என மிக்கி ஆர்தர் கூறுகிறார்.","வாசிம் அக்ரம், மிஸ்பா-உல்-ஹக் குறித்த கருத்துகள் “கண்ணியமானவை” என மிக்கி ஆர்தர் கூறுகிறார். Mickey Arthur",wmt20 sampled official pair with source_leakage
mt0949,Tamil,wmt20,en-ta,fragment_duplication,Arthur said he had supported the participation of both Wasim and Misbah on the committee but was disappointed with the decision after placing his trust in them.,"குழுவில் வாசிம் மற்றும் மிஸ்பா ஆகிய இருவரது பங்கேற்புக்கும் அவர் ஆதரவளித்ததாகவும், ஆனால் அவர்கள் மீது நம்பிக்கை வைத்த நிலையில் இந்த முடிவு தனக்கு ஏமாற்றமளிப்பதாகவும், ஆர்தர் கூறினார்.","குழுவில் வாசிம் மற்றும் மிஸ்பா ஆகிய இருவரது பங்கேற்புக்கும் அவர் ஆதரவளித்ததாகவும், ஆனால் அவர்கள் அவர்கள் மீது நம்பிக்கை வைத்த நிலையில் இந்த முடிவு தனக்கு ஏமாற்றமளிப்பதாகவும், ஆர்தர் கூறினார்.",wmt20 sampled official pair with fragment_duplication
mt0950,Tamil,wmt20,en-ta,exact_match,I was disappointed because I loved every second of that job.,இந்தப் பணியின் ஒவ்வொரு நொடியையும் நேசித்துச் செய்ததால் எனக்கு ஏமாற்றமாக உள்ளது.,இந்தப் பணியின் ஒவ்வொரு நொடியையும் நேசித்துச் செய்ததால் எனக்கு ஏமாற்றமாக உள்ளது.,wmt20 sampled official pair with exact_match
mt0951,Tamil,wmt20,en-ta,punctuation_drop,Misbah added that Arthur was entitled to his opinion.,ஆர்தர் தனது கருத்தைக் கூறுவதற்கு உரிமையுள்ளது என மிஸ்பா மேலும் கூறினார்.,ஆர்தர் தனது கருத்தைக் கூறுவதற்கு உரிமையுள்ளது என மிஸ்பா மேலும் கூறினார்,wmt20 sampled official pair with punctuation_drop
mt0952,Tamil,wmt20,en-ta,partial_truncation,When he was done he reportedly sat back on a seat and fell asleep again.,சிறுநீர் கழித்து முடித்தபின் அந்த நபர் திரும்பவும் ஒரு இருக்கைக்கு வந்து மீண்டும் தூங்கியதாகக் கூறப்படுகிறது.,சிறுநீர் கழித்து முடித்தபின் அந்த நபர் திரும்பவும் ஒரு இருக்கைக்கு வந்து,wmt20 sampled official pair with partial_truncation
mt0953,Tamil,wmt20,en-ta,middle_deletion,Facebook users flocked to the post to call out the passenger for his disgusting behaviour.,அந்த நபரின் வெறுக்கத்தக்க நடத்தைக்கு எதிராக முகநூல் பயனர்கள் பலர் குரல் கொடுத்துள்ளனர்.,அந்த நபரின் வெறுக்கத்தக்க நடத்தைக்கு எதிராக பயனர்கள் பலர் குரல் கொடுத்துள்ளனர்.,wmt20 sampled official pair with middle_deletion
mt0954,Tamil,wmt20,en-ta,local_reordering,That is properly disgusting.,இது மிகவும் அருவருப்பானது.,ும் அருவஇது மிகவருப்பானது.,wmt20 sampled official pair with local_reordering
mt0955,Tamil,wmt20,en-ta,source_leakage,He played heads up rugby at times.,சமயங்களில் அவர் சூழ்நிலைக்கேற்றபடி விளையாடினார்.,சமயங்களில் அவர் சூழ்நிலைக்கேற்றபடி விளையாடினார். He played,wmt20 sampled official pair with source_leakage
mt0956,Tamil,wmt20,en-ta,fragment_duplication,He's been out injured.,காயம் காரணமாகவும் வெளியில் இருந்தார்.,காயம் காரணமாகவும் வெளியில் வெளியில் இருந்தார்.,wmt20 sampled official pair with fragment_duplication
mt0957,Tamil,wmt20,en-ta,exact_match,He's been a little bit more inconsistent.,அவரது செயல்பாடு சற்றே நிலையற்று இருந்தது.,அவரது செயல்பாடு சற்றே நிலையற்று இருந்தது.,wmt20 sampled official pair with exact_match
mt0958,Tamil,wmt20,en-ta,punctuation_drop,"The sprinter, who won a gold medal for Scotland at Glasgow 2014 and two for the UK at Rio 2016, will be the show's first registered blind competitor.","ஸ்காட்லாந்துக்காக 2014 கிளாஸ்கோ போட்டிகளில் ஒரு தங்கப் பதக்கத்தையும், ஐக்கிய ராச்சியத்துக்காக 2016 ரியோ போட்டிகளில் இரண்டு பதக்கங்களையும் வென்ற இந்த ஓட்டப்பந்தய வீரர், இந்த நிகழ்ச்சியில் பதிவு செய்யப்பட்ட முதல் பார்வையற்ற வீரராக இருப்பார்.",ஸ்காட்லாந்துக்காக 2014 கிளாஸ்கோ போட்டிகளில் ஒரு தங்கப் பதக்கத்தையும் ஐக்கிய ராச்சியத்துக்காக 2016 ரியோ போட்டிகளில் இரண்டு பதக்கங்களையும் வென்ற இந்த ஓட்டப்பந்தய வீரர் இந்த நிகழ்ச்சியில் பதிவு செய்யப்பட்ட முதல் பார்வையற்ற வீரராக இருப்பார்,wmt20 sampled official pair with punctuation_drop
mt0959,Tamil,wmt20,en-ta,partial_truncation,"Each week twelve celebrities will skate live with their professional partners in a bid to impress both the panel and the viewers, who will ultimately decide who wins the show.","ஒவ்வொரு வாரமும் பன்னிரெண்டு பிரபலங்களும் அவர்களது ஜோடிகளும் நேரடியாக ஸ்கேட்டிங் செய்து வெற்றியாளர்களை இறுதியில் தீர்மானிக்கும் நடுவர் குழு மற்றும் பார்வையாளர்களைக் கவர முயற்சிப்பார்கள்,",ஒவ்வொரு வாரமும் பன்னிரெண்டு பிரபலங்களும் அவர்களது ஜோடிகளும் நேரடியாக ஸ்கேட்டிங் செய்து வெற்றியாளர்களை இறுதியில் தீர்மானிக்கும் நடுவர் குழு,wmt20 sampled official pair with partial_truncation
mt0960,Tamil,wmt20,en-ta,middle_deletion,"There are two sides to this: one citing his violent behaviour in the past, calling to prevent it from happening again, and the other side which believes in the power of change and rehabilitation.","இதை இரண்டு விதமாகவும் கூறலாம்: அவரது ஒன்று கடந்த கால மோசமான நடத்தையைக் குறிப்பிட்டு அது மீண்டும் நடக்காமல் தடுக்க வேண்டும் எனவும், மற்றொரு புறம் மாற்றம் மற்றும் மறுவாழ்வின் சக்தி மீது நம்பிக்கை வைப்பது.","இதை இரண்டு விதமாகவும் கூறலாம்: அவரது ஒன்று கடந்த கால மோசமான நடத்தையைக் குறிப்பிட்டு அது மீண்டும் தடுக்க வேண்டும் எனவும், மற்றொரு புறம் மாற்றம் மற்றும் மறுவாழ்வின் சக்தி மீது நம்பிக்கை வைப்பது.",wmt20 sampled official pair with middle_deletion
mt0961,Tamil,wmt20,en-ta,local_reordering,"First, let's examine the more pessimistic side.","முதலில், அதன் எதிர்மறைப் பக்கத்தை ஆராய்வோம்.","முதலில், எதிர்மறைப் அதன் பக்கத்தை ஆராய்வோம்.",wmt20 sampled official pair with local_reordering
mt0962,Tamil,wmt20,en-ta,source_leakage,"But others, including schizophrenia, remain highly stigmatized.","ஆனால், சிசோபெர்னியா உள்ளிட்ட மற்றவை மிகவும் பாகுபடுத்தப்படுகின்றன.","ஆனால், சிசோபெர்னியா உள்ளிட்ட மற்றவை மிகவும் பாகுபடுத்தப்படுகின்றன. But others,",wmt20 sampled official pair with source_leakage
mt0963,Tamil,wmt20,en-ta,fragment_duplication,"It perpetuates the idea that mentally ill people, those with schizophrenia in particular, cannot ever mesh with society; thus continuing the stigma and perpetuating the idea that they are dangerous criminals.","மனநோய் உடைய மக்கள், குறிப்பாக சிசோபெர்னியா உடையவர்கள் எப்பொழுதும் சமூகத்தோடு கலந்துவிட முடியாது என்ற கருத்தை இது நிலைக்கச்செய்கிறது; இவ்வாறே பாகுபடுத்துவதைத் தொடர்ந்து, அவர்கள் மோசமான குற்றவாளிகள் என்ற கருத்தை நிலைக்கச்செய்கிறது.","மனநோய் உடைய மக்கள், குறிப்பாக சிசோபெர்னியா உடையவர்கள் எப்பொழுதும் சமூகத்தோடு கலந்துவிட முடியாது என்ற கருத்தை கருத்தை இது நிலைக்கச்செய்கிறது; இவ்வாறே பாகுபடுத்துவதைத் தொடர்ந்து, அவர்கள் மோசமான குற்றவாளிகள் என்ற கருத்தை நிலைக்கச்செய்கிறது.",wmt20 sampled official pair with fragment_duplication
mt0964,Tamil,wmt20,en-ta,exact_match,"He was found not criminally responsible by a court of law, so why should he be treated like a prisoner instead of someone who was ill and is now better?","குற்றவியல் ரீதியாக அவரே பொறுப்பானவர் என நீதிமன்றம் கூறாத நிலையில், மனநோய் இருந்து தற்போது மீண்டு வரும் ஒருவராக அவரை நடத்தாமல், கைதிபோல் ஏன் நடத்த வேண்டும்?","குற்றவியல் ரீதியாக அவரே பொறுப்பானவர் என நீதிமன்றம் கூறாத நிலையில், மனநோய் இருந்து தற்போது மீண்டு வரும் ஒருவராக அவரை நடத்தாமல், கைதிபோல் ஏன் நடத்த வேண்டும்?",wmt20 sampled official pair with exact_match
mt0965,Tamil,wmt20,en-ta,punctuation_drop,Mr Clifford - who has written a song to soundtrack a Macmillan video which will follow the school's thank you assembly - said there is never any pressure to beat a previous total.,"பள்ளியின் நன்றிக் கூட்டத்துக்குப் பிறகு தொடரும் மெக்மில்லன் காணொலியின் இசைவடிவத்துக்கு ஒரு பாடலை எழுதியுள்ள திரு க்ளிஃபோர்டு, முந்தைய தொகையைவிட அதிகம் திரட்ட வேண்டும் என்ற அழுத்தம் ஒருபோதும் இல்லை என்று கூறினார்.",பள்ளியின் நன்றிக் கூட்டத்துக்குப் பிறகு தொடரும் மெக்மில்லன் காணொலியின் இசைவடிவத்துக்கு ஒரு பாடலை எழுதியுள்ள திரு க்ளிஃபோர்டு முந்தைய தொகையைவிட அதிகம் திரட்ட வேண்டும் என்ற அழுத்தம் ஒருபோதும் இல்லை என்று கூறினார்,wmt20 sampled official pair with punctuation_drop
mt0966,Tamil,wmt20,en-ta,partial_truncation,"Instead, the school believes the most valuable thing the youths can give is their time.","மாறாக, இளைஞர்கள் தங்களது மதிப்புமிக்க நேரத்தைத் தர இயலும் என்று பள்ளி நம்புகிறது.","மாறாக, இளைஞர்கள் தங்களது மதிப்புமிக்க நேரத்தைத் தர இயலும் என்று",wmt20 sampled official pair with partial_truncation
mt0967,Tamil,wmt20,en-ta,middle_deletion,"By 2025, 38,000 doctors will have retired (45,000 if you include general practitioners), causing a shortage that will be further aggravated by the fact that Italian universities are not able to train enough graduates to supply hospitals with specialists.","2025ஆம் ஆண்டில் 38,000 மருத்துவர்கள் (பொது மருத்துவர்களையும் சேர்த்தால் 45,000) ஓய்வு பெற்றிருப்பார்கள், இதனால் ஏற்படும் பற்றாக்குறையானது, மருத்துவமனைகளுக்குப் போதுமான பட்டதாரிகளுக்குப் பயிற்சி கொடுத்து அனுப்ப இயலாத இத்தாலியப் பல்கலைக்கழகங்களால் மேலும் தீவிரமடையும்.","2025ஆம் ஆண்டில் 38,000 மருத்துவர்கள் (பொது மருத்துவர்களையும் சேர்த்தால் 45,000) ஓய்வு பெற்றிருப்பார்கள், இதனால் ஏற்படும் மருத்துவமனைகளுக்குப் போதுமான பட்டதாரிகளுக்குப் பயிற்சி கொடுத்து அனுப்ப இயலாத இத்தாலியப் பல்கலைக்கழகங்களால் மேலும் தீவிரமடையும்.",wmt20 sampled official pair with middle_deletion
mt0968,Tamil,wmt20,en-ta,local_reordering,"Secretary of State Mike Pompeo, speaking on the sidelines of the U.N. General Assembly on Thursday, said the United States has concluded the Syrian government used chemical weapons in an attack earlier this year.","வியாழனன்று ஐக்கிய நாடுகள் பொதுச்சபை கூட்டத்தையொட்டி வியாழனன்று பேசிய வெளியுறவுத்துறை அமைச்சர் மைக் பாம்பியோ, இந்த வருடத் தொடக்கத்தில் நடைபெற்ற தாக்குதலில் சிரிய அரசாங்கம் இரசாயன ஆயுதங்களைப் பயன்படுத்தியதாக அமெரிக்கா முடிவு செய்துள்ளதாகக் கூறினார்.","வியாழனன்று ஐக்கிய நாடுகள் பொதுச்சபை கூட்டத்தையொட்டி வியாழனன்று பேசிய வெளியுறவுத்துறை அமைச்சர் மைக் பாம்பியோ, வருடத் இந்த தொடக்கத்தில் நடைபெற்ற தாக்குதலில் சிரிய அரசாங்கம் இரசாயன ஆயுதங்களைப் பயன்படுத்தியதாக அமெரிக்கா முடிவு செய்துள்ளதாகக் கூறினார்.",wmt20 sampled official pair with local_reordering
mt0969,Tamil,wmt20,en-ta,source_leakage,"Among the tech company's most significant moves will be merging its ride-hailing app and food-delivery app Uber Eats, and offering users alternative travel information including bikes, scooters, public transportation, and even helicopters in some locations.","தனது ரைடு ஹெய்லிங் செயலி மற்றும் உணவு வழங்கும் செயலியான உபேர் ஈட்ஸ் ஆகியவற்றை ஒன்றிணைப்பது மற்றும் பைக்குகள், ஸ்கூட்டர்கள், பொதுப்போக்குவரத்து மற்றும் சில பகுதிகளில் ஹெலிகாப்டர்களும் உட்பட பயனாளர்களுக்கு மாற்றுப் போக்குவரத்துத் தகவல்களை வழங்குவது இந்த நிறுவனத்தின் மிகவும் குறிப்பிடத்தக்க நடவடிக்கைகளில் உள்ளடங்கும்.","தனது ரைடு ஹெய்லிங் செயலி மற்றும் உணவு வழங்கும் செயலியான உபேர் ஈட்ஸ் ஆகியவற்றை ஒன்றிணைப்பது மற்றும் பைக்குகள், ஸ்கூட்டர்கள், பொதுப்போக்குவரத்து மற்றும் சில பகுதிகளில் ஹெலிகாப்டர்களும் உட்பட பயனாளர்களுக்கு மாற்றுப் போக்குவரத்துத் தகவல்களை வழங்குவது இந்த நிறுவனத்தின் மிகவும் குறிப்பிடத்தக்க நடவடிக்கைகளில் உள்ளடங்கும். Among the",wmt20 sampled official pair with source_leakage
mt0970,Tamil,wmt20,en-ta,fragment_duplication,"""We recognize that becoming an integral part of people's lives comes with real responsibility,"" Uber CEO Dara Khosrowshahi said.","“மக்களின் வாழ்க்கையின் இன்றியமையாத ஒரு பகுதியாவதால் உண்மையிலேயே பொறுப்புணர்வு உண்டாகிறது என்பதை நாங்கள் அறிகிறோம்,” என உபேர் முதன்மை செயல் அலுவலர் தாரா கொஸ்ரவ்ஷாஹி கூறினார்.","“மக்களின் வாழ்க்கையின் இன்றியமையாத ஒரு பகுதியாவதால் உண்மையிலேயே பொறுப்புணர்வு உண்டாகிறது என்பதை நாங்கள் நாங்கள் அறிகிறோம்,” என உபேர் முதன்மை செயல் அலுவலர் தாரா கொஸ்ரவ்ஷாஹி கூறினார்.",wmt20 sampled official pair with fragment_duplication
mt0971,Tamil,wmt20,en-ta,exact_match,"This means cheaper options such as subway and bus schedules may appear at the top of the list, and riders can request notifications when trains or buses they track are delayed.","இதன் பொருள், செலவு குறைவான தெரிவுகளான சுரங்கப்பாதை மற்றும் பேருந்து அட்டவணைகள் அந்தப் பட்டியலின் தொடக்கத்தில் தோன்றும், அவர்கள் கவனித்துவரும் ரயில்கள் அல்லது பேருந்துகள் தாமதமாகும் போது அதற்கான அறிவிப்புகளை அவர்கள் வேண்டலாம்.","இதன் பொருள், செலவு குறைவான தெரிவுகளான சுரங்கப்பாதை மற்றும் பேருந்து அட்டவணைகள் அந்தப் பட்டியலின் தொடக்கத்தில் தோன்றும், அவர்கள் கவனித்துவரும் ரயில்கள் அல்லது பேருந்துகள் தாமதமாகும் போது அதற்கான அறிவிப்புகளை அவர்கள் வேண்டலாம்.",wmt20 sampled official pair with exact_match
mt0972,Tamil,wmt20,en-ta,punctuation_drop,Uber's big changes come as the company struggles to turn a profit months after it went public in May.,மே மாதத்தில் பொது நிறுவனமான பல மாதங்களுக்குப் பிறகு லாபத்தை ஈட்ட இயலாத நிலையில் உபேர் இந்த வாய்ப்புகளை வழங்குகிறது.,மே மாதத்தில் பொது நிறுவனமான பல மாதங்களுக்குப் பிறகு லாபத்தை ஈட்ட இயலாத நிலையில் உபேர் இந்த வாய்ப்புகளை வழங்குகிறது,wmt20 sampled official pair with punctuation_drop
mt0973,Tamil,wmt20,en-ta,partial_truncation,"In August, Uber cut 400 jobs as it attempted to rein in excessive spending and losses.","அதிகப்படியான செலவு மற்றும் நஷ்டத்தைக் கட்டுப்படுத்த, ஆகஸ்ட் மாதத்தில் உபேர் 400 பணியிடங்களைக் குறைத்தது.","அதிகப்படியான செலவு மற்றும் நஷ்டத்தைக் கட்டுப்படுத்த, ஆகஸ்ட் மாதத்தில் உபேர்",wmt20 sampled official pair with partial_truncation
mt0974,Tamil,wmt20,en-ta,middle_deletion,In August the company reported its largest-ever quarterly loss: $5bn in three months.,ஆகஸ்ட் மாதத்தில் இந்த நிறுவனமானது இதுவரையில்லாத அதிகளவு நஷ்டத்தைக் காட்டியது: மூன்று மாதங்களில் $5பில்லியன்,ஆகஸ்ட் மாதத்தில் இந்த நிறுவனமானது இதுவரையில்லாத நஷ்டத்தைக் காட்டியது: மூன்று மாதங்களில் $5பில்லியன்,wmt20 sampled official pair with middle_deletion
mt0975,Tamil,wmt20,en-ta,local_reordering,"In addition to platform integrations and Uber Eats changes, Uber made a number of safety updates to the app.","இயங்குதள ஒருங்கிணைப்புகள் மற்றும் உபேர் ஈட்ஸ் மாற்றங்களுடன், அந்தச் செயலிக்குப் பல பாதுகாப்பு மேற்சேர்க்கைகளை உபேர் மேற்கொண்டுள்ளது.","இயங்குதள ஒருங்கிணைப்புகள் மற்றும் உபேர் ஈட்ஸ் அந்தச் மாற்றங்களுடன், செயலிக்குப் பல பாதுகாப்பு மேற்சேர்க்கைகளை உபேர் மேற்கொண்டுள்ளது.",wmt20 sampled official pair with local_reordering
mt0976,Tamil,wmt20,en-ta,source_leakage,"The victim in the case against Uber alleges that the company failed to ""warn her of the risk its services posed to women.""","உபேர் மீது வழக்குத் தொடுத்துள்ள பாதிக்கப்பட்ட பெண், “தனது சேவைகள் பெண்களுக்கு ஏற்படுத்தும் அபாயங்கள் குறித்துத் தனக்கு எச்சரிக்கத் தவறியதாக” நிறுவனத்தின் மீது குற்றம் சாட்டுகிறார்.","உபேர் மீது வழக்குத் தொடுத்துள்ள பாதிக்கப்பட்ட பெண், “தனது சேவைகள் பெண்களுக்கு ஏற்படுத்தும் அபாயங்கள் குறித்துத் தனக்கு எச்சரிக்கத் தவறியதாக” நிறுவனத்தின் மீது குற்றம் சாட்டுகிறார். The victim",wmt20 sampled official pair with source_leakage
mt0977,Tamil,wmt20,en-ta,fragment_duplication,"Uber also announced an expansion of its Uber Rewards program, which allows customers to redeem points when taking an Uber ride, ordering Uber Eats, or spending with partner restaurants.","வாடிக்கையாளர்கள் உபேர் வாகனத்தில் பயணம் செய்தால், உபேர் ஈட்ஸ் மூலம் ஆர்டர் செய்தால் அல்லது கூட்டாளி உணவகங்களில் செலவு செய்தால் கிடைக்கும் புள்ளிகளைப் பரிசுகளாக மாற்றும் தனது உபேர் வெகுமதி திட்டத்தை விரிவுபடுத்துவதாகவும் உபேர் அறிவித்தது,","வாடிக்கையாளர்கள் உபேர் வாகனத்தில் பயணம் செய்தால், உபேர் ஈட்ஸ் மூலம் ஆர்டர் செய்தால் அல்லது கூட்டாளி உணவகங்களில் செலவு செலவு செய்தால் கிடைக்கும் புள்ளிகளைப் பரிசுகளாக மாற்றும் தனது உபேர் வெகுமதி திட்டத்தை விரிவுபடுத்துவதாகவும் உபேர் அறிவித்தது,",wmt20 sampled official pair with fragment_duplication
mt0978,Tamil,wmt20,en-ta,exact_match,Boris Johnson's tax cuts will cost £26billion a year,போரிஸ் ஜான்சனின் வரிச்சலுகைகளால் வருடத்துக்கு £26 பில்லியன் செலவு ஏற்படும்,போரிஸ் ஜான்சனின் வரிச்சலுகைகளால் வருடத்துக்கு £26 பில்லியன் செலவு ஏற்படும்,wmt20 sampled official pair with exact_match
mt0979,Tamil,wmt20,en-ta,punctuation_drop,"The Prime Minister's proposed tax cuts will cost up to £26billion a year and mainly benefit wealthier households, the UK's leading economic think-tank warns today.","உத்தேசிக்கப்பட்டுள்ள பிரதம மந்திரியின் சலுகைகள் வருடத்துக்கு £26பில்லியன் செலவு ஏற்படுத்துவதுடன், பெரும்பாலும் பணக்காரக் குடும்பங்களுக்கே நன்மை தரும் என்று பிரிட்டனின் முன்னணி பொருளாதாரச் சிந்தனையாளர் இன்று எச்சரிக்கிறார்.",உத்தேசிக்கப்பட்டுள்ள பிரதம மந்திரியின் சலுகைகள் வருடத்துக்கு £26பில்லியன் செலவு ஏற்படுத்துவதுடன் பெரும்பாலும் பணக்காரக் குடும்பங்களுக்கே நன்மை தரும் என்று பிரிட்டனின் முன்னணி பொருளாதாரச் சிந்தனையாளர் இன்று எச்சரிக்கிறார்,wmt20 sampled official pair with punctuation_drop
mt0980,Tamil,wmt20,en-ta,partial_truncation,The number of people paying higher rate tax has more than doubled from 1.6million in 1990 to 3.8million.,1990ம் வருடம் 1.6 மில்லியனாக இருந்த உயர் விகித வரி செலுத்தும் நபர்களின் எண்ணிக்கை இரட்டிப்பாகி 3.8 மில்லியன் ஆகியுள்ளது.,1990ம் வருடம் 1.6 மில்லியனாக இருந்த உயர் விகித வரி செலுத்தும் நபர்களின் எண்ணிக்கை,wmt20 sampled official pair with partial_truncation
mt0981,Tamil,wmt20,en-ta,middle_deletion,"The IFS calculated that every £1,000 rise in the threshold would cost £4billion if they were increased in tandem.","அந்த வரம்பில் ஒவ்வொரு £1,000 அதிகரிப்பும், அவை ஒரே சமயத்தில் அதிகரிக்கப்பட்டால் £4பில்லியன் செலவு ஏற்படுத்தும் என ஐஎஃப்எஸ் (IFS) கணக்கிட்டது.","அந்த வரம்பில் ஒவ்வொரு £1,000 அதிகரிப்பும், அவை ஒரே சமயத்தில் £4பில்லியன் செலவு ஏற்படுத்தும் என ஐஎஃப்எஸ் (IFS) கணக்கிட்டது.",wmt20 sampled official pair with middle_deletion
mt0982,Tamil,wmt20,en-ta,local_reordering,Antonio Brown says he's not quite ready for retirement,ஓய்வு பெறத் தயாரில்லை என ஆண்டனியோ பிரவுன் கூறுகிறார்.,ஓய்வு பெறத் என தயாரில்லை ஆண்டனியோ பிரவுன் கூறுகிறார்.,wmt20 sampled official pair with local_reordering
mt0983,Tamil,wmt20,en-ta,source_leakage,He followed with the suggestion that the game needs him.,இந்த விளையாட்டுக்கு அவர் இன்னும் தேவை என அவர் மேலும் கூறினார்.,இந்த விளையாட்டுக்கு அவர் இன்னும் தேவை என அவர் மேலும் கூறினார். He followed,wmt20 sampled official pair with source_leakage
mt0984,Tamil,wmt20,en-ta,fragment_duplication,Nestle buys some of its coffee beans from NKG.,நெஸ்லே தனது காஃபிக்கொட்டைகளில் சிறிதளவை என்கேஜி (NKG) நிறுவனத்திடமிருந்து வாங்குகிறது.,நெஸ்லே தனது காஃபிக்கொட்டைகளில் சிறிதளவை என்கேஜி என்கேஜி (NKG) நிறுவனத்திடமிருந்து வாங்குகிறது.,wmt20 sampled official pair with fragment_duplication
mt0985,Tamil,wmt20,en-ta,exact_match,"Glyphosate is used on more than 100 food crops, according to the EPA.",100க்கு மேற்பட்ட உணவுப் பயிர்களில் கிளைபோசேட் பயன்படுத்தப்படுகிறது என்று ஈபிஏ (EPA) கூறுகிறது.,100க்கு மேற்பட்ட உணவுப் பயிர்களில் கிளைபோசேட் பயன்படுத்தப்படுகிறது என்று ஈபிஏ (EPA) கூறுகிறது.,wmt20 sampled official pair with exact_match
mt0986,Tamil,wmt20,en-ta,punctuation_drop,"And while he called Somalia ""historic"" example of reform, resilience and commitment to progress and reconstruction, he cautioned that despite tangible progress, the country still faced many challenges, first and foremost those related to security, on which ""everything depends.""","சீர்திருத்தம், நெகிழ்ச்சி மற்றும் முன்னேற்றம் மற்றும் மறுகட்டமைப்புக்கான உறுதிப்பாடு ஆகியவற்றின் “வரலாற்று சிறப்புடைய” எடுத்துக்காட்டு என சோமாலியாவை அவர் குறிப்பிடும் அதே சமயம், தெளிவான முன்னேற்றம் இருந்தாலும், நாடு இன்னும் பல சவால்களை எதிர்கொண்டுள்ளது, முதலாவதும் முக்கியமானதும் பாதுகாப்பு தொடர்பானது, அதையே “அனைத்தும் சார்ந்துள்ளது” என அவர் எச்சரித்தார்.",சீர்திருத்தம் நெகிழ்ச்சி மற்றும் முன்னேற்றம் மற்றும் மறுகட்டமைப்புக்கான உறுதிப்பாடு ஆகியவற்றின் “வரலாற்று சிறப்புடைய” எடுத்துக்காட்டு என சோமாலியாவை அவர் குறிப்பிடும் அதே சமயம் தெளிவான முன்னேற்றம் இருந்தாலும் நாடு இன்னும் பல சவால்களை எதிர்கொண்டுள்ளது முதலாவதும் முக்கியமானதும் பாதுகாப்பு தொடர்பானது அதையே “அனைத்தும் சார்ந்துள்ளது” என அவர் எச்சரித்தார்,wmt20 sampled official pair with punctuation_drop
mt0987,Tamil,wmt20,en-ta,partial_truncation,"Lopez recently wrapped up a tour to celebrate her 50th birthday, and her latest movie, ""Hustlers,"" has been a box-office hit and has even earned her Oscar buzz.","சமீபத்தில் தனது 50வது பிறந்த நாளைக் கொண்டாட லோபஸ் சுற்றுலா பயணம் மேற்கொண்டார், மேலும் அவரது சமீபத்திய திரைப்படம் “ஹஸ்ட்லர்ஸ்” பாக்ஸ் ஆபிஸ் ஹிட் ஆனதுடன் அவருக்கு ஆஸ்கர் விருது கிடைக்கலாம் என்ற பெயரைப் பெற்றுத்தந்தது.","சமீபத்தில் தனது 50வது பிறந்த நாளைக் கொண்டாட லோபஸ் சுற்றுலா பயணம் மேற்கொண்டார், மேலும் அவரது சமீபத்திய திரைப்படம் “ஹஸ்ட்லர்ஸ்” பாக்ஸ் ஆபிஸ் ஹிட் ஆனதுடன் அவருக்கு",wmt20 sampled official pair with partial_truncation
mt0988,Tamil,wmt20,en-ta,middle_deletion,"The singer topped the Hot 100 chart with the Wyclef Jean-assisted anthem ""Hips Don't Lie.""",விக்லெஃப் ஜீன் உதவியில் உருவான “ஹிப்ஸ் டோண்ட் லை” மூலம் இவர் ஹாட் 100 அட்டவணையில் முதலிடம் பெற்றார்.,விக்லெஃப் ஜீன் உதவியில் உருவான “ஹிப்ஸ் டோண்ட் லை” இவர் ஹாட் 100 அட்டவணையில் முதலிடம் பெற்றார்.,wmt20 sampled official pair with middle_deletion
mt0989,Tamil,wmt20,en-ta,local_reordering,The big game and halftime show will air live on Fox and broadcast in 180 countries.,"ஆவலுடன் எதிர்பார்க்கப்படும் இந்தப் போட்டியும், இடைவேளை நிகழ்ச்சியும் ஃபாக்ஸ் தொலைக்காட்சியில் நேரடியாக 180 நாட்களில் ஒளிபரப்பப்படும்.","ஆவலுடன் எதிர்பார்க்கப்படும் இந்தப் போட்டியும், இடைவேளை ஃபாக்ஸ் நிகழ்ச்சியும் தொலைக்காட்சியில் நேரடியாக 180 நாட்களில் ஒளிபரப்பப்படும்.",wmt20 sampled official pair with local_reordering
mt0990,Tamil,wmt20,en-ta,source_leakage,"Assuming that the suspension starts from the issuing of the CHC's findings on Thursday, Devlin will be ruled out of all involvement with the Tyrone squad until early March, well into the 2020 Allianz League campaign.","சிஎச்சி கண்டறிந்தவற்றை வியாழனன்று வழங்குவதில் தடை தொடங்குகிறது என்பதாகக் கருதிக்கொண்டால், மார்ச் மாதத் தொடக்கம் வரை டைரோன் அணியுடன் டெல்வின் எவ்விதமான ஈடுபாட்டையும் கொண்டிருக்க இயலாது, 2020 அலையன்ஸ் லீக் போட்டிகள் வரை.","சிஎச்சி கண்டறிந்தவற்றை வியாழனன்று வழங்குவதில் தடை தொடங்குகிறது என்பதாகக் கருதிக்கொண்டால், மார்ச் மாதத் தொடக்கம் வரை டைரோன் அணியுடன் டெல்வின் எவ்விதமான ஈடுபாட்டையும் கொண்டிருக்க இயலாது, 2020 அலையன்ஸ் லீக் போட்டிகள் வரை. Assuming that",wmt20 sampled official pair with source_leakage
mt0991,Tamil,wmt20,en-ta,fragment_duplication,"That infraction was ""minor physical interference with a referee"" and imposed a 12-week suspension.","அந்த விதிமீறலானது “ஒரு நடுவருடன் குறைந்த அளவிலான உடற் தொடர்பாகும்,” அதற்கு 12 வார தடை விதிக்கப்பட்டது.","அந்த விதிமீறலானது “ஒரு நடுவருடன் குறைந்த அளவிலான உடற் உடற் தொடர்பாகும்,” அதற்கு 12 வார தடை விதிக்கப்பட்டது.",wmt20 sampled official pair with fragment_duplication
mt0992,Tamil,wmt20,en-ta,exact_match,"Like Devlin, Brislane can ask for his case to go before the CAC.",டெல்வின் போலவே தனது வழக்கை சிஏசி முன்பாக எடுத்துச் செல்லவேண்டி பிரிஸ்லேனும் கோரலாம்.,டெல்வின் போலவே தனது வழக்கை சிஏசி முன்பாக எடுத்துச் செல்லவேண்டி பிரிஸ்லேனும் கோரலாம்.,wmt20 sampled official pair with exact_match
mt0993,Tamil,wmt20,en-ta,punctuation_drop,Harker says Fed should 'hold firm' on interest rates,ஃபெட் வட்டி விகிதங்களை ‘நிலையாக வைத்திருக்கவேண்டும்’ என ஹார்க்கர் கூறுகிறார்.,ஃபெட் வட்டி விகிதங்களை ‘நிலையாக வைத்திருக்கவேண்டும்’ என ஹார்க்கர் கூறுகிறார்,wmt20 sampled official pair with punctuation_drop
mt0994,Tamil,wmt20,en-ta,partial_truncation,"Nor do they have implications for the wider economy,"" he said.","பரந்த பொருளாதாரத்துக்குத் தாக்கங்களையும் அவை கொண்டிருக்காது,” என அவர் கூறினார்.","பரந்த பொருளாதாரத்துக்குத் தாக்கங்களையும் அவை கொண்டிருக்காது,” என",wmt20 sampled official pair with partial_truncation
mt0995,Tamil,wmt20,en-ta,middle_deletion,Gamers will compete in Konami's eFootball Pro Evolution Soccer 2020 (PES 20) on the Playstation 4 video game console.,கேம் விளையாடுபவர்கள் கொனாமி-இன் இஃபுட்பால் ப்ரோ எவல்யூஷன் சாக்கர் 2020 (பிஇஎஸ்20) விளையாட்டில் பிளேஸ்டேஷன் 4 வீடியோ கேம் கான்சோலில் போட்டியிடுவார்கள்.,கேம் விளையாடுபவர்கள் கொனாமி-இன் இஃபுட்பால் ப்ரோ எவல்யூஷன் சாக்கர் 2020 விளையாட்டில் பிளேஸ்டேஷன் 4 வீடியோ கேம் கான்சோலில் போட்டியிடுவார்கள்.,wmt20 sampled official pair with middle_deletion
mt0996,Tamil,wmt20,en-ta,local_reordering,"Between November 2019 and January 2020, each national association will nominate their team, with participants being chosen through either a domestic online or physical tournament - unless a national eFootball team already exists.","நவம்பர் 2019 மற்றும் ஜனவரி 2020க்கு இடைப்பட்ட காலத்தில், ஒவ்வொரு தேசிய சம்மேளனமும் தங்களது அணியை அனுப்புவார்கள், தேசிய இ-கால்பந்து அணி ஏற்கனவே இல்லாதவரை, பங்கேற்பாளர்கள் உள்நாட்டு ஆன்லைன் அல்லது நேரடியான போட்டி மூலம் தேர்வு செய்யப்படுவார்கள்.","நவம்பர் 2019 மற்றும் ஜனவரி 2020க்கு இடைப்பட்ட காலத்தில், ஒவ்வொரு தேசிய சம்மேளனமும் தங்களது அணியை தேசிய அனுப்புவார்கள், இ-கால்பந்து அணி ஏற்கனவே இல்லாதவரை, பங்கேற்பாளர்கள் உள்நாட்டு ஆன்லைன் அல்லது நேரடியான போட்டி மூலம் தேர்வு செய்யப்படுவார்கள்.",wmt20 sampled official pair with local_reordering
mt0997,Tamil,wmt20,en-ta,source_leakage,"""I would love to have a President that wants to work with us on solutions to the challenges we face, whether that be with our infrastructure, our need for more housing, or helping people exit homelessness.""Eric Schaeffer, director of the Environmental Integrity Project and a former top enforcement official at EPA, said the agency's current focus on homeless encampments is misdirected when it ""has done so little to enforce illegal discharges from much larger sources across the US.""","“நமது உள்கட்டமைப்பு, நமது மேலதிக வீட்டுவசதித் தேவை அல்லது மக்கள் வீடற்று இல்லாதிருப்பது என எதுவாக இருப்பினும் நாங்கள் எதிர்கொள்ளும் சவால்களுக்கான தீர்வுகள் குறித்து எங்களுடன் இணைந்து பணியாற்ற விரும்பும் அதிபர் வேண்டுமென நான் விரும்புகிறேன்.” சுற்றுச்சூழல் ஒருமைப்பாட்டுத் திட்டதின் இயக்குனரும், ஈபிஏ-இல் உள்ள முன்னாள் தலைமை அமுலாக்க அதிகாரியுமான எரிக் ஷேஃபெர், “அமெரிக்கா முழுவதிலும் உள்ள மிகப்பெரிய ஆதாரங்களிலிருந்து சட்டவிரோத வெளியேற்றலைக் கட்டுப்படுத்த அதிகம் செய்ய இயலாத நிலையில்,” வீடற்றவர்களுக்கான முகாம்களின் மீதான தற்போதைய கவனம் தவறாக வழிநடத்தப்பட்டுள்ளதாகக் கூறினார்.","“நமது உள்கட்டமைப்பு, நமது மேலதிக வீட்டுவசதித் தேவை அல்லது மக்கள் வீடற்று இல்லாதிருப்பது என எதுவாக இருப்பினும் நாங்கள் எதிர்கொள்ளும் சவால்களுக்கான தீர்வுகள் குறித்து எங்களுடன் இணைந்து பணியாற்ற விரும்பும் அதிபர் வேண்டுமென நான் விரும்புகிறேன்.” சுற்றுச்சூழல் ஒருமைப்பாட்டுத் திட்டதின் இயக்குனரும், ஈபிஏ-இல் உள்ள முன்னாள் தலைமை அமுலாக்க அதிகாரியுமான எரிக் ஷேஃபெர், “அமெரிக்கா முழுவதிலும் உள்ள மிகப்பெரிய ஆதாரங்களிலிருந்து சட்டவிரோத வெளியேற்றலைக் கட்டுப்படுத்த அதிகம் செய்ய இயலாத நிலையில்,” வீடற்றவர்களுக்கான முகாம்களின் மீதான தற்போதைய கவனம் தவறாக வழிநடத்தப்பட்டுள்ளதாகக் கூறினார். ""I would",wmt20 sampled official pair with source_leakage
mt0998,Tamil,wmt20,en-ta,fragment_duplication,"Earlier this week, Newsom said at a United Nations Climate Summit that he was ""humiliated"" by Trump's environmental record.","முன்னதாக இந்த வாரத்தில், ஐக்கிய நாடுகள் சபையில் சுற்றுச்சூழல் உச்சி மாநாட்டில், ட்ரம்பின் சுற்றுச்சூழல் சாதனையால் அவர் “அவமானப்படுத்தப்பட்டதாக” நியூசன் கூறினார்.","முன்னதாக இந்த வாரத்தில், ஐக்கிய நாடுகள் சபையில் சுற்றுச்சூழல் உச்சி மாநாட்டில், மாநாட்டில், ட்ரம்பின் சுற்றுச்சூழல் சாதனையால் அவர் “அவமானப்படுத்தப்பட்டதாக” நியூசன் கூறினார்.",wmt20 sampled official pair with fragment_duplication
mt0999,Tamil,wmt20,en-ta,exact_match,"During a fundraising trip last week in California, Trump had threatened to have the federal government step in to ""clean up"" the homeless problem there and said floated the idea of the EPA going after San Francisco for allowing drainage from homeless encampments into the Pacific ocean.","கடந்த வாரத்தில் கலிபோர்னியாவில் நிதிதிரட்டும் பயணம் ஒன்றின் போது, அங்கு வீடற்ற பிரச்சினையை “சரி செய்ய” மாகாண அரசாங்கம் தலையிடும் என அச்சுறுத்தியிருந்தார், மேலும் சான்பிரான்சிஸ்கோ வீடற்றவர்களின் முகாமிலிருந்து கழிவுநீரை பசிபிக் சமுத்திரத்திற்குள் விடாமல் ஈபிஏ தடுத்து நிறுத்த வேண்டும் என்று யோசனையை முன்வைத்தார்.","கடந்த வாரத்தில் கலிபோர்னியாவில் நிதிதிரட்டும் பயணம் ஒன்றின் போது, அங்கு வீடற்ற பிரச்சினையை “சரி செய்ய” மாகாண அரசாங்கம் தலையிடும் என அச்சுறுத்தியிருந்தார், மேலும் சான்பிரான்சிஸ்கோ வீடற்றவர்களின் முகாமிலிருந்து கழிவுநீரை பசிபிக் சமுத்திரத்திற்குள் விடாமல் ஈபிஏ தடுத்து நிறுத்த வேண்டும் என்று யோசனையை முன்வைத்தார்.",wmt20 sampled official pair with exact_match
mt1000,Tamil,wmt20,en-ta,punctuation_drop,"Last week, Trump revoked California's decades-old authority to set its own emissions standards for automobiles, prompting a lawsuit days later by California Attorney General Xavier Becerra, who has sued the administration over 60 times on various issues.","சென்ற வாரம் தனது சுயமான வெளியேற்றல் தரநிலைகளை நிர்ணயித்துக்கொள்ளும் நூற்றாண்டுகள் வயதான கலிபோர்னியாவின் அதிகாரத்தை ட்ரம்ப் ரத்து செய்தார், இதனால் கலிபோர்னியாவின் அட்டர்னி ஜெனரல் சேவிய பெகெரா, சில நாட்கள் கழித்து வழக்கு ஒன்றைத் தொடுத்தார், அவர் பல்வேறு பிரச்சினைகளுக்காக நிர்வாகத்தின் மீது 60க்கும் மேற்பட்ட முறைகள் வழக்கு தொடர்ந்துள்ளார்.",சென்ற வாரம் தனது சுயமான வெளியேற்றல் தரநிலைகளை நிர்ணயித்துக்கொள்ளும் நூற்றாண்டுகள் வயதான கலிபோர்னியாவின் அதிகாரத்தை ட்ரம்ப் ரத்து செய்தார் இதனால் கலிபோர்னியாவின் அட்டர்னி ஜெனரல் சேவிய பெகெரா சில நாட்கள் கழித்து வழக்கு ஒன்றைத் தொடுத்தார் அவர் பல்வேறு பிரச்சினைகளுக்காக நிர்வாகத்தின் மீது 60க்கும் மேற்பட்ட முறைகள் வழக்கு தொடர்ந்துள்ளார்,wmt20 sampled official pair with punctuation_drop
